mes,arquivo_local,arquivo_fonte,url,sha256,bytes,data_download
2014-01,dados/bruto/pdf/2014-01.pdf,3_2014_01_2.pdf,https://www.fenabrave.org.br/portal/files/3_2014_01_2.pdf,ada9838660cd950229054f725b247d1ad65cbcc03fc6f396f4070a78bf770a39,4642954,2026-09-12T00:50:42+00:00
2014-02,dados/bruto/pdf/2014-02.pdf,5_2014_02_2.pdf,https://www.fenabrave.org.br/portal/files/5_2014_02_2.pdf,73676460f561df50e8e6081556787b108894da248ed19e3d7fdd4ccd440043fc,4649010,2026-09-12T00:50:51+00:00
2014-03,dados/bruto/pdf/2014-03.pdf,4_2014_03_2.pdf,https://www.fenabrave.org.br/portal/files/4_2014_03_2.pdf,5f0b57a2d37da7e3800aa36edd846c7923db5580416410b8163ffdbaadc22862,4619629,2026-09-12T00:51:01+00:00
2014-04,dados/bruto/pdf/2014-04.pdf,3_2014_04_2.pdf,https://www.fenabrave.org.br/portal/files/3_2014_04_2.pdf,b5b381737c96bba2a122b44d01c9d9a4e53a58719ff9ff15515b2619995cbe07,4641263,2026-09-12T00:51:09+00:00
2014-05,dados/bruto/pdf/2014-05.pdf,3_2014_05_2.pdf,https://www.fenabrave.org.br/portal/files/3_2014_05_2.pdf,2dadc3493e90514bff50f8d616f3c722765c0a1c9d4aae1720eef77b6cc4e20d,4652680,2026-09-12T00:51:17+00:00
2014-06,dados/bruto/pdf/2014-06.pdf,4_2014_06_2.pdf,https://www.fenabrave.org.br/portal/files/4_2014_06_2.pdf,da90226b17f8347a0c81cc64fdef17fb2b849c852b2acd6dd970475f96c80e27,4664757,2026-09-12T00:51:24+00:00
2014-07,dados/bruto/pdf/2014-07.pdf,4_2014_07_2.pdf,https://www.fenabrave.org.br/portal/files/4_2014_07_2.pdf,a7e733f45d9477cdc55f033bdba9b149172ccf6cbea277c5348fee8abdaea08a,4669872,2026-09-12T00:51:31+00:00
2014-08,dados/bruto/pdf/2014-08.pdf,3_2014_08_2.pdf,https://www.fenabrave.org.br/portal/files/3_2014_08_2.pdf,6d7a0cf6207050aadd773ba09e46c8ae856b09faa0e199c32d602a7c3fc8e947,4676459,2026-09-12T00:51:38+00:00
2014-09,dados/bruto/pdf/2014-09.pdf,3_2014_09_2.pdf,https://www.fenabrave.org.br/portal/files/3_2014_09_2.pdf,67ba0b2db75be4aac2ab36b89455f530dd817a5ee5b6deb93ddc920d7949c3eb,4681543,2026-09-12T00:51:45+00:00
2014-10,dados/bruto/pdf/2014-10.pdf,5_2014_10_2.pdf,https://www.fenabrave.org.br/portal/files/5_2014_10_2.pdf,8426e4918f75574cd2cf5db51a023f80c84ebee7f469fd3eb350547e986de39b,4673033,2026-09-12T00:51:52+00:00
2014-11,dados/bruto/pdf/2014-11.pdf,3_2014_11_2.pdf,https://www.fenabrave.org.br/portal/files/3_2014_11_2.pdf,347a06fc8f1eb47da34ef1e14ae16a4f7bf3068ccc7c4f9f6334cc1e575e07ff,4699894,2026-09-12T00:51:59+00:00
2014-12,dados/bruto/pdf/2014-12.pdf,4_2014_12_2.pdf,https://www.fenabrave.org.br/portal/files/4_2014_12_2.pdf,f30d8ecc98a83d20fb1c7e92f8566450e14cf3551b0b8de7ce6b4fd011d93d4a,4678237,2026-09-12T00:52:09+00:00
2015-01,dados/bruto/pdf/2015-01.pdf,6_2015_01_2.pdf,https://www.fenabrave.org.br/portal/files/6_2015_01_2.pdf,4d1a0c7d28917feea20ed4a78fb8059fee5ac2c67f6bb925eff6c5684b5c1679,4628008,2026-09-12T00:52:16+00:00
2015-02,dados/bruto/pdf/2015-02.pdf,5_2015_02_2.pdf,https://www.fenabrave.org.br/portal/files/5_2015_02_2.pdf,13c6eee7934ee4c9988d9717e3d5a5d81a1dd78c0eeb728ef0b7cc9f2d92ebe0,4636503,2026-09-12T00:52:24+00:00
2015-03,dados/bruto/pdf/2015-03.pdf,4_2015_03_2.pdf,https://www.fenabrave.org.br/portal/files/4_2015_03_2.pdf,dda9e12cbb42364afe45a258f1afaf2d81a2ab03369486de615a164cf6b4aa9c,4668265,2026-09-12T00:52:32+00:00
2015-04,dados/bruto/pdf/2015-04.pdf,4_2015_04_2.pdf,https://www.fenabrave.org.br/portal/files/4_2015_04_2.pdf,e50ee22b69387c28c9e83fca09434e1c82a2d4957921baabd26ac1db0229e017,4651584,2026-09-12T00:52:40+00:00
2015-05,dados/bruto/pdf/2015-05.pdf,2015_05_2.pdf,https://www.fenabrave.org.br/portal/files/2015_05_2.pdf,70ecf1981232532838103d5c042dceb1039c8a88f1e88c61b97ebf06321982c3,1778048,2026-09-12T00:52:44+00:00
2015-06,dados/bruto/pdf/2015-06.pdf,2_2015_06_2.pdf,https://www.fenabrave.org.br/portal/files/2_2015_06_2.pdf,4866f98ca4715aae3bff3a18920d8be3293f1b9e8e7adbb10a8bd1aacdfd01ae,1502692,2026-09-12T00:52:49+00:00
2015-07,dados/bruto/pdf/2015-07.pdf,2015_07_2.pdf,https://www.fenabrave.org.br/portal/files/2015_07_2.pdf,0a8ceeca94ffe986cb94ab0e949b1518eecd8c6e37767cfcedb9506a74bdc47b,1492562,2026-09-12T00:52:54+00:00
2015-08,dados/bruto/pdf/2015-08.pdf,2015_08_2.pdf,https://www.fenabrave.org.br/portal/files/2015_08_2.pdf,3014ef499077eba7043df160269b56d92f7eb12bc4c948543150fa70befaf119,4616240,2026-09-12T00:53:01+00:00
2015-09,dados/bruto/pdf/2015-09.pdf,2015_09_2.pdf,https://www.fenabrave.org.br/portal/files/2015_09_2.pdf,44f2cbbd0ee6d385b4cf380c4578dcbdd509868d5e7d181741be04ba2f0fa2f0,4639110,2026-09-12T00:53:12+00:00
2015-10,dados/bruto/pdf/2015-10.pdf,2015_10_2.pdf,https://www.fenabrave.org.br/portal/files/2015_10_2.pdf,cf40a6747b8bfe3b503429400930a8a12a6203f15d399397d97d4b2282ec5cda,1441029,2026-09-12T00:53:16+00:00
2015-11,dados/bruto/pdf/2015-11.pdf,2015_11_2.pdf,https://www.fenabrave.org.br/portal/files/2015_11_2.pdf,46047583393fd1a4d8adda51cb56e789c62ef7f51c56c69eb57e2770081a0852,1334224,2026-09-12T00:53:20+00:00
2015-12,dados/bruto/pdf/2015-12.pdf,2_2015_12_2.pdf,https://www.fenabrave.org.br/portal/files/2_2015_12_2.pdf,e01ba1cee2ac835f050ffe9841f8993b208bb41b5b9ab2516cf5691ba087fbd9,1329708,2026-09-12T00:53:25+00:00
2016-01,dados/bruto/pdf/2016-01.pdf,2016_01_2.pdf,https://www.fenabrave.org.br/portal/files/2016_01_2.pdf,3fcc8ab8669cb5874626e870953081ffc7257dd1c686cee0b019b85309fb90f3,1284605,2026-09-12T00:53:29+00:00
2016-02,dados/bruto/pdf/2016-02.pdf,2016_02_2.pdf,https://www.fenabrave.org.br/portal/files/2016_02_2.pdf,f1d4cdd04065bb65bfb49f5460cb82f788eed2474326a99ca50c95c9e00c6236,1255556,2026-09-12T00:53:33+00:00
2016-03,dados/bruto/pdf/2016-03.pdf,2016_03_2.pdf,https://www.fenabrave.org.br/portal/files/2016_03_2.pdf,713804d04163b48c19c6da2cb494ef2e39460f22f2aaad46465ab9d3a4eedc0b,1347182,2026-09-12T00:53:37+00:00
2016-04,dados/bruto/pdf/2016-04.pdf,2016_04_2.pdf,https://www.fenabrave.org.br/portal/files/2016_04_2.pdf,c14c9022e8678bb54430d9cfeb806ec0e0f5555c367a28c275ffc0cdbc0f7ed3,1343201,2026-09-12T00:53:42+00:00
2016-05,dados/bruto/pdf/2016-05.pdf,2016_05_2.pdf,https://www.fenabrave.org.br/portal/files/2016_05_2.pdf,3ed19ca14aa0e9dcdf7c8cb1db96ae25f06e2e4d635a0d4f76e0bf29f4bbb9a4,1357250,2026-09-12T00:53:47+00:00
2016-06,dados/bruto/pdf/2016-06.pdf,2016_06_2.pdf,https://www.fenabrave.org.br/portal/files/2016_06_2.pdf,8c51405068aee903c88b3833d02b71e77e7e83c557dacfe7f55f82e19a356415,1348570,2026-09-12T00:53:51+00:00
2016-07,dados/bruto/pdf/2016-07.pdf,2016_07_2.pdf,https://www.fenabrave.org.br/portal/files/2016_07_2.pdf,3b4817db4b1283b3377162dcc2c8232195e5558b543fb7009fc4eb27e1713b2c,1350380,2026-09-12T00:53:55+00:00
2016-08,dados/bruto/pdf/2016-08.pdf,2016_08_2.pdf,https://www.fenabrave.org.br/portal/files/2016_08_2.pdf,37b3d9d811932725e3567e3b65275b3ab23dc9d14d05a3234aca2d942880ea75,1360018,2026-09-12T00:54:00+00:00
2016-09,dados/bruto/pdf/2016-09.pdf,2_2016_09_2.pdf,https://www.fenabrave.org.br/portal/files/2_2016_09_2.pdf,d8e5aa0780a40b12db90e5081484d44eb1ba79ecb7642ca6baeea7baca7ca8b7,1365400,2026-09-12T00:54:04+00:00
2016-10,dados/bruto/pdf/2016-10.pdf,2016_10_2.pdf,https://www.fenabrave.org.br/portal/files/2016_10_2.pdf,55f9dc499e77868157d2045c69795ac289632b12a18b3fdc7c0afd74f4e8eb64,1357570,2026-09-12T00:54:08+00:00
2016-11,dados/bruto/pdf/2016-11.pdf,2_2016_11_2.pdf,https://www.fenabrave.org.br/portal/files/2_2016_11_2.pdf,f140de13a9c82c392c0e5c6e397c93c74ea955ef533e75ba36a9c18bfbf258ce,2225751,2026-09-12T00:54:14+00:00
2016-12,dados/bruto/pdf/2016-12.pdf,2_2016_12_2.pdf,https://www.fenabrave.org.br/portal/files/2_2016_12_2.pdf,f400dde8c1c073404e33700f1607bb364c1b65003b701ab6b50ae31f75e73147,1373266,2026-09-12T00:54:19+00:00
2017-01,dados/bruto/pdf/2017-01.pdf,3_2017_01_2.pdf,https://www.fenabrave.org.br/portal/files/3_2017_01_2.pdf,0fd942f98ca36fec8860f1a7ba1de192c6a82266939a3fc8649f1e1af9e1681f,1326577,2026-09-12T00:54:23+00:00
2017-02,dados/bruto/pdf/2017-02.pdf,2017_02_2.pdf,https://www.fenabrave.org.br/portal/files/2017_02_2.pdf,56a03510e4bc39b719f9528b45e33d0189ad6ebe20b58081e57f404960636bd6,1356056,2026-09-12T00:54:27+00:00
2017-03,dados/bruto/pdf/2017-03.pdf,2017_03_2.pdf,https://www.fenabrave.org.br/portal/files/2017_03_2.pdf,e1a65ddd582d942a3264850476b29b778afcd1a5f2437947868c7ff93218b090,1342607,2026-09-12T00:54:31+00:00
2017-04,dados/bruto/pdf/2017-04.pdf,2017_04_2.pdf,https://www.fenabrave.org.br/portal/files/2017_04_2.pdf,26cf6014227f7629f4d237f45056cbffb793bf78ce7510a244d93c0b23d1c5c0,961246,2026-09-12T00:54:35+00:00
2017-05,dados/bruto/pdf/2017-05.pdf,2_2017_05_2.pdf,https://www.fenabrave.org.br/portal/files/2_2017_05_2.pdf,71dc238427251ca3a5c57aceed63f223680e64cf4e467230e2dd70017c43c368,1014935,2026-09-12T00:54:39+00:00
2017-06,dados/bruto/pdf/2017-06.pdf,2017_06_2.pdf,https://www.fenabrave.org.br/portal/files/2017_06_2.pdf,836daf8384136651df00a5ad5359da1c5144a1600db7a2337a8c3b81100e6cff,1054698,2026-09-12T00:54:43+00:00
2017-07,dados/bruto/pdf/2017-07.pdf,2017_07_2.pdf,https://www.fenabrave.org.br/portal/files/2017_07_2.pdf,e84abebf1e00230ae76b0128766dc8bb31b2f9dccf3188dc65ef8f4a86edd3b3,1053522,2026-09-12T00:54:46+00:00
2017-08,dados/bruto/pdf/2017-08.pdf,2017_08_2.pdf,https://www.fenabrave.org.br/portal/files/2017_08_2.pdf,ffda1a32fb88fe2507a89c924870e56c70a15f2c99f2ecbe5ed90d40d5936d8b,1061641,2026-09-12T00:54:50+00:00
2017-09,dados/bruto/pdf/2017-09.pdf,2017_09_2.pdf,https://www.fenabrave.org.br/portal/files/2017_09_2.pdf,880c50daf1a317bd5e90ef98572ee979626e1ca8b530d5e4d44bb3fdcb4b32a1,1048318,2026-09-12T00:54:54+00:00
2017-10,dados/bruto/pdf/2017-10.pdf,2017_10_2.pdf,https://www.fenabrave.org.br/portal/files/2017_10_2.pdf,e232f1f973db98aeb51d10e864fcc6ada7addb6884057cd52fcd52eefb269131,1059971,2026-09-12T00:54:58+00:00
2017-11,dados/bruto/pdf/2017-11.pdf,2017_11_2.pdf,https://www.fenabrave.org.br/portal/files/2017_11_2.pdf,bf62e3efd8cf05c7856092cb79533e3d80e8ac3a4bd2b70edb40460aa02dd98d,777179,2026-09-12T00:55:02+00:00
2017-12,dados/bruto/pdf/2017-12.pdf,2017_12_2.pdf,https://www.fenabrave.org.br/portal/files/2017_12_2.pdf,fd2b1a23fffe3e58e24c49ca870be4801eba3bc34cbd417a6db480a591957248,777174,2026-09-12T00:55:05+00:00
2018-01,dados/bruto/pdf/2018-01.pdf,2018_01_2.pdf,https://www.fenabrave.org.br/portal/files/2018_01_2.pdf,0e4d56b8445cbf6a54e710bedffc9a4db242c228f57bce16ea70f045522162a2,759510,2026-09-12T00:55:08+00:00
2018-02,dados/bruto/pdf/2018-02.pdf,2018_02_2.pdf,https://www.fenabrave.org.br/portal/files/2018_02_2.pdf,b2f72b632f19c1dd681fb1316fb16c9075a03c90cc413f4f97733f2e314dc910,766910,2026-09-12T00:55:12+00:00
2018-03,dados/bruto/pdf/2018-03.pdf,2018_03_2.pdf,https://www.fenabrave.org.br/portal/files/2018_03_2.pdf,db48bcae6d1890ddcac049a9abd2e91f65a67e293611a0eb3ccf9312e5951e9d,762586,2026-09-12T00:55:15+00:00
2018-04,dados/bruto/pdf/2018-04.pdf,2018_04_2.pdf,https://www.fenabrave.org.br/portal/files/2018_04_2.pdf,71746ba115d53860ef8225a3bb588da32e7b55b5667ce0b27b36142412f2ca1e,762937,2026-09-12T00:55:19+00:00
2018-05,dados/bruto/pdf/2018-05.pdf,2018_05_2.pdf,https://www.fenabrave.org.br/portal/files/2018_05_2.pdf,2b60de0926aa8f5c9fd4adc92c1f26c68a125a5bc7464453e410ff6804275096,9035776,2026-09-12T00:55:30+00:00
2018-06,dados/bruto/pdf/2018-06.pdf,2_2018_06_2.pdf,https://www.fenabrave.org.br/portal/files/2_2018_06_2.pdf,7d313c7f984c28bb47ef79b326ed6e8db862b7775efc60f40e110512833a2f21,7274496,2026-09-12T00:55:40+00:00
2018-07,dados/bruto/pdf/2018-07.pdf,2018_07_2.pdf,https://www.fenabrave.org.br/portal/files/2018_07_2.pdf,a9241e6ec5c3b2c5a76919d2242daf68a325da73c156fa090036b58df7b8a9f2,7270400,2026-09-12T00:55:51+00:00
2018-08,dados/bruto/pdf/2018-08.pdf,2018_08_2.pdf,https://www.fenabrave.org.br/portal/files/2018_08_2.pdf,b3a411ee1f1f624c88e04b009a28fb28ac95d061880ef41c686ec3f998cd5bbc,7292131,2026-09-12T00:56:00+00:00
2018-09,dados/bruto/pdf/2018-09.pdf,2018_09_2.pdf,https://www.fenabrave.org.br/portal/files/2018_09_2.pdf,fb9295545e9ff76f9fa312ccdea7a817e1a9da58587db00164f90d4217ae2232,1083636,2026-09-12T00:56:03+00:00
2018-10,dados/bruto/pdf/2018-10.pdf,2018_10_2.pdf,https://www.fenabrave.org.br/portal/files/2018_10_2.pdf,1c8f6355edc80b72051c2ca7e2cb3be90d393838a368dbee1fde883f2af0113c,7294237,2026-09-12T00:56:13+00:00
2018-11,dados/bruto/pdf/2018-11.pdf,2018_11_2.pdf,https://www.fenabrave.org.br/portal/files/2018_11_2.pdf,5fa6a65112187d539f08847c55d7577b18fcfe328fe9212b2618cde2ac83d2ab,7299132,2026-09-12T00:56:22+00:00
2018-12,dados/bruto/pdf/2018-12.pdf,2018_12_2.pdf,https://www.fenabrave.org.br/portal/files/2018_12_2.pdf,9457d34894980f2bd6617e40715d3eea74eed0e1b6307c58df525ab0d278d5b1,7288575,2026-09-12T00:56:33+00:00
2019-01,dados/bruto/pdf/2019-01.pdf,2019_01_2.pdf,https://www.fenabrave.org.br/portal/files/2019_01_2.pdf,6d2e2fdfb3ca4ec0b753759b9dd833fe222bdd86ef57f5879ea1bbebb59c3d52,7270719,2026-09-12T00:56:45+00:00
2019-02,dados/bruto/pdf/2019-02.pdf,2019_02_2.pdf,https://www.fenabrave.org.br/portal/files/2019_02_2.pdf,f46918a54b31edc4e13b010a8501aeca3d8790bf78be1641bfdd0eda31ad65d3,7282288,2026-09-12T00:56:56+00:00
2019-03,dados/bruto/pdf/2019-03.pdf,2019_03_2.pdf,https://www.fenabrave.org.br/portal/files/2019_03_2.pdf,443e85106d40a26f1f51cb572c43c563d5f8364f7d4625e1ebcdd32ad85e8308,7309176,2026-09-12T00:57:07+00:00
2019-04,dados/bruto/pdf/2019-04.pdf,2019_04_2.pdf,https://www.fenabrave.org.br/portal/files/2019_04_2.pdf,ed22f4e719b38919965af8c26f4c8493f2ba17192c825fd790d426e4282d188f,7330798,2026-09-12T00:57:18+00:00
2019-05,dados/bruto/pdf/2019-05.pdf,2019_05_2.pdf,https://www.fenabrave.org.br/portal/files/2019_05_2.pdf,86f924457b0aad0d05c030774e3925ce45978f6edc97f2c80ee58a2a0423b9db,7331667,2026-09-12T00:57:31+00:00
2019-06,dados/bruto/pdf/2019-06.pdf,2_2019_06_2.pdf,https://www.fenabrave.org.br/portal/files/2_2019_06_2.pdf,d60147ae317d191cb6f87ed239a75f1df8512e3f1ef14a17dfd899c0a438ec73,7332013,2026-09-12T00:57:43+00:00
2019-07,dados/bruto/pdf/2019-07.pdf,2019_07_2.pdf,https://www.fenabrave.org.br/portal/files/2019_07_2.pdf,6205c3e30c3ec8cf24b599d67072ca44469de084ed0fa76ebe4457f52a8fee28,7329935,2026-09-12T00:57:55+00:00
2019-08,dados/bruto/pdf/2019-08.pdf,2019_08_2.pdf,https://www.fenabrave.org.br/portal/files/2019_08_2.pdf,7431e9556d96a472b4e4a1e1a54f2ff4065ea18914f085509e06236f60f219f3,7331607,2026-09-12T00:58:06+00:00
2019-09,dados/bruto/pdf/2019-09.pdf,2019_09_2.pdf,https://www.fenabrave.org.br/portal/files/2019_09_2.pdf,de0af68dd659b39b4d5a39f8213823e745d7e25ffe8355657f65f8ee43ab0406,7335122,2026-09-12T00:58:19+00:00
2019-10,dados/bruto/pdf/2019-10.pdf,2019_10_2.pdf,https://www.fenabrave.org.br/portal/files/2019_10_2.pdf,f05dedeeeba84bb0f563040c82ecf7549bbbb784740082b66e3852ab28b76991,7333660,2026-09-12T00:58:33+00:00
2019-11,dados/bruto/pdf/2019-11.pdf,2019_11_01.pdf,https://www.fenabrave.org.br/portal/files/2019_11_01.pdf,7f2d30e5c387a7d30711f87fe7e4bf2e9f2116467953b7aef1a027b5affdd825,7337406,2026-09-12T00:58:45+00:00
2019-12,dados/bruto/pdf/2019-12.pdf,2019_12_2.pdf,https://www.fenabrave.org.br/portal/files/2019_12_2.pdf,6876607a4ce3c130d48a23908057663b59f366100eae431827117996892d697d,631077,2026-09-12T00:58:48+00:00
2020-01,dados/bruto/pdf/2020-01.pdf,2020_01_2.pdf,https://www.fenabrave.org.br/portal/files/2020_01_2.pdf,2eaa8491d7f9191a30f2014c9dafa97825f53df7f427fbd362de63406f2dd1cf,578414,2026-09-12T00:58:51+00:00
2020-02,dados/bruto/pdf/2020-02.pdf,2020_02_2.pdf,https://www.fenabrave.org.br/portal/files/2020_02_2.pdf,942ae129a7bc2f66a8944f2bf8ceebe91396048cc4eca590adb0d2ea835f0f0a,613484,2026-09-12T00:58:54+00:00
2020-03,dados/bruto/pdf/2020-03.pdf,2020_03_2.pdf,https://www.fenabrave.org.br/portal/files/2020_03_2.pdf,6f30924e996da4eb688e6fcd5c917b1c730aa5bfc8e924aa98e92b5198e6a1bd,7284223,2026-09-12T00:59:05+00:00
2020-04,dados/bruto/pdf/2020-04.pdf,2020_04_2.pdf,https://www.fenabrave.org.br/portal/files/2020_04_2.pdf,79a2ce9d1c198816bed0be63c0f330b3337ec5677d085115675273b018fbacba,1065806,2026-09-12T00:59:09+00:00
2020-05,dados/bruto/pdf/2020-05.pdf,2020_05_2.pdf,https://www.fenabrave.org.br/portal/files/2020_05_2.pdf,d0ee07b80f32eda9f49978c7e34bee062120f788ee483ae4ba1209f5971d03a5,1552116,2026-09-12T00:59:14+00:00
2020-06,dados/bruto/pdf/2020-06.pdf,2020_06_2.pdf,https://www.fenabrave.org.br/portal/files/2020_06_2.pdf,d5f7df81ad93d7d661f0eea875e692078b69a4d0c33cc04d881c9e1bf948b38e,1190331,2026-09-12T00:59:19+00:00
2020-07,dados/bruto/pdf/2020-07.pdf,2020_07_2.pdf,https://www.fenabrave.org.br/portal/files/2020_07_2.pdf,72c97c4e5f7614de62e5bc54743012094aa29ef2168043d5748eafcb0498017c,619277,2026-09-12T00:59:22+00:00
2020-08,dados/bruto/pdf/2020-08.pdf,2020_08_2.pdf,https://www.fenabrave.org.br/portal/files/2020_08_2.pdf,4f58397217070f9cbefff08cba0a80d73dd9a96a75d3f4e144f6394eee494b28,673617,2026-09-12T00:59:25+00:00
2020-09,dados/bruto/pdf/2020-09.pdf,2020_09_2.pdf,https://www.fenabrave.org.br/portal/files/2020_09_2.pdf,1afcb8f4954fe16525a8e6e4f722c73bee74c3d2d5059b49f0acfb45fd7c35ea,1110394,2026-09-12T00:59:29+00:00
2020-10,dados/bruto/pdf/2020-10.pdf,2020_10_2.pdf,https://www.fenabrave.org.br/portal/files/2020_10_2.pdf,7c883ce5b62bc7fd215a6f9be80ac62449fa2f021b287d633e09c2d7e379d219,742645,2026-09-12T00:59:32+00:00
2020-11,dados/bruto/pdf/2020-11.pdf,2020_11_2.pdf,https://www.fenabrave.org.br/portal/files/2020_11_2.pdf,29ea6a6cfdc37d3f2b934b3db8172a32f9f527d3cd13dead64bbbed17a781e4c,743141,2026-09-12T00:59:35+00:00
2020-12,dados/bruto/pdf/2020-12.pdf,2020_12_2.pdf,https://www.fenabrave.org.br/portal/files/2020_12_2.pdf,eab37f9f93481dcbcab10c6f67420a5bc220145cf627e5e6e9beaa2e76a09a6e,1146697,2026-09-12T00:59:40+00:00
2021-01,dados/bruto/pdf/2021-01.pdf,2021_01_2.pdf,https://www.fenabrave.org.br/portal/files/2021_01_2.pdf,d1ab2864517a2fa98d8124ca5baf4c0ddc4e9f62a168f0be00e0af2087336095,559572,2026-09-12T00:59:43+00:00
2021-02,dados/bruto/pdf/2021-02.pdf,2021_02_2.pdf,https://www.fenabrave.org.br/portal/files/2021_02_2.pdf,732095f9bf8d3139e030a834887d286ed6a3dd8d3ea2dda79f29a67637d7f16c,589025,2026-09-12T00:59:46+00:00
2021-03,dados/bruto/pdf/2021-03.pdf,2021_03_2.pdf,https://www.fenabrave.org.br/portal/files/2021_03_2.pdf,15fd22f671f1d806e823adc567c0f4ef67e87bf33a456e46b2225237019ef873,3564870,2026-09-12T00:59:55+00:00
2021-04,dados/bruto/pdf/2021-04.pdf,2021_04_2.pdf,https://www.fenabrave.org.br/portal/files/2021_04_2.pdf,ac731504cc56a9e9dc6836bc92a36ef16c4f52f13ecff5206d83ba923d08cee0,770019,2026-09-12T00:59:58+00:00
2021-05,dados/bruto/pdf/2021-05.pdf,2021_05_2.pdf,https://www.fenabrave.org.br/portal/files/2021_05_2.pdf,60e8c92053aef9f1e44a357d3ebe41aae26264b341340a7d8f63b3e9f2dac61c,841653,2026-09-12T01:00:01+00:00
2021-06,dados/bruto/pdf/2021-06.pdf,2021_06_2.pdf,https://www.fenabrave.org.br/portal/files/2021_06_2.pdf,59c53685aa054982209c0c1ef2a819064a827737cf17aabb75d033d489632b53,11680850,2026-09-12T01:00:18+00:00
2021-07,dados/bruto/pdf/2021-07.pdf,2021_07_2.pdf,https://www.fenabrave.org.br/portal/files/2021_07_2.pdf,47fbf19a14560b66329d508887dc85bb3ee8c8bfb5b45b0416dc9b792d96ae11,700784,2026-09-12T01:00:20+00:00
2021-08,dados/bruto/pdf/2021-08.pdf,2021_08_2.pdf,https://www.fenabrave.org.br/portal/files/2021_08_2.pdf,5b2442475136a0882a2fba7366cec02410024ce7ec9ff8efb331089c55b2a96b,827654,2026-09-12T01:00:24+00:00
2021-09,dados/bruto/pdf/2021-09.pdf,2021_09_2.pdf,https://www.fenabrave.org.br/portal/files/2021_09_2.pdf,16c67256ee341309ef09acbfacca67c0caa1da4ff3753fd094092b2d9d63f036,827795,2026-09-12T01:00:27+00:00
2021-10,dados/bruto/pdf/2021-10.pdf,2021_10_2.pdf,https://www.fenabrave.org.br/portal/files/2021_10_2.pdf,e58ede3704bb23a0a32ff965fecf2d846a260dd100b628af53617d6d0339d8b0,829061,2026-09-12T01:00:30+00:00
2021-11,dados/bruto/pdf/2021-11.pdf,2021_11_2.pdf,https://www.fenabrave.org.br/portal/files/2021_11_2.pdf,c76921e8b59a8d0638c66c9a7756c097bb22c6c79d4cad725e538f5222b36b69,2859290,2026-09-12T01:00:38+00:00
2021-12,dados/bruto/pdf/2021-12.pdf,2021_12_2.pdf,https://www.fenabrave.org.br/portal/files/2021_12_2.pdf,4e4efd3050cc61ab092e2a13d6ec4ac46ef7589a44e75d0603b40e3465334451,2793936,2026-09-12T01:00:45+00:00
2022-01,dados/bruto/pdf/2022-01.pdf,2022_01_2.pdf,https://www.fenabrave.org.br/portal/files/2022_01_2.pdf,b7234b6fd433e4033649376888c161bf2ef535982e1c483c39efc214db22a081,4540507,2026-09-12T01:00:56+00:00
2022-02,dados/bruto/pdf/2022-02.pdf,2022_02_2.pdf,https://www.fenabrave.org.br/portal/files/2022_02_2.pdf,a3f3d98ce107ebde1b2ffd6a535fdf4cc19c8b5b04a98bd9157bcba3be368eab,2827171,2026-09-12T01:01:04+00:00
2022-03,dados/bruto/pdf/2022-03.pdf,2022_03_2.pdf,https://www.fenabrave.org.br/portal/files/2022_03_2.pdf,14e08f9212574fc1156b34dfe186d988304ea705a0ca12a4340b3aaf5ddacf93,2821560,2026-09-12T01:01:12+00:00
2022-04,dados/bruto/pdf/2022-04.pdf,2022_04_2.pdf,https://www.fenabrave.org.br/portal/files/2022_04_2.pdf,1c231a9ffc0feffd8c84c8c2f907dfe06bda4ca1112aff34a5041b63ed8d5a03,2843144,2026-09-12T01:01:18+00:00
2022-05,dados/bruto/pdf/2022-05.pdf,2022_05_2.pdf,https://www.fenabrave.org.br/portal/files/2022_05_2.pdf,b2aafc2c884b55589a2e108e2ae4d3deb3e9e0ea6c2bfb182bd78faa7f30edd2,2845374,2026-09-12T01:01:26+00:00
2022-06,dados/bruto/pdf/2022-06.pdf,2022_06_2.pdf,https://www.fenabrave.org.br/portal/files/2022_06_2.pdf,913c8e3b4c8116b8373110d3409c5718f21baa17b54d5850dfdeeb69f0f0c445,2842663,2026-09-12T01:01:34+00:00
2022-07,dados/bruto/pdf/2022-07.pdf,2022_07_2.pdf,https://www.fenabrave.org.br/portal/files/2022_07_2.pdf,58f62c55e5bb45216da79e437e92d88f9846da904740e5136d77569ded1ff128,2800987,2026-09-12T01:01:40+00:00
2022-08,dados/bruto/pdf/2022-08.pdf,2022_08_2.pdf,https://www.fenabrave.org.br/portal/files/2022_08_2.pdf,a2420891faf46651cf813e4e8c165281deceb37bfda95a56b1ba4ebf4e250bdc,2956209,2026-09-12T01:01:47+00:00
2022-09,dados/bruto/pdf/2022-09.pdf,2022_09_2.pdf,https://www.fenabrave.org.br/portal/files/2022_09_2.pdf,5625926a3b35562866acb19985a6ae304b513dcf74175ba5af46c487b44c4099,2931495,2026-09-12T01:01:54+00:00
2022-10,dados/bruto/pdf/2022-10.pdf,2022_10_2.pdf,https://www.fenabrave.org.br/portal/files/2022_10_2.pdf,db5aa2546e26ced669ae8f11fc55574a0d66de7a192b1037adc431828722c7eb,2892617,2026-09-12T01:02:01+00:00
2022-11,dados/bruto/pdf/2022-11.pdf,2022_11_2.pdf,https://www.fenabrave.org.br/portal/files/2022_11_2.pdf,ad889f4e710b55bf9449dce2630f8147eebd96532c2273b7fd31517775d8614a,2836107,2026-09-12T01:02:07+00:00
2022-12,dados/bruto/pdf/2022-12.pdf,2022_12_2.pdf,https://www.fenabrave.org.br/portal/files/2022_12_2.pdf,45e84563339ca62e1c9b9106542f0f5e7e1a445b931d34effffb1006306946d0,2807236,2026-09-12T01:02:12+00:00
2023-01,dados/bruto/pdf/2023-01.pdf,2023_01_2.pdf,https://www.fenabrave.org.br/portal/files/2023_01_2.pdf,9344dd3c07f70b833f1b608201eba615f02fa2552a23592e49c60b27898216f4,2825183,2026-09-12T01:02:19+00:00
2023-02,dados/bruto/pdf/2023-02.pdf,2023_02_2.pdf,https://www.fenabrave.org.br/portal/files/2023_02_2.pdf,374f98f5a40a3e878ec3a8dd32f74e4ba45fbe0664ebc8e86f1645a6f10d2aba,2811822,2026-09-12T01:02:25+00:00
2023-03,dados/bruto/pdf/2023-03.pdf,2023_02_3.pdf,https://www.fenabrave.org.br/portal/files/2023_02_3.pdf,151d80435ddd64c9d0fdeff37a6a7b36e0334374e5acf977ad82683011bc81c1,2833837,2026-09-12T01:02:33+00:00
2023-04,dados/bruto/pdf/2023-04.pdf,2023_04_2.pdf,https://www.fenabrave.org.br/portal/files/2023_04_2.pdf,ac2a244689a52b1b283fa7e38f019e118d9b9836ff74eec277d2dae9ab33e020,2886279,2026-09-12T01:02:38+00:00
2023-05,dados/bruto/pdf/2023-05.pdf,2023_05_2.pdf,https://www.fenabrave.org.br/portal/files/2023_05_2.pdf,3153b8453bed13d125ac6532fd5528d50ac471af6ee8b7f6e41f08045fa92d44,2976974,2026-09-12T01:02:42+00:00
2023-06,dados/bruto/pdf/2023-06.pdf,2023_06_2.pdf,https://www.fenabrave.org.br/portal/files/2023_06_2.pdf,ce0a721209400bbc841487cf0a79399b693ab0873ff772d7a797754b7eb23d8e,2873273,2026-09-12T01:02:48+00:00
2023-07,dados/bruto/pdf/2023-07.pdf,2023_07_2.pdf,https://www.fenabrave.org.br/portal/files/2023_07_2.pdf,fba7d45b72f6f9155a492885403739e84a1cb6a108e9bf5e1507ddd7612210c8,2838199,2026-09-12T01:02:56+00:00
2023-08,dados/bruto/pdf/2023-08.pdf,2023_08_2.pdf,https://www.fenabrave.org.br/portal/files/2023_08_2.pdf,6c9460d314f6c04e0b391e8e1a2799d84687b4c09b3391303fb9c0d485acdaf9,2938894,2026-09-12T01:03:01+00:00
2023-09,dados/bruto/pdf/2023-09.pdf,2023_09_2.pdf,https://www.fenabrave.org.br/portal/files/2023_09_2.pdf,b4db3914b3705ee0d95dd3664c92eed2c187600527f6a252a7627559b073ea92,7184218,2026-09-12T01:03:14+00:00
2023-10,dados/bruto/pdf/2023-10.pdf,2023_10_2.pdf,https://www.fenabrave.org.br/portal/files/2023_10_2.pdf,15776fd7e13f8dd3b0d010805efc3ddb6106ad2ee01ad2e11b456645350cbfdc,2864567,2026-09-12T01:03:20+00:00
2023-11,dados/bruto/pdf/2023-11.pdf,2023_11_2.pdf,https://www.fenabrave.org.br/portal/files/2023_11_2.pdf,5d8a33baf63bbfc133b8d39699e678427e320c65ec013ba8a06494ce0a8512b4,2917037,2026-09-12T01:03:27+00:00
2023-12,dados/bruto/pdf/2023-12.pdf,2023_12_2.pdf,https://www.fenabrave.org.br/portal/files/2023_12_2.pdf,88fb03206a78bb13ccc903442273e4aa9b7464e527cd3f86645c5d7d703df0b2,2913160,2026-09-12T01:03:32+00:00
2024-01,dados/bruto/pdf/2024-01.pdf,2024_01_02.pdf,https://www.fenabrave.org.br/portal/files/2024_01_02.pdf,126d321bdc4a38bf30586a9ab70db396b844bc7244b7d05e5ca69e4eb5742fec,3469588,2026-09-12T01:03:39+00:00
2024-02,dados/bruto/pdf/2024-02.pdf,2024_02_02.pdf,https://www.fenabrave.org.br/portal/files/2024_02_02.pdf,36fd3d02e3d521c39661b5377c806124a7877802bb3a96d905898f384b525901,16048250,2026-09-12T01:04:01+00:00
2024-03,dados/bruto/pdf/2024-03.pdf,2024_03_02.pdf,https://www.fenabrave.org.br/portal/files/2024_03_02.pdf,934fa9f7f35fca32a0923636565700b3894c78bf77d3db062a0e0629e497e050,3430017,2026-09-12T01:04:07+00:00
2024-04,dados/bruto/pdf/2024-04.pdf,2024_04_02.pdf,https://www.fenabrave.org.br/portal/files/2024_04_02.pdf,1b563db066d63e06214fb610c851d0013b84ac73eb2675af7589a28882bab3d8,3418214,2026-09-12T01:04:14+00:00
2024-05,dados/bruto/pdf/2024-05.pdf,2024_05_02.pdf,https://www.fenabrave.org.br/portal/files/2024_05_02.pdf,d9aa48863d84ec2c23cc9a1efd24115693cc4c78202a262b5cba49a25ff138fa,3452588,2026-09-12T01:04:22+00:00
2024-06,dados/bruto/pdf/2024-06.pdf,2024_06_02.pdf,https://www.fenabrave.org.br/portal/files/2024_06_02.pdf,183fb18398f3bb0d88adcab334d095d1e64886a16ff19129021a331ba146fed2,3617645,2026-09-12T01:04:30+00:00
2024-07,dados/bruto/pdf/2024-07.pdf,2024_07_02.pdf,https://www.fenabrave.org.br/portal/files/2024_07_02.pdf,516b5cbba14ef287d24eab3ad943666890da4c9acded91119c6ce36b7183efef,3359967,2026-09-12T01:04:38+00:00
2024-08,dados/bruto/pdf/2024-08.pdf,2024_08_02.pdf,https://www.fenabrave.org.br/portal/files/2024_08_02.pdf,fe1ff84bd2ab8ba875f7727f7fb564942fbe0d6a4080a3b76ea8bd5855f418fd,3345184,2026-09-12T01:04:44+00:00
2024-09,dados/bruto/pdf/2024-09.pdf,2024_09_02.pdf,https://www.fenabrave.org.br/portal/files/2024_09_02.pdf,47c9c0caf829d5d73d126716bc9377c616aa51d4fdc30fe185a00009aeee056f,3525425,2026-09-12T01:04:50+00:00
2024-10,dados/bruto/pdf/2024-10.pdf,2024_10_02.pdf,https://www.fenabrave.org.br/portal/files/2024_10_02.pdf,6c51d968719ce80a459e0f4c6e2c58d6db646c0964b8a617310d2784d6932182,3597787,2026-09-12T01:04:56+00:00
2024-11,dados/bruto/pdf/2024-11.pdf,2024_11_02.pdf,https://www.fenabrave.org.br/portal/files/2024_11_02.pdf,d9b8004d2380c5cff97898315461375cf16d5ef5eb57853a8bf46dc21c542683,2939209,2026-09-12T01:05:03+00:00
2024-12,dados/bruto/pdf/2024-12.pdf,2024_12_02.pdf,https://www.fenabrave.org.br/portal/files/2024_12_02.pdf,3598be43151157b002d7b74dc3f7d2d8e6c243ba06261f869236bb43ac20d8e0,3537890,2026-09-12T01:05:11+00:00
2025-01,dados/bruto/pdf/2025-01.pdf,2025_01_02.pdf,https://www.fenabrave.org.br/portal/files/2025_01_02.pdf,2da3555ec039c1d2968271f9e191404fd3381c5552b16d759391b8041aefe4ae,2994873,2026-09-12T01:05:17+00:00
2025-02,dados/bruto/pdf/2025-02.pdf,2025_02_02.pdf,https://www.fenabrave.org.br/portal/files/2025_02_02.pdf,d62259f6cf1c8d648b3191e212ff9cc841e71f5311ab10fc1a781821eb408d96,4830876,2026-09-12T01:05:28+00:00
2025-03,dados/bruto/pdf/2025-03.pdf,2025_03_02.pdf,https://www.fenabrave.org.br/portal/files/2025_03_02.pdf,96e72418cef0319b96aa160346201596c1e4c92d0c0623385fa397d6558e6899,4884840,2026-09-12T01:05:36+00:00
2025-04,dados/bruto/pdf/2025-04.pdf,2025_04_02.pdf,https://www.fenabrave.org.br/portal/files/2025_04_02.pdf,44c72d0f4ce5bd5f6a5130368739beb35de7581bc9a9853d8eacbc02b9392724,4915362,2026-09-12T01:05:45+00:00
2025-05,dados/bruto/pdf/2025-05.pdf,2025_05_02.pdf,https://www.fenabrave.org.br/portal/files/2025_05_02.pdf,5fb298f09ae90fa18a83472e720a48cdf9571beeed471403100e510da7e0fbf5,4929187,2026-09-12T01:05:57+00:00
2025-06,dados/bruto/pdf/2025-06.pdf,2025_06_02.pdf,https://www.fenabrave.org.br/portal/files/2025_06_02.pdf,808e7709ae09ec9bae4450a5990123f440aa1acca54136e920af4597fbae8ce1,4976188,2026-09-12T01:06:05+00:00
2025-07,dados/bruto/pdf/2025-07.pdf,2025_07_02.pdf,https://www.fenabrave.org.br/portal/files/2025_07_02.pdf,cd938bbba2cc7adf703c2571d1fbc6c9179e5ae437c8709721a480d606bd88a9,2935955,2026-09-12T01:06:11+00:00
2025-08,dados/bruto/pdf/2025-08.pdf,2025_08_02.pdf,https://www.fenabrave.org.br/portal/files/2025_08_02.pdf,548a50828dc0db8061461f0522ac609028610f64ec21c8f9f5cbde38f4397d30,3010235,2026-09-12T01:06:17+00:00
2025-09,dados/bruto/pdf/2025-09.pdf,2025_09_02.pdf,https://www.fenabrave.org.br/portal/files/2025_09_02.pdf,f11030baad417c40708a65e50848385791d1e3791dd0b1d83402f5b258b4e9d5,3084767,2026-09-12T01:06:24+00:00
2025-10,dados/bruto/pdf/2025-10.pdf,2025_10_02.pdf,https://www.fenabrave.org.br/portal/files/2025_10_02.pdf,1b598a9410be4e7131663a6e9ea2bef62a3f330b7e1868f108f2cf7f8190cdcc,3031357,2026-09-12T01:06:33+00:00
2025-11,dados/bruto/pdf/2025-11.pdf,2025_11_02.pdf,https://www.fenabrave.org.br/portal/files/2025_11_02.pdf,48324055aa809d52ca44eb9435207712e6e72aeb40f9d82f3d1113aee925992f,2858597,2026-09-12T01:06:38+00:00
2025-12,dados/bruto/pdf/2025-12.pdf,2025_12_02.pdf,https://www.fenabrave.org.br/portal/files/2025_12_02.pdf,a0be3dcbd504f3774d3facba7882eeccac82b683aeedd5ee1531cb1a05d43eab,2924886,2026-09-12T01:06:44+00:00
2026-01,dados/bruto/pdf/2026-01.pdf,2026_01_02.pdf,https://www.fenabrave.org.br/portal/files/2026_01_02.pdf,0300494d57f731299645439742fda9484d5cc35637ec7902ae5cb59ce696dbe4,4831101,2026-09-12T01:06:54+00:00
2026-02,dados/bruto/pdf/2026-02.pdf,2026_02_02.pdf,https://www.fenabrave.org.br/portal/files/2026_02_02.pdf,e7d962b956607b7f0005ad0edda8faad5dc2e397381f003bb3b0e257f01808cd,2868846,2026-09-12T01:07:01+00:00
2026-03,dados/bruto/pdf/2026-03.pdf,2026_03_02.pdf,https://www.fenabrave.org.br/portal/files/2026_03_02.pdf,2127128785ae5266c384b83e0627299d2e37176f01c3d12fe366f40e708a4515,3000787,2026-09-12T01:07:06+00:00
2026-04,dados/bruto/pdf/2026-04.pdf,2026_04_02.pdf,https://www.fenabrave.org.br/portal/files/2026_04_02.pdf,c0645d4fe2ee5254881a8ba029ef954d345531814278d7a6875f012f89229184,2984525,2026-09-12T01:07:12+00:00
2026-05,dados/bruto/pdf/2026-05.pdf,2026_05_02.pdf,https://www.fenabrave.org.br/portal/files/2026_05_02.pdf,09bb4774998a7cec362b38d54689c3a9a0e97543d9e396fd832ad5529d485d0c,3022390,2026-09-12T01:07:21+00:00
2026-06,dados/bruto/pdf/2026-06.pdf,2026_06_02.pdf,https://www.fenabrave.org.br/portal/files/2026_06_02.pdf,8c9f0e6ce9b0ebd43a201f13eb827de8fcd73543d8adffee671e058aa187ffb7,2992072,2026-09-12T01:07:26+00:00
2026-07,dados/bruto/pdf/2026-07.pdf,2026_07_02.pdf,https://www.fenabrave.org.br/portal/files/2026_07_02.pdf,996d04f814bd176381a50bbc373c5c55a83e56d491eec05ff369e4df297b5a53,2920113,2026-09-12T01:07:33+00:00
2026-08,dados/bruto/pdf/2026-08.pdf,2026_08_02.pdf,https://www.fenabrave.org.br/portal/files/2026_08_02.pdf,299260bb4bdcf7754fe1d58bd41916368c19e749445d42c3b70e48ac2f1ee630,3039776,2026-09-12T01:07:40+00:00
