marca,modelo,segmento,vigencia_inicio,vigencia_fim,origem_producao,montagem_inicio,montagem_fim,montagem_local,unidades,fonte_url,tipo_fonte,procedencia,observacao
VW,GOL,automoveis,2003-01,2026-07,nacional,2003-01,2026-07,desconhecido,3469150,,,proposta,
FIAT,STRADA,comerciais_leves,2003-01,2026-08,nacional,2003-01,2026-08,desconhecido,2170688,,,proposta,
FIAT,UNO,automoveis,2003-01,2026-06,nacional,2003-01,2026-06,desconhecido,2155361,,,proposta,
FIAT,PALIO,automoveis,2003-01,2026-03,nacional,2003-01,2026-03,desconhecido,2148960,,,proposta,
GM,ONIX,automoveis,2012-11,2026-08,nacional,2012-11,2026-08,desconhecido,1847330,,,proposta,
VW,FOX/CROSS FOX,automoveis,2003-10,2022-01,nacional,2003-10,2022-01,desconhecido,1579510,,,proposta,
GM,CELTA,automoveis,2003-01,2026-06,nacional,2003-01,2026-06,desconhecido,1456326,,,proposta,
HYUNDAI,HB20,automoveis,2012-10,2026-08,nacional,2012-10,2026-08,desconhecido,1396358,,,proposta,
FIAT,SIENA,automoveis,2003-01,2026-03,nacional,2003-01,2026-03,desconhecido,1210646,,,proposta,
TOYOTA,COROLLA,automoveis,2003-01,2019-09,nacional,2003-01,2019-09,desconhecido,859026,,,proposta,
TOYOTA,COROLLA,automoveis,2019-10,2026-08,nacional,2019-10,2026-08,desconhecido,271139,,,proposta,
GM,CLASSIC,automoveis,2003-01,2026-08,nacional,2003-01,2026-08,desconhecido,1094879,,,proposta,
FORD,KA,automoveis,2003-01,2026-08,nacional,2003-01,2026-08,desconhecido,1082614,,,proposta,
FORD,FIESTA,automoveis,2003-01,2019-12,nacional,2003-01,2019-12,desconhecido,1082430,,,proposta,
VW,SAVEIRO,comerciais_leves,2003-01,2026-08,nacional,2003-01,2026-08,desconhecido,1013853,,,proposta,
RENAULT,SANDERO,automoveis,2007-10,2025-02,nacional,2007-10,2025-02,desconhecido,909747,,,proposta,
GM,PRISMA,automoveis,2006-09,2026-08,nacional,2006-09,2026-08,desconhecido,827832,,,proposta,
VW,POLO,automoveis,2003-01,2026-08,nacional,2003-01,2026-08,desconhecido,813325,,,proposta,
TOYOTA,HILUX,comerciais_leves,2003-01,2026-08,importado,2003-01,2026-08,nao_se_aplica,791777,,,proposta,
VW,VOYAGE,automoveis,2003-04,2026-07,nacional,2003-04,2026-07,desconhecido,787159,,,proposta,
GM,S10,comerciais_leves,2003-01,2026-08,nacional,2003-01,2026-08,desconhecido,742458,,,proposta,
FORD,ECOSPORT,automoveis,2003-01,2021-11,nacional,2003-01,2021-11,desconhecido,718722,,,proposta,
FIAT,ARGO,automoveis,2017-06,2026-08,nacional,2017-06,2026-08,desconhecido,708386,,,proposta,
HONDA,CIVIC,automoveis,2003-01,2021-12,nacional,2003-01,2021-12,desconhecido,641435,,,proposta,
HONDA,CIVIC,automoveis,2022-01,2026-08,importado,2022-01,2026-08,nao_se_aplica,5322,,,pendente,
FIAT,MOBI,automoveis,2016-03,2026-08,nacional,2016-03,2026-08,desconhecido,629239,,,proposta,
HONDA,FIT,automoveis,2003-04,2026-08,nacional,2003-04,2026-08,desconhecido,609087,,,proposta,
JEEP,RENEGADE,automoveis,2015-04,2026-08,nacional,2015-04,2026-08,desconhecido,599307,,,proposta,
FIAT,TORO,comerciais_leves,2015-12,2026-08,nacional,2015-12,2026-08,desconhecido,585250,,,proposta,
HYUNDAI,CRETA,automoveis,2017-01,2026-08,nacional,2017-01,2026-08,desconhecido,583454,,,proposta,
JEEP,COMPASS,automoveis,2012-01,2016-08,importado,2012-01,2016-08,nao_se_aplica,2747,,,regra_fonte_forte,
JEEP,COMPASS,automoveis,2016-09,2026-08,nacional,2016-09,2026-08,desconhecido,570348,,,proposta,
RENAULT,KWID,automoveis,2017-06,2026-08,nacional,2017-06,2026-08,desconhecido,553287,,,proposta,
GM,MONTANA,comerciais_leves,2003-09,2026-08,nacional,2003-09,2026-08,desconhecido,537601,,,proposta,
VW,T CROSS,automoveis,2019-04,2026-08,nacional,2019-04,2026-08,desconhecido,535746,,,proposta,
HONDA,HR-V,automoveis,2015-03,2026-08,nacional,2015-03,2026-08,desconhecido,527789,,,proposta,
GM,TRACKER,automoveis,2003-01,2009-12,importado,2003-01,2009-12,nao_se_aplica,20341,,,pendente,
GM,TRACKER,automoveis,2013-01,2020-02,importado,2013-01,2020-02,nao_se_aplica,92978,,,pendente,
GM,TRACKER,automoveis,2020-03,2026-08,nacional,2020-03,2026-08,desconhecido,405608,,,proposta,
HYUNDAI,HB20S,automoveis,2013-02,2026-08,nacional,2013-02,2026-08,desconhecido,496949,,,proposta,
GM,ONIX PLUS,automoveis,2019-09,2026-08,nacional,2019-09,2026-08,desconhecido,455808,,,proposta,
NISSAN,KICKS,automoveis,2016-07,2017-04,importado,2016-07,2017-04,nao_se_aplica,19835,,,regra_fonte_forte,
NISSAN,KICKS,automoveis,2017-05,2026-08,nacional,2017-05,2026-08,desconhecido,431239,,,proposta,
CITROEN,C3,automoveis,2003-01,2026-08,nacional,2003-01,2026-08,desconhecido,450080,,,proposta,
RENAULT,LOGAN,automoveis,2007-05,2026-02,nacional,2007-05,2026-02,desconhecido,433816,,,proposta,
RENAULT,DUSTER,automoveis,2011-10,2026-08,nacional,2011-10,2026-08,desconhecido,421808,,,proposta,
FORD,RANGER,comerciais_leves,2003-01,2026-08,importado,2003-01,2026-08,nao_se_aplica,419694,,,proposta,
FIAT,FIORINO,comerciais_leves,2003-01,2026-08,nacional,2003-01,2026-08,desconhecido,384769,,,proposta,
FORD,FIESTA SEDAN,automoveis,2004-08,2026-04,nacional,2004-08,2026-04,desconhecido,363587,,,proposta,
GM,CORSA,automoveis,2003-01,2012-12,nacional,2003-01,2012-12,desconhecido,360764,,,proposta,
GM,SPIN,automoveis,2012-08,2026-08,nacional,2012-08,2026-08,desconhecido,353676,,,proposta,
HONDA,CITY,automoveis,2009-07,2026-08,nacional,2009-07,2026-08,desconhecido,338459,,,proposta,
MITSUBISHI,L200,comerciais_leves,2003-01,2026-02,nacional,2003-01,2026-02,desconhecido,324879,,,proposta,
FIAT,PALIO WEEKEND,automoveis,2003-01,2026-06,nacional,2003-01,2026-06,desconhecido,295381,,,proposta,
FIAT,PUNTO,automoveis,2007-08,2017-12,nacional,2007-08,2017-12,desconhecido,285492,,,proposta,
RENAULT,CLIO,automoveis,2003-01,2021-04,,2003-01,2021-04,desconhecido,284821,,,proposta,
VW,NIVUS,automoveis,2020-07,2026-08,nacional,2020-07,2026-08,desconhecido,284548,,,proposta,
GM,COBALT,automoveis,2011-12,2026-02,nacional,2011-12,2026-02,desconhecido,279180,,,proposta,
FIAT,CRONOS,automoveis,2018-01,2026-08,importado,2018-01,2026-08,nao_se_aplica,277477,,,proposta,
VW,VIRTUS,automoveis,2017-12,2026-08,nacional,2017-12,2026-08,desconhecido,264359,,,proposta,
TOYOTA,COROLLA CROSS,automoveis,2021-04,2026-08,nacional,2021-04,2026-08,desconhecido,251799,,,proposta,
FIAT,IDEA,automoveis,2005-07,2026-05,nacional,2005-07,2026-05,desconhecido,250371,,,proposta,
TOYOTA,ETIOS HB,automoveis,2012-09,2024-11,nacional,2012-09,2024-11,desconhecido,249864,,,proposta,
GM,AGILE,automoveis,2009-08,2014-12,importado,2009-08,2014-12,nao_se_aplica,249361,,,proposta,
VW,KOMBI,comerciais_leves,2003-01,2025-01,nacional,2003-01,2025-01,desconhecido,241728,,,proposta,
FORD,FOCUS,automoveis,2003-01,2022-01,importado,2003-01,2022-01,nao_se_aplica,237058,,,regra_fonte_fraca,
TOYOTA,HILUX SW4,automoveis,2003-01,2026-08,importado,2003-01,2026-08,nao_se_aplica,236346,,,proposta,
NISSAN,VERSA,automoveis,2011-01,2014-03,importado,2011-01,2014-03,nao_se_aplica,46086,,,regra_fonte_forte,
NISSAN,VERSA,automoveis,2014-04,2020-07,nacional,2014-04,2015-04,fabricacao,15661,https://www.comprecar.com.br/revista/nissan-celebra-primeiro-ano-da-fabrica-em-de-resende,blog_agregador,regra_fonte_fraca,"Primeiro ano do complexo de Resende (inaugurado em abril de 2014, segundo a mesma pagina), com New March e Novo Versa. Fonte blog_agregador reproduzindo comunicado."
NISSAN,VERSA,automoveis,2014-04,2020-07,nacional,2015-05,2020-07,desconhecido,116955,,,proposta,
NISSAN,VERSA,automoveis,2020-08,2026-08,importado,2020-08,2026-08,nao_se_aplica,54073,,,pendente,
GM,CORSA SEDAN,automoveis,2003-01,2025-11,nacional,2003-01,2025-11,desconhecido,230636,,,proposta,
VW,UP,automoveis,2013-12,2025-05,nacional,2013-12,2025-05,desconhecido,228035,,,proposta,
GM,MERIVA,automoveis,2003-01,2021-10,nacional,2003-01,2021-10,desconhecido,223226,,,proposta,
FIAT,PULSE,automoveis,2021-11,2026-08,nacional,2021-11,2026-08,desconhecido,221398,,,proposta,
PEUGEOT,206,automoveis,2003-01,2012-05,nacional,2003-01,2012-05,desconhecido,214719,,,proposta,
GM,ASTRA,automoveis,2003-01,2011-12,nacional,2003-01,2011-12,desconhecido,213839,,,proposta,
FORD,KA SEDAN,automoveis,2014-10,2026-04,nacional,2014-10,2026-04,desconhecido,210232,,,proposta,
HYUNDAI,TUCSON,automoveis,2005-04,2025-07,ambos,2005-04,2025-07,desconhecido,209808,,,proposta,
GM,CRUZE SEDAN,automoveis,2011-01,2016-05,nacional,2011-01,2016-05,desconhecido,114582,,,proposta,
GM,CRUZE SEDAN,automoveis,2016-06,2026-08,importado,2016-06,2026-08,nao_se_aplica,92310,,,regra_fonte_forte,
PEUGEOT,208,automoveis,2013-01,2019-12,nacional,2013-01,2019-12,desconhecido,93056,,,proposta,
PEUGEOT,208,automoveis,2020-01,2026-08,importado,2020-01,2026-08,nao_se_aplica,110424,,,pendente,
VW,GOLF,automoveis,2003-01,2026-08,ambos,2003-01,2026-08,desconhecido,201974,,,proposta,
VW,SPACE FOX,automoveis,2006-03,2024-02,importado,2006-03,2024-02,nao_se_aplica,196074,,,regra_fonte_forte,
MITSUBISHI,PAJERO,automoveis,2003-01,2025-09,ambos,2003-01,2025-09,desconhecido,194310,,,proposta,
VW,AMAROK,comerciais_leves,2010-03,2026-08,importado,2010-03,2026-08,nao_se_aplica,191880,,,proposta,
FIAT,FASTBACK,automoveis,2022-09,2026-08,nacional,2022-09,2026-08,desconhecido,190729,,,proposta,
NISSAN,FRONTIER,comerciais_leves,2003-01,2008-12,nacional,2003-01,2008-12,desconhecido,33746,,,proposta,
NISSAN,FRONTIER,comerciais_leves,2009-01,2026-08,importado,2009-01,2026-08,nao_se_aplica,154007,,,pendente,
TOYOTA,ETIOS SEDAN,automoveis,2012-09,2026-02,nacional,2012-09,2026-02,desconhecido,186192,,,proposta,
VW,POLO SEDAN,automoveis,2003-01,2024-01,nacional,2003-01,2024-01,desconhecido,180547,,,proposta,
TOYOTA,YARIS HB,automoveis,2018-06,2025-12,nacional,2018-06,2025-12,desconhecido,178301,,,proposta,
RENAULT,MASTER,comerciais_leves,2003-01,2026-08,nacional,2003-01,2026-08,desconhecido,171879,,,proposta,
NISSAN,MARCH,automoveis,2011-01,2014-03,importado,2011-01,2014-03,nao_se_aplica,68363,,,regra_fonte_fraca,
NISSAN,MARCH,automoveis,2014-04,2021-12,nacional,2014-04,2015-04,fabricacao,29010,https://www.comprecar.com.br/revista/nissan-celebra-primeiro-ano-da-fabrica-em-de-resende,blog_agregador,regra_fonte_fraca,"Primeiro ano do complexo de Resende (inaugurado em abril de 2014, segundo a mesma pagina), com New March e Novo Versa. Fonte blog_agregador reproduzindo comunicado."
NISSAN,MARCH,automoveis,2014-04,2021-12,nacional,2015-05,2021-12,desconhecido,68994,,,proposta,
GM,VECTRA,automoveis,2003-01,2022-04,nacional,2003-01,2022-04,desconhecido,163029,,,proposta,
PEUGEOT,207,automoveis,2008-04,2026-03,nacional,2008-04,2026-03,desconhecido,160648,,,proposta,
FIAT,DOBLO,automoveis,2003-01,2026-04,nacional,2003-01,2026-04,desconhecido,154737,,,proposta,
VW,JETTA,automoveis,2006-10,2026-08,importado,2006-10,2026-08,nao_se_aplica,134747,,,pendente,
TOYOTA,YARIS SEDAN,automoveis,2018-05,2026-08,nacional,2018-05,2026-08,desconhecido,134244,,,proposta,
FIAT,DUCATO,comerciais_leves,2003-01,2026-08,nacional,2003-01,2026-08,desconhecido,131951,,,proposta,
RENAULT,OROCH,comerciais_leves,2015-08,2026-08,nacional,2015-08,2026-08,desconhecido,130076,,,proposta,
VW,PARATI,automoveis,2003-01,2026-02,nacional,2003-01,2026-02,desconhecido,117418,,,proposta,
HYUNDAI,I30,automoveis,2009-06,2026-02,importado,2009-06,2026-02,nao_se_aplica,115152,,,proposta,
HYUNDAI,HR,comerciais_leves,2005-04,2026-04,nacional,2005-04,2026-04,desconhecido,114190,,,proposta,
HYUNDAI,IX35,automoveis,2010-06,2021-12,ambos,2010-06,2021-12,desconhecido,111833,,,proposta,
NISSAN,SENTRA,automoveis,2004-08,2026-08,importado,2004-08,2026-08,nao_se_aplica,111581,,,proposta,
FORD,FOCUS SEDAN,automoveis,2003-01,2020-02,importado,2003-01,2020-02,nao_se_aplica,111330,,,regra_fonte_fraca,
VW,TERA,automoveis,2025-06,2026-08,nacional,2025-06,2026-08,desconhecido,109872,,,proposta,
CAOA CHERY,TIGGO 7,automoveis,2020-03,2026-08,nacional,2020-03,2026-08,desconhecido,108649,,,proposta,
FORD,FUSION,automoveis,2006-04,2022-09,importado,2006-04,2022-09,nao_se_aplica,106922,,,proposta,
BYD,DOLPHIN MINI,automoveis,2024-03,2026-08,importado,2024-03,2026-08,nao_se_aplica,105669,,,pendente,"a fonte declara skd de 2025-10 a 2026-07, mas a linha e' importado (origem desta vigencia em a_adjudicar)"
BYD,SONG,automoveis,2024-07,2026-08,importado,2024-07,2026-08,nao_se_aplica,104969,,,pendente,"a fonte declara skd de 2025-10 a 2026-07, mas a linha e' importado (origem desta vigencia em a_adjudicar)"
CAOA CHERY,TIGGO 5X,automoveis,2020-03,2026-08,nacional,2020-03,2026-08,desconhecido,100302,,,proposta,
GWM,HAVAL H6,automoveis,2023-05,2026-08,importado,2023-05,2026-08,nao_se_aplica,97583,,,pendente,"a fonte declara fabricacao de 2026-08 a 2026-08, mas a linha e' importado (origem desta vigencia em a_adjudicar)"
HONDA,WR-V,automoveis,2017-03,2026-08,nacional,2017-03,2026-08,desconhecido,92657,,,proposta,
HONDA,CRV,automoveis,2003-01,2019-01,importado,2003-01,2019-01,nao_se_aplica,91605,,,proposta,
KIA,SPORTAGE,automoveis,2003-01,2024-02,importado,2003-01,2024-02,nao_se_aplica,91294,,,proposta,
RENAULT,CAPTUR,automoveis,2017-01,2022-12,nacional,2017-01,2022-12,desconhecido,91056,,,proposta,
JEEP,COMMANDER,automoveis,2021-10,2026-08,nacional,2021-10,2026-08,desconhecido,90965,,,proposta,
GM,ZAFIRA,automoveis,2003-01,2012-12,nacional,2003-01,2012-12,desconhecido,90298,,,proposta,
GM,CRUZE HB,automoveis,2012-01,2016-05,nacional,2012-01,2016-05,desconhecido,63228,,,proposta,
GM,CRUZE HB,automoveis,2016-06,2026-08,importado,2016-06,2026-08,nao_se_aplica,26875,,,regra_fonte_forte,
PEUGEOT,2008,automoveis,2015-04,2026-08,ambos,2015-04,2026-08,desconhecido,89369,,,proposta,
GM,ASTRA SEDAN,automoveis,2003-01,2016-01,nacional,2003-01,2016-01,desconhecido,87676,,,proposta,
FIAT,STILO,automoveis,2003-01,2010-05,nacional,2003-01,2010-05,desconhecido,86573,,,proposta,
CITROEN,XSARA PICASSO,automoveis,2003-01,2012-12,nacional,2003-01,2012-12,desconhecido,85913,,,proposta,
FORD,COURIER,comerciais_leves,2003-01,2019-05,nacional,2003-01,2019-05,desconhecido,80582,,,proposta,
PEUGEOT,207 SEDAN,automoveis,2008-04,2013-12,importado,2008-04,2013-12,nao_se_aplica,80381,,,pendente,
RENAULT,CLIO SEDAN,automoveis,2003-01,2009-09,,2003-01,2009-09,desconhecido,77579,,,proposta,
VW,TAOS,automoveis,2021-06,2026-08,importado,2021-06,2026-08,nao_se_aplica,76119,,,proposta,
RAM,RAMPAGE,comerciais_leves,2023-06,2026-08,nacional,2023-06,2026-08,desconhecido,75053,,,proposta,
MITSUBISHI,ASX,automoveis,2010-12,2020-12,ambos,2010-12,2020-12,desconhecido,73850,,,proposta,
CITROEN,C4 CACTUS,automoveis,2018-10,2024-05,nacional,2018-10,2024-05,desconhecido,71346,,,proposta,
FIAT,LINEA,automoveis,2008-05,2016-12,nacional,2008-05,2016-12,desconhecido,70062,,,proposta,
NISSAN,LIVINA,automoveis,2009-02,2023-06,nacional,2009-02,2023-06,desconhecido,69175,,,proposta,
KIA,CERATO,automoveis,2006-02,2025-01,importado,2006-02,2025-01,nao_se_aplica,69009,,,proposta,
BYD,DOLPHIN,automoveis,2023-07,2026-08,importado,2023-07,2026-08,nao_se_aplica,68527,,,proposta,
CAOA CHERY,TIGGO 8,automoveis,2020-12,2026-08,nacional,2020-12,2026-08,desconhecido,68028,,,proposta,
KIA,K2500,comerciais_leves,2007-10,2026-08,importado,2007-10,2026-08,nao_se_aplica,67118,,,pendente,
CITROEN,C3 AIRCROSS,automoveis,2010-09,2025-12,nacional,2010-09,2025-12,desconhecido,67080,,,proposta,
HONDA,CITY HATCH,automoveis,2022-02,2026-08,nacional,2022-02,2026-08,desconhecido,66665,,,proposta,
VW,TIGUAN,automoveis,2009-08,2026-06,importado,2009-08,2026-06,nao_se_aplica,65686,,,proposta,
PEUGEOT,307,automoveis,2003-01,2010-05,importado,2003-01,2010-05,nao_se_aplica,63480,,,pendente,
RENAULT,FLUENCE,automoveis,2010-10,2023-03,importado,2010-10,2023-03,nao_se_aplica,62069,,,proposta,
CITROEN,C4 PALLAS,automoveis,2007-05,2024-07,importado,2007-05,2024-07,nao_se_aplica,61752,,,proposta,
GM,CAPTIVA,automoveis,2008-07,2016-12,importado,2008-07,2016-12,nao_se_aplica,61302,,,proposta,
FORD,NEW FIESTA,automoveis,2010-08,2019-08,importado,2010-08,2019-08,nao_se_aplica,61048,,,regra_fonte_fraca,
BMW,X1,automoveis,2010-01,2014-09,importado,2010-01,2014-09,nao_se_aplica,13925,,,pendente,
BMW,X1,automoveis,2014-10,2026-08,nacional,2014-10,2026-08,desconhecido,44856,,,proposta,
MITSUBISHI,OUTLANDER,automoveis,2007-06,2022-12,,2007-06,2022-12,desconhecido,56266,,,proposta,
RENAULT,KARDIAN,automoveis,2024-03,2026-08,nacional,2024-03,2026-08,desconhecido,53817,,,proposta,
TOYOTA,RAV4,automoveis,2003-01,2019-05,importado,2003-01,2019-05,nao_se_aplica,36831,,,proposta,
TOYOTA,RAV4,automoveis,2019-06,2026-08,importado,2019-06,2026-08,nao_se_aplica,14373,,,pendente,
PEUGEOT,206SW,automoveis,2003-07,2008-12,nacional,2003-07,2008-12,desconhecido,50538,,,proposta,
M.BENZ,CLASSE C,automoveis,2003-01,2016-02,importado,2003-01,2016-02,nao_se_aplica,24756,,,regra_fonte_fraca,
M.BENZ,CLASSE C,automoveis,2016-03,2020-12,nacional,2016-03,2020-12,desconhecido,19587,,,proposta,
M.BENZ,CLASSE C,automoveis,2021-01,2026-08,importado,2021-01,2026-08,nao_se_aplica,6013,,,regra_fonte_fraca,
RENAULT,SCENIC,automoveis,2003-01,2010-12,nacional,2003-01,2010-12,desconhecido,49792,,,proposta,
HYUNDAI,SANTAFE,automoveis,2003-01,2018-04,importado,2003-01,2018-04,nao_se_aplica,48406,,,proposta,
RENAULT,KANGOO,comerciais_leves,2003-01,2026-08,,2003-01,2026-08,desconhecido,48207,,,proposta,
VOLVO,XC60,automoveis,2009-01,2025-12,importado,2009-01,2025-12,nao_se_aplica,46176,,,proposta,
KIA,PICANTO,automoveis,2006-08,2018-04,importado,2006-08,2018-04,nao_se_aplica,42001,,,proposta,
FIAT,DOBLO,comerciais_leves,2003-01,2024-01,nacional,2003-01,2024-01,desconhecido,40154,,,proposta,
LAND ROVER,DISCOVERY,automoveis,2003-01,2024-12,,2003-01,2024-12,desconhecido,39776,,,proposta,
MITSUBISHI,ECLIPSE CROSS,automoveis,2019-01,2026-08,nacional,2019-01,2026-08,desconhecido,38242,,,proposta,
BMW,320,automoveis,2003-01,2014-09,importado,2003-01,2014-09,nao_se_aplica,19741,,,regra_fonte_fraca,
BMW,320,automoveis,2014-10,2019-12,nacional,2014-10,2019-12,desconhecido,17686,,,proposta,
HYUNDAI,AZERA,automoveis,2008-01,2021-03,importado,2008-01,2021-03,nao_se_aplica,37412,,,proposta,
RENAULT,MEGANE,automoveis,2003-01,2011-05,,2003-01,2011-05,desconhecido,36049,,,proposta,
FIAT,500,automoveis,2009-01,2016-12,importado,2009-01,2016-12,nao_se_aplica,35827,,,proposta,
FIAT,WEEKEND,automoveis,2014-07,2026-07,nacional,2014-07,2026-07,desconhecido,35544,,,proposta,
AUDI,Q3,automoveis,2012-10,2025-05,ambos,2012-10,2025-05,desconhecido,35515,,,proposta,
RENAULT,MEGANE GT,automoveis,2006-02,2017-11,,2006-02,2017-11,desconhecido,35492,,,proposta,
GM,VECTRA HATCH,automoveis,2007-09,2010-07,nacional,2007-09,2010-07,desconhecido,34476,,,proposta,
GM,TRAILBLAZER,automoveis,2013-01,2025-11,nacional,2013-01,2025-11,desconhecido,34383,,,proposta,
KIA,SOUL,automoveis,2009-07,2017-03,importado,2009-07,2017-03,nao_se_aplica,34383,,,proposta,
KIA,SORENTO,automoveis,2004-04,2016-12,importado,2004-04,2016-12,nao_se_aplica,34307,,,proposta,
TOYOTA,FIELDER,automoveis,2004-04,2018-05,nacional,2004-04,2018-05,desconhecido,32702,,,proposta,
PEUGEOT,308,automoveis,2012-06,2018-12,importado,2012-06,2018-12,nao_se_aplica,31896,,,pendente,
IVECO,DAILY 3514,comerciais_leves,2007-10,2019-02,nacional,2007-10,2019-02,desconhecido,31781,,,proposta,
CITROEN,C4L,automoveis,2013-09,2022-05,importado,2013-09,2022-05,nao_se_aplica,31076,,,pendente,
CITROEN,BASALT,automoveis,2024-11,2026-08,nacional,2024-11,2026-08,desconhecido,30880,,,proposta,
CITROEN,C4,automoveis,2006-10,2026-01,importado,2006-10,2026-01,nao_se_aplica,30579,,,pendente,
BMW,320I,automoveis,2008-01,2014-09,importado,2008-01,2014-09,nao_se_aplica,34,,,regra_fonte_fraca,
BMW,320I,automoveis,2014-10,2026-08,nacional,2014-10,2026-08,desconhecido,30476,,,proposta,
PEUGEOT,BOXER,comerciais_leves,2003-01,2026-08,,2003-01,2026-08,desconhecido,29648,,,proposta,
LAND ROVER,EVOQUE,automoveis,2011-01,2016-05,importado,2011-01,2016-05,nao_se_aplica,22117,,,regra_fonte_forte,"a fonte declara ckd de 2016-01 a 2016-05, mas a linha e' importado"
LAND ROVER,EVOQUE,automoveis,2016-06,2026-08,nacional,2016-06,2016-12,ckd,1071,https://www.gazetadopovo.com.br/automoveis/land-rover-fara-o-novo-evoque-no-rio-3gfyzd6oq8hnu99rir88g4anw,imprensa_geral,regra_fonte_fraca,"Materia de 02/10/2015, no futuro: CKD na FASE INICIAL, prevista para o inicio de 2016. Se e quando a montagem passou a fabricacao nao esta' na fonte: o periodo so' cobre o comeco."
LAND ROVER,EVOQUE,automoveis,2016-06,2026-08,nacional,2017-01,2026-08,desconhecido,5835,,,proposta,
GEELY,EX2,automoveis,2025-11,2026-08,importado,2025-11,2026-08,nao_se_aplica,28874,,,proposta,
BYD,KING,automoveis,2024-06,2026-08,importado,2024-06,2026-08,nao_se_aplica,28590,,,pendente,"a fonte declara skd de 2025-10 a 2026-07, mas a linha e' importado (origem desta vigencia em a_adjudicar)"
RENAULT,SYMBOL,automoveis,2009-02,2013-12,importado,2009-02,2013-12,nao_se_aplica,28527,,,pendente,
MITSUBISHI,LANCER,automoveis,2011-12,2020-09,,2011-12,2020-09,desconhecido,27122,,,proposta,
GM,EQUINOX,automoveis,2017-11,2025-12,importado,2017-11,2025-12,nao_se_aplica,26601,,,proposta,
PEUGEOT,408,automoveis,2011-01,2019-12,importado,2011-01,2019-12,nao_se_aplica,26581,,,proposta,
CHERY,TIGGO,automoveis,2009-11,2020-02,importado,2009-11,2020-02,nao_se_aplica,26390,,,pendente,
FORD,TERRITORY,automoveis,2020-10,2026-08,importado,2020-10,2026-08,nao_se_aplica,26241,,,proposta,
FORD,TRANSIT,comerciais_leves,2008-10,2026-08,importado,2008-10,2026-08,nao_se_aplica,26124,,,proposta,
CHERY,QQ,automoveis,2011-01,2014-12,importado,2011-01,2014-12,nao_se_aplica,16964,,,pendente,
CHERY,QQ,automoveis,2015-01,2020-12,nacional,2015-01,2020-12,desconhecido,8829,,,proposta,
CITROEN,C3 PICASSO,automoveis,2011-02,2016-08,nacional,2011-02,2016-08,desconhecido,25761,,,proposta,
FIAT,BRAVO,automoveis,2011-04,2017-02,nacional,2011-04,2017-02,desconhecido,25620,,,proposta,
CITROEN,AIRCROSS,automoveis,2016-01,2026-04,nacional,2016-01,2026-04,desconhecido,25452,,,proposta,
AUDI,A3 SEDAN,automoveis,2014-01,2026-08,ambos,2014-01,2026-08,desconhecido,25185,,,proposta,
VW,SANTANA,automoveis,2003-01,2026-03,nacional,2003-01,2026-03,desconhecido,25167,,,proposta,
HYUNDAI,ELANTRA,automoveis,2003-01,2024-09,importado,2003-01,2024-09,nao_se_aplica,25089,,,proposta,
TOYOTA,YARIS CROSS,automoveis,2026-02,2026-08,nacional,2026-02,2026-08,desconhecido,25072,,,proposta,
M.BENZ,SPRINTER 313,comerciais_leves,2003-01,2022-03,importado,2003-01,2022-03,nao_se_aplica,24382,,,pendente,
SUZUKI,GVITARA,automoveis,2003-01,2016-12,importado,2003-01,2016-12,nao_se_aplica,24362,,,pendente,
FIAT,FREEMONT,automoveis,2011-09,2016-11,importado,2011-09,2016-11,nao_se_aplica,23033,,,proposta,
GM,SONIC,automoveis,2012-01,2014-12,importado,2012-01,2014-12,nao_se_aplica,12110,,,regra_fonte_fraca,
GM,SONIC,automoveis,2025-01,2026-08,nacional,2025-01,2026-08,desconhecido,10888,,,proposta,
AUDI,A3,automoveis,2003-01,2006-12,nacional,2003-01,2006-12,desconhecido,20067,,,proposta,
AUDI,A3,automoveis,2007-01,2026-08,importado,2007-01,2026-08,nao_se_aplica,2912,,,proposta,
TROLLER,T4,automoveis,2003-01,2021-11,nacional,2003-01,2021-11,desconhecido,22625,,,proposta,
FORD,F250,comerciais_leves,2003-01,2025-03,nacional,2003-01,2025-03,desconhecido,22463,,,proposta,
GM,BLAZER,automoveis,2003-01,2012-12,nacional,2003-01,2012-12,desconhecido,22444,,,proposta,
CITROEN,JUMPER,comerciais_leves,2003-01,2026-08,,2003-01,2026-08,desconhecido,22315,,,proposta,
PEUGEOT,PARTNER,comerciais_leves,2003-01,2026-08,,2003-01,2026-08,desconhecido,21475,,,proposta,
NISSAN,KAIT,automoveis,2026-01,2026-08,nacional,2026-01,2026-08,desconhecido,21292,,,proposta,
CITROEN,C4 PICASSO,automoveis,2008-05,2019-09,importado,2008-05,2019-09,nao_se_aplica,21259,,,pendente,
JAC,J3,automoveis,2011-03,2012-11,importado,2011-03,2012-11,nao_se_aplica,20515,,,proposta,
PEUGEOT,307 SEDAN,automoveis,2006-07,2013-07,importado,2006-07,2013-07,nao_se_aplica,19262,,,pendente,
MITSUBISHI,TRITON,comerciais_leves,2025-01,2026-08,nacional,2025-01,2026-08,desconhecido,19067,,,proposta,
LAND ROVER,FREELANDER,automoveis,2003-11,2015-04,importado,2003-11,2015-04,nao_se_aplica,18698,,,proposta,
PEUGEOT,EXPERT,comerciais_leves,2017-10,2026-08,importado,2017-10,2026-08,nao_se_aplica,18612,,,regra_fonte_fraca,
M.BENZ,CLASSE GLA,automoveis,2015-05,2016-08,importado,2015-05,2016-08,nao_se_aplica,5926,,,regra_fonte_forte,
M.BENZ,CLASSE GLA,automoveis,2016-09,2020-12,nacional,2016-09,2020-12,desconhecido,11814,,,proposta,
M.BENZ,CLASSE GLA,automoveis,2021-01,2023-04,importado,2021-01,2023-04,nao_se_aplica,342,,,regra_fonte_fraca,
SUZUKI,JIMNY,automoveis,2003-01,2011-12,importado,2003-01,2011-12,nao_se_aplica,1867,,,pendente,
SUZUKI,JIMNY,automoveis,2012-01,2022-02,nacional,2012-01,2022-02,desconhecido,16141,,,proposta,
M.BENZ,CLASSE A,automoveis,2003-01,2005-12,nacional,2003-01,2005-12,desconhecido,15167,,,proposta,
M.BENZ,CLASSE A,automoveis,2006-01,2025-09,importado,2006-01,2025-09,nao_se_aplica,2626,,,regra_fonte_forte,
BYD,SONG PLUS,automoveis,2023-02,2024-06,importado,2023-02,2024-06,nao_se_aplica,17681,,,proposta,
VW,PASSAT,automoveis,2003-01,2020-11,importado,2003-01,2020-11,nao_se_aplica,17231,,,proposta,
PEUGEOT,207 SW,automoveis,2008-08,2013-06,nacional,2008-08,2013-06,desconhecido,17043,,,proposta,
VW,BORA,automoveis,2003-01,2024-03,importado,2003-01,2024-03,nao_se_aplica,16892,,,proposta,
JEEP,CHEROKEE,automoveis,2003-01,2017-10,importado,2003-01,2017-10,nao_se_aplica,16875,,,proposta,
DODGE,JOURNEY,automoveis,2008-08,2017-02,importado,2008-08,2017-02,nao_se_aplica,16612,,,proposta,
OMODA JAECOO,OMODA 5,automoveis,2025-11,2026-08,importado,2025-11,2026-08,nao_se_aplica,16379,,,proposta,
FIAT,TITANO,comerciais_leves,2024-02,2026-08,importado,2024-02,2026-08,nao_se_aplica,16140,,,pendente,
OMODA JAECOO,JAECOO 7,automoveis,2025-07,2026-08,importado,2025-07,2026-08,nao_se_aplica,16006,,,proposta,
CITROEN,JUMPY,comerciais_leves,2017-10,2026-08,importado,2017-10,2026-08,nao_se_aplica,15472,,,regra_fonte_fraca,
LIFAN,X60,automoveis,2013-07,2018-12,importado,2013-07,2018-12,nao_se_aplica,15365,,,pendente,
JAC,J3 TURIN,automoveis,2011-05,2018-02,importado,2011-05,2018-02,nao_se_aplica,15068,,,proposta,
VOLVO,XC40,automoveis,2018-06,2024-03,importado,2018-06,2024-03,nao_se_aplica,15044,,,proposta,
HAFEI,RUIYI,comerciais_leves,2008-05,2019-06,importado,2008-05,2019-06,nao_se_aplica,14803,,,pendente,
FORD,EDGE,automoveis,2009-01,2015-12,importado,2009-01,2015-12,nao_se_aplica,14565,,,proposta,
GM,SONIC SEDAN,automoveis,2012-07,2014-12,importado,2012-07,2014-12,nao_se_aplica,14359,,,proposta,
M.BENZ,SPRINTER 311,comerciais_leves,2003-03,2022-04,importado,2003-03,2022-04,nao_se_aplica,14261,,,pendente,
FIAT,SCUDO,comerciais_leves,2022-06,2026-08,importado,2022-06,2026-08,nao_se_aplica,13807,,,regra_fonte_fraca,
M.BENZ,C180,automoveis,2003-01,2015-12,importado,2003-01,2015-12,nao_se_aplica,13628,,,pendente,
FORD,MAVERICK,comerciais_leves,2021-11,2026-08,importado,2021-11,2026-08,nao_se_aplica,13487,,,proposta,
HYUNDAI,VERACRUZ,automoveis,2007-06,2013-09,importado,2007-06,2013-09,nao_se_aplica,13471,,,proposta,
IVECO,DAILY,comerciais_leves,2005-01,2026-08,nacional,2005-01,2026-08,desconhecido,13439,,,proposta,
PEUGEOT,3008,automoveis,2011-01,2021-03,importado,2011-01,2021-03,nao_se_aplica,13116,,,proposta,
PEUGEOT,HOGGAR,comerciais_leves,2010-04,2014-12,nacional,2010-04,2014-12,desconhecido,12937,,,proposta,
VW,SPACECROSS,automoveis,2012-01,2017-11,importado,2012-01,2017-11,nao_se_aplica,12591,,,proposta,
GWM,ORA 03,automoveis,2023-12,2026-07,importado,2023-12,2026-07,nao_se_aplica,12422,,,proposta,
AUDI,A4,automoveis,2003-01,2025-12,importado,2003-01,2025-12,nao_se_aplica,12333,,,proposta,
BYD,YUAN,automoveis,2024-08,2026-08,importado,2024-08,2026-08,nao_se_aplica,12288,,,pendente,
HYUNDAI,SONATA,automoveis,2011-01,2013-12,importado,2011-01,2013-12,nao_se_aplica,11550,,,proposta,
HAFEI,TOWNER,comerciais_leves,2010-04,2021-07,importado,2010-04,2021-07,nao_se_aplica,11453,,,pendente,
RAM,2500,comerciais_leves,2016-04,2026-08,importado,2016-04,2026-08,nao_se_aplica,11292,,,proposta,
MINI,COOPER,automoveis,2003-04,2025-10,importado,2003-04,2025-10,nao_se_aplica,11290,,,proposta,
LAND ROVER,RANGE ROVER,automoveis,2003-03,2023-07,importado,2003-03,2023-07,nao_se_aplica,10458,,,proposta,
NISSAN,TIIDA,automoveis,2011-03,2012-09,importado,2011-03,2012-09,nao_se_aplica,10394,,,proposta,
AUDI,Q5,automoveis,2010-01,2024-07,importado,2010-01,2024-07,nao_se_aplica,10068,,,proposta,
CHERY,TIGGO 5X,automoveis,2019-02,2020-02,nacional,2019-02,2020-02,desconhecido,9896,,,proposta,
HONDA,ACCORD,automoveis,2003-04,2026-08,importado,2003-04,2026-08,nao_se_aplica,9691,,,proposta,
RENAULT,BOREAL,automoveis,2025-11,2026-08,nacional,2025-11,2026-08,desconhecido,9604,,,proposta,
GWM,HAVAL H9,automoveis,2025-11,2026-08,,2025-11,2026-07,desconhecido,8469,,,proposta,
GWM,HAVAL H9,automoveis,2025-11,2026-08,,2026-08,2026-08,fabricacao,974,https://www.gwmmotors.com.br/pt/media-center/news/2026/um-ano-apos-inauguracao-fabrica-da-gwm-em-iracemapolis-consolida-operacao-industrial-e-impulsiona-crescimento-da-marca-no-brasil,oficial,regra_fonte_forte,"Fonte oficial da GWM (18/08/2026): 'Hoje' -- o periodo e' so' agosto de 2026. No inicio a GWM declarava processo 'peca a peca, mais complexo que o SKD e o CKD tradicionais' (gwm_iracemapolis_autoentusiastas), o que nao e' um dos tres modos."
M.BENZ,SPRINTER,comerciais_leves,2003-01,2025-12,importado,2003-01,2025-12,nao_se_aplica,9433,,,proposta,
RAM,3500,comerciais_leves,2022-04,2026-08,importado,2022-04,2026-08,nao_se_aplica,9274,,,proposta,
AUDI,A5,automoveis,2008-11,2026-08,importado,2008-11,2026-08,nao_se_aplica,8899,,,proposta,
CHERY,FACE,automoveis,2010-03,2011-12,importado,2010-03,2011-12,nao_se_aplica,8771,,,proposta,
BYD,SEAL,automoveis,2023-07,2026-08,importado,2023-07,2026-08,nao_se_aplica,8669,,,proposta,
CAOA CHERY,ARRIZO 6,automoveis,2020-07,2026-08,,2020-07,2026-08,desconhecido,8666,,,proposta,
HONDA,ZR-V,automoveis,2023-12,2025-11,importado,2023-12,2025-11,nao_se_aplica,8275,,,proposta,
CHANA,SC,comerciais_leves,2007-07,2020-09,importado,2007-07,2020-09,nao_se_aplica,8188,,,proposta,
CAOA CHERY,TIGGO 3X,automoveis,2021-07,2022-12,nacional,2021-07,2022-12,desconhecido,8132,,,proposta,
PORSCHE,911,automoveis,2003-08,2026-08,importado,2003-08,2026-08,nao_se_aplica,8059,,,proposta,
SUZUKI,SX4,automoveis,2009-03,2016-11,importado,2009-03,2016-11,nao_se_aplica,8001,,,proposta,
SUBARU,FORESTER,automoveis,2003-01,2017-09,importado,2003-01,2017-09,nao_se_aplica,7993,,,proposta,
EFFA,V21,comerciais_leves,2017-02,2026-08,importado,2017-02,2026-08,nao_se_aplica,7929,,,proposta,
VW,MAN/EXPRESS,comerciais_leves,2020-09,2023-06,nacional,2020-09,2023-06,desconhecido,7892,,,proposta,
JAC,J6,automoveis,2011-08,2019-03,importado,2011-08,2019-03,nao_se_aplica,7819,,,proposta,
VW TRUCK E BUS,EXPRESS,comerciais_leves,2023-07,2026-08,nacional,2023-07,2026-08,desconhecido,7589,,,proposta,
NISSAN,TIIDA SEDAN,automoveis,2010-06,2011-12,importado,2010-06,2011-12,nao_se_aplica,7444,,,proposta,
DODGE,RAM,comerciais_leves,2003-05,2019-09,importado,2003-05,2019-09,nao_se_aplica,7373,,,proposta,
M.BENZ,CLASSE B,automoveis,2006-02,2018-10,importado,2006-02,2018-10,nao_se_aplica,7271,,,proposta,
NISSAN,V-DRIVE,automoveis,2020-08,2022-06,nacional,2020-08,2022-06,desconhecido,7261,,,proposta,
FORD,BRONCO,automoveis,2022-01,2025-12,importado,2022-01,2025-12,nao_se_aplica,6990,,,proposta,
VW,EXPRESS,comerciais_leves,2018-03,2020-08,nacional,2018-03,2020-08,desconhecido,6895,,,proposta,
IVECO,DAILY 30-130,comerciais_leves,2020-04,2026-08,nacional,2020-04,2026-08,desconhecido,6854,,,proposta,
VW,JETTA VARIANT,automoveis,2008-02,2018-04,importado,2008-02,2018-04,nao_se_aplica,6775,,,proposta,
GWM,TANK 300,automoveis,2025-05,2026-08,importado,2025-05,2026-08,nao_se_aplica,6713,,,proposta,
TOYOTA,PRIUS,automoveis,2006-05,2021-02,importado,2006-05,2021-02,nao_se_aplica,6643,,,proposta,
GM,CAMARO,automoveis,2010-01,2024-12,importado,2010-01,2024-12,nao_se_aplica,6641,,,proposta,
PORSCHE,CAYENNE,automoveis,2003-04,2025-05,importado,2003-04,2025-05,nao_se_aplica,6558,,,proposta,
VOLVO,EX30,automoveis,2024-05,2026-01,importado,2024-05,2026-01,nao_se_aplica,6514,,,proposta,
SSANGYONG,ACTYON,automoveis,2008-01,2013-03,importado,2008-01,2013-03,nao_se_aplica,6212,,,proposta,
FORD,MUSTANG,automoveis,2005-02,2026-08,importado,2005-02,2026-08,nao_se_aplica,6195,,,proposta,
BMW,X3,automoveis,2004-01,2024-11,ambos,2004-01,2024-11,desconhecido,6080,,,proposta,
MITSUBISHI,AIRTREK,automoveis,2003-05,2009-07,importado,2003-05,2009-07,nao_se_aplica,5889,,,proposta,
GWM,POER,comerciais_leves,2025-08,2026-08,,2025-08,2026-07,desconhecido,5201,,,proposta,
GWM,POER,comerciais_leves,2025-08,2026-08,,2026-08,2026-08,fabricacao,621,https://www.gwmmotors.com.br/pt/media-center/news/2026/um-ano-apos-inauguracao-fabrica-da-gwm-em-iracemapolis-consolida-operacao-industrial-e-impulsiona-crescimento-da-marca-no-brasil,oficial,regra_fonte_forte,"Fonte oficial da GWM (18/08/2026): 'Hoje' -- o periodo e' so' agosto de 2026. No inicio a GWM declarava processo 'peca a peca, mais complexo que o SKD e o CKD tradicionais' (gwm_iracemapolis_autoentusiastas), o que nao e' um dos tres modos."
HYUNDAI,I20,automoveis,2026-07,2026-08,,2026-07,2026-08,desconhecido,5710,,,proposta,
BMW,328,automoveis,2008-01,2014-09,importado,2008-01,2014-09,nao_se_aplica,2914,,,regra_fonte_fraca,
BMW,328,automoveis,2014-10,2019-05,nacional,2014-10,2019-05,desconhecido,2793,,,proposta,
M.BENZ,A 200,automoveis,2005-10,2018-12,importado,2005-10,2018-12,nao_se_aplica,5693,,,proposta,
RAM,1500,comerciais_leves,2021-04,2026-08,importado,2021-04,2026-08,nao_se_aplica,5670,,,proposta,
GM,OMEGA,automoveis,2003-01,2012-12,importado,2003-01,2012-12,nao_se_aplica,5558,,,proposta,
KIA,K2700,comerciais_leves,2003-01,2019-08,importado,2003-01,2019-08,nao_se_aplica,5391,,,proposta,
HAFEI,MINIVAN,comerciais_leves,2008-10,2017-07,importado,2008-10,2017-07,nao_se_aplica,5352,,,proposta,
CAOA CHERY,TIGGO,automoveis,2020-03,2021-04,,2020-03,2021-04,desconhecido,5265,,,proposta,
IVECO,DAILY 35-150,comerciais_leves,2020-03,2023-10,nacional,2020-03,2023-10,desconhecido,5086,,,proposta,
FIAT,MAREA,automoveis,2003-01,2010-01,nacional,2003-01,2010-01,desconhecido,5077,,,proposta,
SSANGYONG,KYRONM,automoveis,2007-09,2012-12,importado,2007-09,2012-12,nao_se_aplica,5044,,,proposta,
M.BENZ,CLASSE E,automoveis,2003-01,2026-08,importado,2003-01,2026-08,nao_se_aplica,4859,,,proposta,
SUZUKI,VITARA,automoveis,2003-02,2019-12,importado,2003-02,2019-12,nao_se_aplica,4853,,,proposta,
LEAPMOTOR,C10,automoveis,2026-01,2026-08,importado,2026-01,2026-08,nao_se_aplica,4793,,,proposta,
TOYOTA,LAND CRUISE,automoveis,2003-05,2009-12,importado,2003-05,2009-12,nao_se_aplica,4740,,,proposta,
BMW,X5,automoveis,2003-01,2023-12,importado,2003-01,2023-12,nao_se_aplica,4696,,,proposta,
CITROEN,C5,automoveis,2003-01,2012-05,importado,2003-01,2012-05,nao_se_aplica,4671,,,proposta,
M.BENZ,CLA200,automoveis,2014-01,2026-08,importado,2014-01,2026-08,nao_se_aplica,4670,,,proposta,
HAFEI,MINI,comerciais_leves,2008-10,2019-01,importado,2008-10,2019-01,nao_se_aplica,4638,,,proposta,
KIA,BESTA,comerciais_leves,2003-01,2021-05,importado,2003-01,2021-05,nao_se_aplica,4539,,,proposta,
M.BENZ,GLC,automoveis,2016-04,2025-11,importado,2016-04,2025-11,nao_se_aplica,4500,,,proposta,
PEUGEOT,307SW,automoveis,2003-03,2014-02,importado,2003-03,2014-02,nao_se_aplica,4474,,,proposta,
NISSAN,XTERRA,automoveis,2003-05,2008-12,nacional,2003-05,2008-12,desconhecido,4351,,,proposta,
M.BENZ,SLK,automoveis,2004-10,2016-12,importado,2004-10,2016-12,nao_se_aplica,4343,,,proposta,
JAC,J5,automoveis,2011-09,2017-08,importado,2011-09,2017-08,nao_se_aplica,4246,,,proposta,
GM,SPARK,automoveis,2026-03,2026-08,nacional,2026-03,2026-03,skd,628,https://www.vrum.com.br/noticias/2026/03/7384685-gm-comeca-a-distribuir-chevrolet-spark-euv-produzido-no-ceara.html,imprensa_geral,regra_fonte_fraca,"Materia de 26/03/2026, Horizonte (CE). A mesma pagina diz que a montagem comecou em dezembro de 2025: periodo 2025-12 a 2026-03."
GM,SPARK,automoveis,2026-03,2026-08,nacional,2026-04,2026-08,desconhecido,3459,,,proposta,
PORSCHE,BOXSTER,automoveis,2004-02,2026-08,importado,2004-02,2026-08,nao_se_aplica,4080,,,proposta,
M.BENZ,CLASSE GLB,automoveis,2021-01,2023-08,importado,2021-01,2023-08,nao_se_aplica,4042,,,proposta,
HYUNDAI,I30 SW,automoveis,2011-01,2024-09,importado,2011-01,2024-09,nao_se_aplica,3958,,,proposta,
TOYOTA,CAMRY,automoveis,2004-01,2024-06,importado,2004-01,2024-06,nao_se_aplica,3823,,,proposta,
FORD,F150,comerciais_leves,2003-01,2026-08,importado,2003-01,2026-08,nao_se_aplica,3750,,,proposta,
RENAULT,KANGOO,automoveis,2003-01,2023-10,,2003-01,2023-10,desconhecido,3724,,,proposta,
M.BENZ,SPRINTER 315,comerciais_leves,2022-05,2025-09,importado,2022-05,2025-09,nao_se_aplica,3723,,,proposta,
RAM,CLASSIC,comerciais_leves,2022-10,2024-09,importado,2022-10,2024-09,nao_se_aplica,3653,,,proposta,
JAC,T40,automoveis,2017-12,2019-03,importado,2017-12,2019-03,nao_se_aplica,3562,,,proposta,
JAC,T5,automoveis,2016-04,2018-07,importado,2016-04,2018-07,nao_se_aplica,3531,,,proposta,
M.BENZ,SPRINTER 413,comerciais_leves,2003-01,2019-05,importado,2003-01,2019-05,nao_se_aplica,3504,,,proposta,
VOLVO,S60,automoveis,2011-07,2021-12,importado,2011-07,2021-12,nao_se_aplica,3319,,,proposta,
HYUNDAI,VELOSTER,automoveis,2011-10,2011-11,importado,2011-10,2011-11,nao_se_aplica,3235,,,proposta,
RAM,DAKOTA,comerciais_leves,2026-01,2026-08,importado,2026-01,2026-08,nao_se_aplica,3200,,,proposta,
VW,GOLF VARIANT,automoveis,2015-05,2021-09,importado,2015-05,2021-09,nao_se_aplica,3139,,,proposta,
GM,SILVERADO,comerciais_leves,2003-01,2021-12,nacional,2003-01,2021-12,desconhecido,93,,,proposta,
GM,SILVERADO,comerciais_leves,2022-01,2026-08,importado,2022-01,2026-08,nao_se_aplica,3008,,,proposta,
PORSCHE,MACAN,automoveis,2022-03,2025-04,importado,2022-03,2025-04,nao_se_aplica,2991,,,proposta,
BMW,330E,automoveis,2020-04,2026-08,,2020-04,2026-08,desconhecido,2978,,,proposta,
BMW,Z4,automoveis,2006-12,2021-12,importado,2006-12,2021-12,nao_se_aplica,2940,,,proposta,
LAND ROVER,DEFENDER,automoveis,2003-01,2023-10,importado,2003-01,2023-10,nao_se_aplica,2903,,,proposta,
GM,MALIBU,automoveis,2010-06,2014-02,importado,2010-06,2014-02,nao_se_aplica,2871,,,proposta,
M.BENZ,CLASSE M,automoveis,2003-01,2014-02,importado,2003-01,2014-02,nao_se_aplica,2846,,,proposta,
VOLVO,XC90,automoveis,2003-03,2024-01,importado,2003-03,2024-01,nao_se_aplica,2812,,,proposta,
LIFAN,LF 530,automoveis,2015-01,2018-12,importado,2015-01,2018-12,nao_se_aplica,2796,,,proposta,
BMW,X4,automoveis,2015-01,2023-12,,2015-01,2023-12,desconhecido,2768,,,proposta,
JINBEI,TOPIC,comerciais_leves,2010-10,2018-05,importado,2010-10,2018-05,nao_se_aplica,2749,,,proposta,
BYD,YUAN PLUS,automoveis,2023-01,2024-07,importado,2023-01,2024-07,nao_se_aplica,2747,,,proposta,
CAOA CHANGAN,UNIT-T,automoveis,2026-06,2026-08,,2026-06,2026-08,desconhecido,2712,,,proposta,
CAOA CHERY,TIGGO 2,automoveis,2021-05,2021-12,,2021-05,2021-12,desconhecido,2698,,,proposta,
CHERY,ARRIZO 5,automoveis,2019-01,2020-02,nacional,2019-01,2020-02,desconhecido,2682,,,proposta,
SMART,FORTWO,automoveis,2005-06,2011-02,importado,2005-06,2011-02,nao_se_aplica,2677,,,proposta,
KIA,CARNIVAL,automoveis,2008-01,2026-08,importado,2008-01,2026-08,nao_se_aplica,2614,,,proposta,
KIA,MAGENTIS,automoveis,2006-12,2010-12,importado,2006-12,2010-12,nao_se_aplica,2611,,,proposta,
GEELY,EX5 EM-I,automoveis,2026-07,2026-08,importado,2026-07,2026-08,nao_se_aplica,2582,,,proposta,
M.BENZ,SPRINTER 416,comerciais_leves,2019-11,2023-11,importado,2019-11,2023-11,nao_se_aplica,2431,,,proposta,
LIFAN,FOISON,comerciais_leves,2014-06,2020-07,importado,2014-06,2020-07,nao_se_aplica,2387,,,proposta,
EFFA,V22,comerciais_leves,2016-11,2026-08,importado,2016-11,2026-08,nao_se_aplica,2347,,,proposta,
IVECO,DAILY 35S14,comerciais_leves,2008-03,2021-09,nacional,2008-03,2021-09,desconhecido,2321,,,proposta,
GEELY,EX5,automoveis,2026-05,2026-06,importado,2026-05,2026-06,nao_se_aplica,2302,,,proposta,
IVECO,DAILY 30S13,comerciais_leves,2018-06,2023-08,nacional,2018-06,2023-08,desconhecido,2279,,,proposta,
PORSCHE,PANAMERA,automoveis,2010-01,2026-08,importado,2010-01,2026-08,nao_se_aplica,2263,,,proposta,
BMW,325,automoveis,2005-05,2011-12,importado,2005-05,2011-12,nao_se_aplica,2241,,,proposta,
RELY,RELY PICK-UP,comerciais_leves,2012-12,2021-02,importado,2012-12,2021-02,nao_se_aplica,2181,,,proposta,
CHERY,TIGGO 7,automoveis,2019-07,2020-02,nacional,2019-07,2020-02,desconhecido,2142,,,proposta,
GAC,AION UT,automoveis,2026-07,2026-08,importado,2026-07,2026-08,nao_se_aplica,2043,,,proposta,
M.BENZ,C 250,automoveis,2011-06,2016-01,importado,2011-06,2016-01,nao_se_aplica,2003,,,proposta,
KIA,MOHAVE,automoveis,2009-04,2013-02,importado,2009-04,2013-02,nao_se_aplica,2000,,,proposta,
EFFA,M100,automoveis,2008-04,2021-02,importado,2008-04,2021-02,nao_se_aplica,1994,,,proposta,
GAC,GS4,automoveis,2026-01,2026-05,,2026-01,2026-05,desconhecido,1980,,,proposta,
CHRYSLER,300C,automoveis,2006-01,2014-03,importado,2006-01,2014-03,nao_se_aplica,1953,,,proposta,
SSANGYONG,KORANDO,automoveis,2003-01,2014-08,importado,2003-01,2014-08,nao_se_aplica,1948,,,proposta,
CHERY,CELER,automoveis,2015-05,2018-02,nacional,2015-05,2018-02,desconhecido,1919,,,proposta,
M.BENZ,SPRINTER 314,comerciais_leves,2009-04,2023-08,importado,2009-04,2023-08,nao_se_aplica,1912,,,proposta,
BYD,SHARK,comerciais_leves,2024-10,2026-08,importado,2024-10,2026-08,nao_se_aplica,1901,,,proposta,
SHINERAY,P TRUCKS,comerciais_leves,2012-02,2025-07,,2012-02,2025-07,desconhecido,1884,,,proposta,
CHERY,CELER SEDAN,automoveis,2014-01,2018-12,nacional,2014-01,2018-12,desconhecido,1845,,,proposta,
HAFEI,START PICK UP,comerciais_leves,2011-10,2020-07,importado,2011-10,2020-07,nao_se_aplica,1844,,,proposta,
FIAT,UNO,comerciais_leves,2003-01,2021-07,nacional,2003-01,2021-07,desconhecido,1815,,,proposta,
TOYOTA,HIACE,comerciais_leves,2008-03,2026-08,importado,2008-03,2026-08,nao_se_aplica,1780,,,proposta,
AUDI,TT,automoveis,2007-06,2022-01,importado,2007-06,2022-01,nao_se_aplica,1761,,,proposta,
VW,PASSAT VAR,automoveis,2006-09,2012-06,importado,2006-09,2012-06,nao_se_aplica,1754,,,proposta,
LIFAN,LF 620,automoveis,2010-08,2013-12,importado,2010-08,2013-12,nao_se_aplica,1749,,,proposta,
M.BENZ,CLASSE CLC,automoveis,2009-02,2011-02,nacional,2009-02,2011-02,desconhecido,1742,,,proposta,
HYUNDAI,H100,comerciais_leves,2003-01,2018-07,importado,2003-01,2018-07,nao_se_aplica,1701,,,proposta,
KIA,OPTIMA,automoveis,2012-04,2015-02,importado,2012-04,2015-02,nao_se_aplica,1692,,,proposta,
VW,BEETLE,automoveis,2007-01,2008-03,importado,2007-01,2008-03,nao_se_aplica,1642,,,proposta,
M.BENZ,CLA180,automoveis,2018-01,2019-12,importado,2018-01,2019-12,nao_se_aplica,1620,,,proposta,
LIFAN,LF 320,automoveis,2011-01,2011-09,importado,2011-01,2011-09,nao_se_aplica,1601,,,proposta,
PORSCHE,CAYMAN,automoveis,2006-02,2026-08,importado,2006-02,2026-08,nao_se_aplica,1596,,,proposta,
HAFEI,ZHONGYI VAN,comerciais_leves,2008-05,2022-02,importado,2008-05,2022-02,nao_se_aplica,1590,,,proposta,
FOTON,AUMARK 1039,comerciais_leves,2013-02,2023-06,,2013-02,2023-06,desconhecido,1560,,,proposta,
BMW,330I,automoveis,2006-04,2020-12,,2006-04,2020-12,desconhecido,1509,,,proposta,
NISSAN,XTRAIL,automoveis,2005-05,2010-08,importado,2005-05,2010-08,nao_se_aplica,1498,,,proposta,
PEUGEOT,407,automoveis,2005-08,2009-12,importado,2005-08,2009-12,nao_se_aplica,1495,,,proposta,
BMW,X6,automoveis,2008-12,2023-02,importado,2008-12,2023-02,nao_se_aplica,1491,,,proposta,
BMW,318,automoveis,2011-09,2012-12,importado,2011-09,2012-12,nao_se_aplica,1434,,,proposta,
FIAT,MAREA WEEKEND,automoveis,2003-01,2017-09,nacional,2003-01,2017-09,desconhecido,1411,,,proposta,
M.BENZ,CLA250,automoveis,2015-02,2023-11,importado,2015-02,2023-11,nao_se_aplica,1393,,,proposta,
MINI,COOPER SCYMAN,automoveis,2011-01,2013-04,importado,2011-01,2013-04,nao_se_aplica,1375,,,proposta,
KIA,CADENZA,automoveis,2011-01,2013-05,importado,2011-01,2013-05,nao_se_aplica,1313,,,proposta,
AUDI,A4 AVANT,automoveis,2003-01,2020-08,importado,2003-01,2020-08,nao_se_aplica,1299,,,proposta,
NISSAN,LEAF,automoveis,2020-10,2024-09,importado,2020-10,2024-09,nao_se_aplica,1291,,,proposta,
CHERY,CIELO SEDAN,automoveis,2010-05,2013-08,importado,2010-05,2013-08,nao_se_aplica,1290,,,proposta,
JAC,E-JS1,automoveis,2022-01,2024-02,importado,2022-01,2024-02,nao_se_aplica,1276,,,proposta,
CAOA CHERY,ARRIZO 5,automoveis,2020-03,2022-01,nacional,2020-03,2022-01,desconhecido,1272,,,proposta,
JAGUAR,XE,automoveis,2016-01,2019-12,importado,2016-01,2019-12,nao_se_aplica,1241,,,proposta,
NISSAN,PATHFINDER,automoveis,2003-01,2010-08,importado,2003-01,2010-08,nao_se_aplica,1239,,,proposta,
PORSCHE,TAYCAN,automoveis,2021-01,2026-04,importado,2021-01,2026-04,nao_se_aplica,1217,,,proposta,
BMW,M3,automoveis,2003-02,2026-08,importado,2003-02,2026-08,nao_se_aplica,1174,,,proposta,
VW,TOUAREG,automoveis,2004-02,2009-12,importado,2004-02,2009-12,nao_se_aplica,1172,,,proposta,
M.BENZ,SPRINTER 317,comerciais_leves,2025-04,2026-08,importado,2025-04,2026-08,nao_se_aplica,1165,,,proposta,
VOLVO,V40,automoveis,2003-04,2019-12,importado,2003-04,2019-12,nao_se_aplica,1144,,,proposta,
CITROEN,DS5,automoveis,2013-01,2016-04,importado,2013-01,2016-04,nao_se_aplica,1094,,,proposta,
NISSAN,ALTIMA,automoveis,2013-12,2015-12,importado,2013-12,2015-12,nao_se_aplica,1084,,,proposta,
MAHINDRA,SCORPIO,automoveis,2008-01,2010-12,nacional,2008-01,2010-12,desconhecido,1075,,,proposta,
FOTON,AUMARK S 315,comerciais_leves,2025-08,2026-08,,2025-08,2026-08,desconhecido,1059,,,proposta,
BMW,M2,automoveis,2017-01,2026-08,importado,2017-01,2026-08,nao_se_aplica,1058,,,proposta,
CHRYSLER,GCARAVAN,automoveis,2004-01,2023-01,importado,2004-01,2023-01,nao_se_aplica,1049,,,proposta,
JAC,T6,automoveis,2015-07,2016-05,importado,2015-07,2016-05,nao_se_aplica,1045,,,proposta,
JETOUR,T2,automoveis,2026-08,2026-08,importado,2026-08,2026-08,nao_se_aplica,1036,,,proposta,
KIA,STONIC,automoveis,2022-03,2023-08,importado,2022-03,2023-08,nao_se_aplica,1035,,,proposta,
JINBEI,M35,comerciais_leves,2009-02,2021-09,importado,2009-02,2021-09,nao_se_aplica,1031,,,proposta,
VOLVO,V60,automoveis,2011-12,2020-11,importado,2011-12,2020-11,nao_se_aplica,1027,,,proposta,
M.BENZ,VITO,comerciais_leves,2015-12,2021-09,importado,2015-12,2021-09,nao_se_aplica,1002,,,proposta,
