mes,segmento,total_publicado,total_painel,cobertura_pct,diferenca,diferenca_pct
2003-01,automoveis,96383,95963,99.564,-420,0.436
2003-01,comerciais_leves,10224,10223,99.99,-1,0.01
2003-02,automoveis,100258,99866,99.609,-392,0.391
2003-02,comerciais_leves,11447,11446,99.991,-1,0.009
2003-03,automoveis,86451,86156,99.659,-295,0.341
2003-03,comerciais_leves,9533,9532,99.99,-1,0.01
2003-04,automoveis,92118,91748,99.598,-370,0.402
2003-04,comerciais_leves,9751,9750,99.99,-1,0.01
2003-05,automoveis,89352,89099,99.717,-253,0.283
2003-05,comerciais_leves,10236,10235,99.99,-1,0.01
2003-06,automoveis,84524,84226,99.647,-298,0.353
2003-06,comerciais_leves,8878,8877,99.989,-1,0.011
2003-07,automoveis,95924,95582,99.643,-342,0.357
2003-07,comerciais_leves,10032,10031,99.99,-1,0.01
2003-08,automoveis,85079,84845,99.725,-234,0.275
2003-08,comerciais_leves,8899,8898,99.989,-1,0.011
2003-09,automoveis,107067,106711,99.667,-356,0.333
2003-09,comerciais_leves,10954,10953,99.991,-1,0.009
2003-10,automoveis,120938,119775,99.038,-1163,0.962
2003-10,comerciais_leves,11972,11971,99.992,-1,0.008
2003-11,automoveis,111051,110756,99.734,-295,0.266
2003-11,comerciais_leves,12246,12245,99.992,-1,0.008
2003-12,automoveis,145248,144970,99.809,-278,0.191
2003-12,comerciais_leves,16157,16156,99.994,-1,0.006
2004-01,automoveis,90561,90401,99.823,-160,0.177
2004-01,comerciais_leves,10439,10438,99.99,-1,0.01
2004-02,automoveis,87706,87549,99.821,-157,0.179
2004-02,comerciais_leves,10528,10527,99.991,-1,0.009
2004-03,automoveis,117360,117173,99.841,-187,0.159
2004-03,comerciais_leves,15163,15163,100.0,0,0.0
2004-04,automoveis,93760,93600,99.829,-160,0.171
2004-04,comerciais_leves,13049,13048,99.992,-1,0.008
2004-05,automoveis,101331,101168,99.839,-163,0.161
2004-05,comerciais_leves,13273,13272,99.992,-1,0.008
2004-06,automoveis,109129,108954,99.84,-175,0.16
2004-06,comerciais_leves,13216,13215,99.992,-1,0.008
2004-07,automoveis,112463,112249,99.81,-214,0.19
2004-07,comerciais_leves,12977,12976,99.992,-1,0.008
2004-08,automoveis,108307,108158,99.862,-149,0.138
2004-08,comerciais_leves,13619,13618,99.993,-1,0.007
2004-09,automoveis,114479,114314,99.856,-165,0.144
2004-09,comerciais_leves,14763,14762,99.993,-1,0.007
2004-10,automoveis,113546,113352,99.829,-194,0.171
2004-10,comerciais_leves,14788,14787,99.993,-1,0.007
2004-11,automoveis,116164,115948,99.814,-216,0.186
2004-11,comerciais_leves,14184,14182,99.986,-2,0.014
2004-12,automoveis,150188,149924,99.824,-264,0.176
2004-12,comerciais_leves,17927,17926,99.994,-1,0.006
2005-01,automoveis,88575,88427,99.833,-148,0.167
2005-01,comerciais_leves,11080,11079,99.991,-1,0.009
2005-02,automoveis,95681,95530,99.842,-151,0.158
2005-02,comerciais_leves,12213,12212,99.992,-1,0.008
2005-03,automoveis,124402,123201,99.035,-1201,0.965
2005-03,comerciais_leves,16216,16215,99.994,-1,0.006
2005-04,automoveis,114246,113994,99.779,-252,0.221
2005-04,comerciais_leves,14907,14906,99.993,-1,0.007
2005-05,automoveis,119220,118951,99.774,-269,0.226
2005-05,comerciais_leves,15846,15844,99.987,-2,0.013
2005-06,automoveis,123133,122828,99.752,-305,0.248
2005-06,comerciais_leves,16642,16641,99.994,-1,0.006
2005-07,automoveis,115200,114931,99.766,-269,0.234
2005-07,comerciais_leves,15341,15339,99.987,-2,0.013
2005-08,automoveis,126906,126619,99.774,-287,0.226
2005-08,comerciais_leves,16469,16468,99.994,-1,0.006
2005-09,automoveis,120942,120660,99.767,-282,0.233
2005-09,comerciais_leves,15883,15883,100.0,0,0.0
2005-10,automoveis,116676,116434,99.793,-242,0.207
2005-10,comerciais_leves,13973,13972,99.993,-1,0.007
2005-11,automoveis,136244,135962,99.793,-282,0.207
2005-11,comerciais_leves,14538,14535,99.979,-3,0.021
2005-12,automoveis,157913,157526,99.755,-387,0.245
2005-12,comerciais_leves,17572,17537,99.801,-35,0.199
2006-01,automoveis,112655,112357,99.735,-298,0.265
2006-01,comerciais_leves,13190,13131,99.553,-59,0.447
2006-02,automoveis,108513,108203,99.714,-310,0.286
2006-02,comerciais_leves,13018,12990,99.785,-28,0.215
2006-03,automoveis,130994,130702,99.777,-292,0.223
2006-03,comerciais_leves,17240,17207,99.809,-33,0.191
2006-04,automoveis,109706,109461,99.777,-245,0.223
2006-04,comerciais_leves,14755,14730,99.831,-25,0.169
2006-05,automoveis,137986,137653,99.759,-333,0.241
2006-05,comerciais_leves,17534,17498,99.795,-36,0.205
2006-06,automoveis,124384,124110,99.78,-274,0.22
2006-06,comerciais_leves,16480,16450,99.818,-30,0.182
2006-07,automoveis,141159,140781,99.732,-378,0.268
2006-07,comerciais_leves,16894,16850,99.74,-44,0.26
2006-08,automoveis,150756,150278,99.683,-478,0.317
2006-08,comerciais_leves,19233,19185,99.75,-48,0.25
2006-09,automoveis,134612,134046,99.58,-566,0.42
2006-09,comerciais_leves,16572,16540,99.807,-32,0.193
2006-10,automoveis,148209,147674,99.639,-535,0.361
2006-10,comerciais_leves,18585,18550,99.812,-35,0.188
2006-11,automoveis,156083,155363,99.539,-720,0.461
2006-11,comerciais_leves,17933,17905,99.844,-28,0.156
2006-12,automoveis,177142,176496,99.635,-646,0.365
2006-12,comerciais_leves,18838,18818,99.894,-20,0.106
2007-01,automoveis,130045,129413,99.514,-632,0.486
2007-01,comerciais_leves,15420,15398,99.857,-22,0.143
2007-02,automoveis,123961,123602,99.71,-359,0.29
2007-02,comerciais_leves,15658,15641,99.891,-17,0.109
2007-03,automoveis,162294,161638,99.596,-656,0.404
2007-03,comerciais_leves,21469,21458,99.949,-11,0.051
2007-04,automoveis,151247,150557,99.544,-690,0.456
2007-04,comerciais_leves,18795,18764,99.835,-31,0.165
2007-05,automoveis,180258,179226,99.427,-1032,0.573
2007-05,comerciais_leves,20041,20014,99.865,-27,0.135
2007-06,automoveis,169429,168484,99.442,-945,0.558
2007-06,comerciais_leves,19348,19341,99.964,-7,0.036
2007-07,automoveis,184227,183548,99.631,-679,0.369
2007-07,comerciais_leves,22105,22101,99.982,-4,0.018
2007-08,automoveis,198511,197486,99.484,-1025,0.516
2007-08,comerciais_leves,25395,25391,99.984,-4,0.016
2007-09,automoveis,172738,171567,99.322,-1171,0.678
2007-09,comerciais_leves,21360,21353,99.967,-7,0.033
2007-10,automoveis,206380,205076,99.368,-1304,0.632
2007-10,comerciais_leves,26128,26118,99.962,-10,0.038
2007-11,automoveis,200820,199527,99.356,-1293,0.644
2007-11,comerciais_leves,24925,24921,99.984,-4,0.016
2007-12,automoveis,205475,204150,99.355,-1325,0.645
2007-12,comerciais_leves,25835,25827,99.969,-8,0.031
2008-01,automoveis,180331,178768,99.133,-1563,0.867
2008-01,comerciais_leves,25115,25112,99.988,-3,0.012
2008-02,automoveis,167344,166245,99.343,-1099,0.657
2008-02,comerciais_leves,23762,23714,99.798,-48,0.202
2008-03,automoveis,194031,193053,99.496,-978,0.504
2008-03,comerciais_leves,26868,26836,99.881,-32,0.119
2008-04,automoveis,218005,216331,99.232,-1674,0.768
2008-04,comerciais_leves,30009,29964,99.85,-45,0.15
2008-05,automoveis,203243,201617,99.2,-1626,0.8
2008-05,comerciais_leves,26717,26695,99.918,-22,0.082
2008-06,automoveis,213068,211351,99.194,-1717,0.806
2008-06,comerciais_leves,29787,29770,99.943,-17,0.057
2008-07,automoveis,239158,237307,99.226,-1851,0.774
2008-07,comerciais_leves,33815,33809,99.982,-6,0.018
2008-08,automoveis,201124,199512,99.199,-1612,0.801
2008-08,comerciais_leves,29983,29959,99.92,-24,0.08
2008-09,automoveis,223766,221784,99.114,-1982,0.886
2008-09,comerciais_leves,30380,30363,99.944,-17,0.056
2008-10,automoveis,195234,193243,98.98,-1991,1.02
2008-10,comerciais_leves,29524,29512,99.959,-12,0.041
2008-11,automoveis,143415,142314,99.232,-1101,0.768
2008-11,comerciais_leves,22863,22857,99.974,-6,0.026
2008-12,automoveis,163262,161168,98.717,-2094,1.283
2008-12,comerciais_leves,20632,20614,99.913,-18,0.087
2009-01,automoveis,169897,168106,98.946,-1791,1.054
2009-01,comerciais_leves,19869,19851,99.909,-18,0.091
2009-02,automoveis,167531,165474,98.772,-2057,1.228
2009-02,comerciais_leves,23812,23804,99.966,-8,0.034
2009-03,automoveis,229493,227264,99.029,-2229,0.971
2009-03,comerciais_leves,31494,31468,99.917,-26,0.083
2009-04,automoveis,197372,196143,99.377,-1229,0.623
2009-04,comerciais_leves,27022,27017,99.981,-5,0.019
2009-05,automoveis,208959,207874,99.481,-1085,0.519
2009-05,comerciais_leves,28404,28394,99.965,-10,0.035
2009-06,automoveis,257212,255273,99.246,-1939,0.754
2009-06,comerciais_leves,32553,32532,99.935,-21,0.065
2009-07,automoveis,239653,237661,99.169,-1992,0.831
2009-07,comerciais_leves,33958,33942,99.953,-16,0.047
2009-08,automoveis,216470,215271,99.446,-1199,0.554
2009-08,comerciais_leves,31070,31054,99.949,-16,0.051
2009-09,automoveis,264957,263314,99.38,-1643,0.62
2009-09,comerciais_leves,31696,31686,99.968,-10,0.032
2009-10,automoveis,247230,245466,99.286,-1764,0.714
2009-10,comerciais_leves,34082,34048,99.9,-34,0.1
2009-11,automoveis,205803,204491,99.362,-1312,0.638
2009-11,comerciais_leves,32663,32656,99.979,-7,0.021
2009-12,automoveis,240033,238051,99.174,-1982,0.826
2009-12,comerciais_leves,37861,37834,99.929,-27,0.071
2010-01,automoveis,172364,169602,98.398,-2762,1.602
2010-01,comerciais_leves,29360,29348,99.959,-12,0.041
2010-02,automoveis,181804,180135,99.082,-1669,0.918
2010-02,comerciais_leves,29556,29549,99.976,-7,0.024
2010-03,automoveis,295447,292889,99.134,-2558,0.866
2010-03,comerciais_leves,41912,41903,99.979,-9,0.021
2010-04,automoveis,225311,223219,99.072,-2092,0.928
2010-04,comerciais_leves,36559,36547,99.967,-12,0.033
2010-05,automoveis,198288,196891,99.295,-1397,0.705
2010-05,comerciais_leves,37470,37456,99.963,-14,0.037
2010-06,automoveis,208158,205672,98.806,-2486,1.194
2010-06,comerciais_leves,39313,39293,99.949,-20,0.051
2010-07,automoveis,243242,240571,98.902,-2671,1.098
2010-07,comerciais_leves,41955,41927,99.933,-28,0.067
2010-08,automoveis,255060,251249,98.506,-3811,1.494
2010-08,comerciais_leves,41505,41478,99.935,-27,0.065
2010-09,automoveis,250784,247310,98.615,-3474,1.385
2010-09,comerciais_leves,40621,40588,99.919,-33,0.081
2010-10,automoveis,246034,242651,98.625,-3383,1.375
2010-10,comerciais_leves,41546,41506,99.904,-40,0.096
2010-11,automoveis,268606,265010,98.661,-3596,1.339
2010-11,comerciais_leves,42752,42723,99.932,-29,0.068
2010-12,automoveis,312741,307338,98.272,-5403,1.728
2010-12,comerciais_leves,48476,48449,99.944,-27,0.056
2011-01,automoveis,196008,192438,98.179,-3570,1.821
2011-01,comerciais_leves,34105,34064,99.88,-41,0.12
2011-02,automoveis,219235,214776,97.966,-4459,2.034
2011-02,comerciais_leves,39554,39539,99.962,-15,0.038
2011-03,automoveis,243956,239650,98.235,-4306,1.765
2011-03,comerciais_leves,44754,44738,99.964,-16,0.036
2011-04,automoveis,231736,227330,98.099,-4406,1.901
2011-04,comerciais_leves,41145,41133,99.971,-12,0.029
2011-05,automoveis,254055,249227,98.1,-4828,1.9
2011-05,comerciais_leves,46431,46413,99.961,-18,0.039
2011-06,automoveis,242728,237169,97.71,-5559,2.29
2011-06,comerciais_leves,44180,44147,99.925,-33,0.075
2011-07,automoveis,242128,237534,98.103,-4594,1.897
2011-07,comerciais_leves,45819,45793,99.943,-26,0.057
2011-08,automoveis,258206,253134,98.036,-5072,1.964
2011-08,comerciais_leves,49558,49542,99.968,-16,0.032
2011-09,automoveis,249575,243386,97.52,-6189,2.48
2011-09,comerciais_leves,44004,43983,99.952,-21,0.048
2011-10,automoveis,223586,218810,97.864,-4776,2.136
2011-10,comerciais_leves,40195,40171,99.94,-24,0.06
2011-11,automoveis,259285,253929,97.934,-5356,2.066
2011-11,comerciais_leves,45906,45884,99.952,-22,0.048
2011-12,automoveis,281655,273605,97.142,-8050,2.858
2011-12,comerciais_leves,47547,47509,99.92,-38,0.08
2012-01,automoveis,215432,210684,97.796,-4748,2.204
2012-01,comerciais_leves,37223,37209,99.962,-14,0.038
2012-02,automoveis,201936,197784,97.944,-4152,2.056
2012-02,comerciais_leves,33894,33875,99.944,-19,0.056
2012-03,automoveis,240644,235843,98.005,-4801,1.995
2012-03,comerciais_leves,43445,43418,99.938,-27,0.062
2012-04,automoveis,207947,203394,97.81,-4553,2.19
2012-04,comerciais_leves,36872,36855,99.954,-17,0.046
2012-05,automoveis,231589,227248,98.126,-4341,1.874
2012-05,comerciais_leves,42764,42749,99.965,-15,0.035
2012-06,automoveis,299317,295156,98.61,-4161,1.39
2012-06,comerciais_leves,41350,41339,99.973,-11,0.027
2012-07,automoveis,304151,299903,98.603,-4248,1.397
2012-07,comerciais_leves,47234,47208,99.945,-26,0.055
2012-08,automoveis,352048,346133,98.32,-5915,1.68
2012-08,comerciais_leves,53421,53397,99.955,-24,0.045
2012-09,automoveis,235077,230963,98.25,-4114,1.75
2012-09,comerciais_leves,42508,42493,99.965,-15,0.035
2012-10,automoveis,277598,273841,98.647,-3757,1.353
2012-10,comerciais_leves,49313,49295,99.963,-18,0.037
2012-11,automoveis,254755,250196,98.21,-4559,1.79
2012-11,comerciais_leves,42245,42231,99.967,-14,0.033
2012-12,automoveis,295012,288001,97.623,-7011,2.377
2012-12,comerciais_leves,48731,48725,99.988,-6,0.012
2013-01,automoveis,253429,248685,98.128,-4744,1.872
2013-01,comerciais_leves,43423,43414,99.979,-9,0.021
2013-02,automoveis,187320,183190,97.795,-4130,2.205
2013-02,comerciais_leves,35159,35149,99.972,-10,0.028
2013-03,automoveis,227273,223555,98.364,-3718,1.636
2013-03,comerciais_leves,41044,41026,99.956,-18,0.044
2013-04,automoveis,270481,265070,97.999,-5411,2.001
2013-04,comerciais_leves,46189,46171,99.961,-18,0.039
2013-05,automoveis,256351,251607,98.149,-4744,1.851
2013-05,comerciais_leves,44231,44219,99.973,-12,0.027
2013-06,automoveis,256606,252312,98.327,-4294,1.673
2013-06,comerciais_leves,46281,46256,99.946,-25,0.054
2013-07,automoveis,275878,271281,98.334,-4597,1.666
2013-07,comerciais_leves,48039,48012,99.944,-27,0.056
2013-08,automoveis,266284,261490,98.2,-4794,1.8
2013-08,comerciais_leves,46405,46380,99.946,-25,0.054
2013-09,automoveis,245803,241289,98.164,-4514,1.836
2013-09,comerciais_leves,48114,48090,99.95,-24,0.05
2013-10,automoveis,266996,262199,98.203,-4797,1.797
2013-10,comerciais_leves,46476,46444,99.931,-32,0.069
2013-11,automoveis,247875,243409,98.198,-4466,1.802
2013-11,comerciais_leves,40311,40347,100.089,36,-0.089
2013-12,automoveis,287567,281997,98.063,-5570,1.937
2013-12,comerciais_leves,48359,48329,99.938,-30,0.062
2014-01,automoveis,255437,250638,98.121,-4799,1.879
2014-01,comerciais_leves,44300,44277,99.948,-23,0.052
2014-02,automoveis,204155,200321,98.122,-3834,1.878
2014-02,comerciais_leves,41749,41726,99.945,-23,0.055
2014-03,automoveis,189961,186518,98.188,-3443,1.812
2014-03,comerciais_leves,38739,38725,99.964,-14,0.036
2014-04,automoveis,234956,231129,98.371,-3827,1.629
2014-04,comerciais_leves,44771,44747,99.946,-24,0.054
2014-05,automoveis,232623,228873,98.388,-3750,1.612
2014-05,comerciais_leves,45263,45226,99.918,-37,0.082
2014-06,automoveis,211418,208508,98.624,-2910,1.376
2014-06,comerciais_leves,39201,39173,99.929,-28,0.071
2014-07,automoveis,234608,231270,98.577,-3338,1.423
2014-07,comerciais_leves,45181,45146,99.923,-35,0.077
2014-08,automoveis,217040,213845,98.528,-3195,1.472
2014-08,comerciais_leves,42070,42015,99.869,-55,0.131
2014-09,automoveis,234533,231256,98.603,-3277,1.397
2014-09,comerciais_leves,47954,47921,99.931,-33,0.069
2014-10,automoveis,242710,238941,98.447,-3769,1.553
2014-10,comerciais_leves,48667,48635,99.934,-32,0.066
2014-11,automoveis,234777,231456,98.585,-3321,1.415
2014-11,comerciais_leves,45037,45005,99.929,-32,0.071
2014-12,automoveis,302916,298639,98.588,-4277,1.412
2014-12,comerciais_leves,50651,50621,99.941,-30,0.059
2015-01,automoveis,206164,203756,98.832,-2408,1.168
2015-01,comerciais_leves,37720,37702,99.952,-18,0.048
2015-02,automoveis,149834,147895,98.706,-1939,1.294
2015-02,comerciais_leves,28972,28956,99.945,-16,0.055
2015-03,automoveis,189874,187067,98.522,-2807,1.478
2015-03,comerciais_leves,36103,36059,99.878,-44,0.122
2015-04,automoveis,179231,176724,98.601,-2507,1.399
2015-04,comerciais_leves,32401,32390,99.966,-11,0.034
2015-05,automoveis,175636,173416,98.736,-2220,1.264
2015-05,comerciais_leves,29342,29325,99.942,-17,0.058
2015-06,automoveis,175269,173038,98.727,-2231,1.273
2015-06,comerciais_leves,29354,29342,99.959,-12,0.041
2015-07,automoveis,187008,184621,98.724,-2387,1.276
2015-07,comerciais_leves,32402,32388,99.957,-14,0.043
2015-08,automoveis,172636,170754,98.91,-1882,1.09
2015-08,comerciais_leves,27217,27205,99.956,-12,0.044
2015-09,automoveis,166361,164489,98.875,-1872,1.125
2015-09,comerciais_leves,26249,26237,99.954,-12,0.046
2015-10,automoveis,161604,159653,98.793,-1951,1.207
2015-10,comerciais_leves,23687,23678,99.962,-9,0.038
2015-11,automoveis,165986,163992,98.799,-1994,1.201
2015-11,comerciais_leves,23372,23368,99.983,-4,0.017
2015-12,automoveis,193217,190559,98.624,-2658,1.376
2015-12,comerciais_leves,27439,27433,99.978,-6,0.022
2016-01,automoveis,131272,130039,99.061,-1233,0.939
2016-01,comerciais_leves,18427,18423,99.978,-4,0.022
2016-02,automoveis,122702,121646,99.139,-1056,0.861
2016-02,comerciais_leves,19366,19356,99.948,-10,0.052
2016-03,automoveis,147655,146078,98.932,-1577,1.068
2016-03,comerciais_leves,25620,25612,99.969,-8,0.031
2016-04,automoveis,132032,130612,98.925,-1420,1.075
2016-04,comerciais_leves,25547,25540,99.973,-7,0.027
2016-05,automoveis,137448,136046,98.98,-1402,1.02
2016-05,comerciais_leves,24722,24717,99.98,-5,0.02
2016-06,automoveis,139559,138287,99.089,-1272,0.911
2016-06,comerciais_leves,26851,26847,99.985,-4,0.015
2016-07,automoveis,146590,145238,99.078,-1352,0.922
2016-07,comerciais_leves,28202,28198,99.986,-4,0.014
2016-08,automoveis,148888,147279,98.919,-1609,1.081
2016-08,comerciais_leves,29215,29208,99.976,-7,0.024
2016-09,automoveis,130854,129329,98.835,-1525,1.165
2016-09,comerciais_leves,24122,24116,99.975,-6,0.025
2016-10,automoveis,132230,130906,98.999,-1324,1.001
2016-10,comerciais_leves,22645,22642,99.987,-3,0.013
2016-11,automoveis,148687,147366,99.112,-1321,0.888
2016-11,comerciais_leves,24874,24869,99.98,-5,0.02
2016-12,automoveis,169990,168497,99.122,-1493,0.878
2016-12,comerciais_leves,29023,29015,99.972,-8,0.028
2017-01,automoveis,121399,120638,99.373,-761,0.627
2017-01,comerciais_leves,22181,22180,99.995,-1,0.005
2017-02,automoveis,112383,111716,99.406,-667,0.594
2017-02,comerciais_leves,20022,20020,99.99,-2,0.01
2017-03,automoveis,158084,157216,99.451,-868,0.549
2017-03,comerciais_leves,25766,25763,99.988,-3,0.012
2017-04,automoveis,131516,130797,99.453,-719,0.547
2017-04,comerciais_leves,20867,20861,99.971,-6,0.029
2017-05,automoveis,163294,162237,99.353,-1057,0.647
2017-05,comerciais_leves,26837,26828,99.966,-9,0.034
2017-06,automoveis,161199,159938,99.218,-1261,0.782
2017-06,comerciais_leves,28030,28017,99.954,-13,0.046
2017-07,automoveis,151703,150626,99.29,-1077,0.71
2017-07,comerciais_leves,27144,27140,99.985,-4,0.015
2017-08,automoveis,180888,179626,99.302,-1262,0.698
2017-08,comerciais_leves,28983,28981,99.993,-2,0.007
2017-09,automoveis,168016,166443,99.064,-1573,0.936
2017-09,comerciais_leves,25564,25556,99.969,-8,0.031
2017-10,automoveis,166834,164835,98.802,-1999,1.198
2017-10,comerciais_leves,29801,29796,99.983,-5,0.017
2017-11,automoveis,168875,167270,99.05,-1605,0.95
2017-11,comerciais_leves,28372,28358,99.951,-14,0.049
2017-12,automoveis,171988,170274,99.003,-1714,0.997
2017-12,comerciais_leves,32864,32853,99.967,-11,0.033
2018-01,automoveis,148898,147936,99.354,-962,0.646
2018-01,comerciais_leves,26656,26655,99.996,-1,0.004
2018-02,automoveis,129739,128994,99.426,-745,0.574
2018-02,comerciais_leves,21952,21949,99.986,-3,0.014
2018-03,automoveis,172739,171654,99.372,-1085,0.628
2018-03,comerciais_leves,27362,27354,99.971,-8,0.029
2018-04,automoveis,178699,177238,99.182,-1461,0.818
2018-04,comerciais_leves,31296,31292,99.987,-4,0.013
2018-05,automoveis,164426,162797,99.009,-1629,0.991
2018-05,comerciais_leves,30496,30489,99.977,-7,0.023
2018-06,automoveis,163508,161924,99.031,-1584,0.969
2018-06,comerciais_leves,31546,31534,99.962,-12,0.038
2018-07,automoveis,176067,174478,99.098,-1589,0.902
2018-07,comerciais_leves,32484,32471,99.96,-13,0.04
2018-08,automoveis,203926,202096,99.103,-1830,0.897
2018-08,comerciais_leves,35319,35288,99.912,-31,0.088
2018-09,automoveis,173193,171601,99.081,-1592,0.919
2018-09,comerciais_leves,31540,31521,99.94,-19,0.06
2018-10,automoveis,208814,207058,99.159,-1756,0.841
2018-10,comerciais_leves,35926,35882,99.878,-44,0.122
2018-11,automoveis,192146,190478,99.132,-1668,0.868
2018-11,comerciais_leves,29171,29146,99.914,-25,0.086
2018-12,automoveis,189411,187214,98.84,-2197,1.16
2018-12,comerciais_leves,35590,35568,99.938,-22,0.062
2019-01,automoveis,163796,162472,99.192,-1324,0.808
2019-01,comerciais_leves,26956,26939,99.937,-17,0.063
2019-02,automoveis,162537,160800,98.931,-1737,1.069
2019-02,comerciais_leves,27313,27300,99.952,-13,0.048
2019-03,automoveis,170483,168600,98.895,-1883,1.105
2019-03,comerciais_leves,29067,29062,99.983,-5,0.017
2019-04,automoveis,189097,187009,98.896,-2088,1.104
2019-04,comerciais_leves,32224,32220,99.988,-4,0.012
2019-05,automoveis,198779,196733,98.971,-2046,1.029
2019-05,comerciais_leves,35394,35390,99.989,-4,0.011
2019-06,automoveis,181291,179401,98.957,-1890,1.043
2019-06,comerciais_leves,32147,32146,99.997,-1,0.003
2019-07,automoveis,195854,193719,98.91,-2135,1.09
2019-07,comerciais_leves,36389,36378,99.97,-11,0.03
2019-08,automoveis,195927,193496,98.759,-2431,1.241
2019-08,comerciais_leves,34791,34789,99.994,-2,0.006
2019-09,automoveis,187816,185866,98.962,-1950,1.038
2019-09,comerciais_leves,35424,35421,99.992,-3,0.008
2019-10,automoveis,204523,202325,98.925,-2198,1.075
2019-10,comerciais_leves,36652,36644,99.978,-8,0.022
2019-11,automoveis,196769,194914,99.057,-1855,0.943
2019-11,comerciais_leves,34154,34150,99.988,-4,0.012
2019-12,automoveis,215348,212972,98.897,-2376,1.103
2019-12,comerciais_leves,36625,36610,99.959,-15,0.041
2020-01,automoveis,154572,153097,99.046,-1475,0.954
2020-01,comerciais_leves,29553,29550,99.99,-3,0.01
2020-02,automoveis,165140,163500,99.007,-1640,0.993
2020-02,comerciais_leves,27499,27493,99.978,-6,0.022
2020-03,automoveis,131249,130019,99.063,-1230,0.937
2020-03,comerciais_leves,24561,24556,99.98,-5,0.02
2020-04,automoveis,39498,39094,98.977,-404,1.023
2020-04,comerciais_leves,11864,11861,99.975,-3,0.025
2020-05,automoveis,44139,43493,98.536,-646,1.464
2020-05,comerciais_leves,12500,12495,99.96,-5,0.04
2020-06,automoveis,102400,100848,98.484,-1552,1.516
2020-06,comerciais_leves,20372,20369,99.985,-3,0.015
2020-07,automoveis,134944,133183,98.695,-1761,1.305
2020-07,comerciais_leves,28139,28138,99.996,-1,0.004
2020-08,automoveis,142046,139909,98.496,-2137,1.504
2020-08,comerciais_leves,31498,31496,99.994,-2,0.006
2020-09,automoveis,161086,158791,98.575,-2295,1.425
2020-09,comerciais_leves,37699,37698,99.997,-1,0.003
2020-10,automoveis,168464,166869,99.053,-1595,0.947
2020-10,comerciais_leves,36780,36775,99.986,-5,0.014
2020-11,automoveis,177565,175596,98.891,-1969,1.109
2020-11,comerciais_leves,36700,36696,99.989,-4,0.011
2020-12,automoveis,194679,192759,99.014,-1920,0.986
2020-12,comerciais_leves,38135,38134,99.997,-1,0.003
2021-01,automoveis,130800,129785,99.224,-1015,0.776
2021-01,comerciais_leves,31767,31762,99.984,-5,0.016
2021-02,automoveis,128099,127092,99.214,-1007,0.786
2021-02,comerciais_leves,30138,30137,99.997,-1,0.003
2021-03,automoveis,141938,140720,99.142,-1218,0.858
2021-03,comerciais_leves,35171,35170,99.997,-1,0.003
2021-04,automoveis,127453,126259,99.063,-1194,0.937
2021-04,comerciais_leves,36449,36446,99.992,-3,0.008
2021-05,automoveis,142673,141085,98.887,-1588,1.113
2021-05,comerciais_leves,32732,32729,99.991,-3,0.009
2021-06,automoveis,133318,131182,98.398,-2136,1.602
2021-06,comerciais_leves,36271,36266,99.986,-5,0.014
2021-07,automoveis,123579,121447,98.275,-2132,1.725
2021-07,comerciais_leves,38825,38823,99.995,-2,0.005
2021-08,automoveis,119813,117794,98.315,-2019,1.685
2021-08,comerciais_leves,38701,38700,99.997,-1,0.003
2021-09,automoveis,109077,107299,98.37,-1778,1.63
2021-09,comerciais_leves,33277,33271,99.982,-6,0.018
2021-10,automoveis,119315,117880,98.797,-1435,1.203
2021-10,comerciais_leves,30764,30763,99.997,-1,0.003
2021-11,automoveis,125974,124169,98.567,-1805,1.433
2021-11,comerciais_leves,35053,35049,99.989,-4,0.011
2021-12,automoveis,156146,154353,98.852,-1793,1.148
2021-12,comerciais_leves,37409,37407,99.995,-2,0.005
2022-01,automoveis,92212,91221,98.925,-991,1.075
2022-01,comerciais_leves,24389,24387,99.992,-2,0.008
2022-02,automoveis,97590,96699,99.087,-891,0.913
2022-02,comerciais_leves,22602,22600,99.991,-2,0.009
2022-03,automoveis,108244,107052,98.899,-1192,1.101
2022-03,comerciais_leves,26660,26657,99.989,-3,0.011
2022-04,automoveis,109684,108238,98.682,-1446,1.318
2022-04,comerciais_leves,26657,26654,99.989,-3,0.011
2022-05,automoveis,139472,138045,98.977,-1427,1.023
2022-05,comerciais_leves,35342,35330,99.966,-12,0.034
2022-06,automoveis,133587,132198,98.96,-1389,1.04
2022-06,comerciais_leves,31883,31876,99.978,-7,0.022
2022-07,automoveis,135522,134093,98.946,-1429,1.054
2022-07,comerciais_leves,33571,33563,99.976,-8,0.024
2022-08,automoveis,155095,153322,98.857,-1773,1.143
2022-08,comerciais_leves,39047,39037,99.974,-10,0.026
2022-09,automoveis,143210,141417,98.748,-1793,1.252
2022-09,comerciais_leves,37214,37211,99.992,-3,0.008
2022-10,automoveis,137003,135507,98.908,-1496,1.092
2022-10,comerciais_leves,31471,31468,99.99,-3,0.01
2022-11,automoveis,158766,157100,98.951,-1666,1.049
2022-11,comerciais_leves,33178,33172,99.982,-6,0.018
2022-12,automoveis,164169,161991,98.673,-2178,1.327
2022-12,comerciais_leves,38007,37998,99.976,-9,0.024
2023-01,automoveis,103872,102856,99.022,-1016,0.978
2023-01,comerciais_leves,26588,26488,99.624,-100,0.376
2023-02,automoveis,95809,94659,98.8,-1150,1.2
2023-02,comerciais_leves,23946,23945,99.996,-1,0.004
2023-03,automoveis,146174,144318,98.73,-1856,1.27
2023-03,comerciais_leves,40409,40398,99.973,-11,0.027
2023-04,automoveis,118127,116665,98.762,-1462,1.238
2023-04,comerciais_leves,33594,33586,99.976,-8,0.024
2023-05,automoveis,127482,125936,98.787,-1546,1.213
2023-05,comerciais_leves,38879,38868,99.972,-11,0.028
2023-06,automoveis,142017,140636,99.028,-1381,0.972
2023-06,comerciais_leves,37674,37664,99.973,-10,0.027
2023-07,automoveis,176742,174949,98.986,-1793,1.014
2023-07,comerciais_leves,38969,38960,99.977,-9,0.023
2023-08,automoveis,153478,151547,98.742,-1931,1.258
2023-08,comerciais_leves,43400,43397,99.993,-3,0.007
2023-09,automoveis,145676,143965,98.825,-1711,1.175
2023-09,comerciais_leves,41754,40659,97.377,-1095,2.623
2023-10,automoveis,163134,161340,98.9,-1794,1.1
2023-10,comerciais_leves,43535,43523,99.972,-12,0.028
2023-11,automoveis,160693,158573,98.681,-2120,1.319
2023-11,comerciais_leves,40956,40942,99.966,-14,0.034
2023-12,automoveis,187751,185020,98.545,-2731,1.455
2023-12,comerciais_leves,48846,48833,99.973,-13,0.027
2024-01,automoveis,118507,116517,98.321,-1990,1.679
2024-01,comerciais_leves,33555,33549,99.982,-6,0.018
2024-02,automoveis,120315,118613,98.585,-1702,1.415
2024-02,comerciais_leves,34968,34954,99.96,-14,0.04
2024-03,automoveis,137889,135163,98.023,-2726,1.977
2024-03,comerciais_leves,38093,38077,99.958,-16,0.042
2024-04,automoveis,164365,161782,98.428,-2583,1.572
2024-04,comerciais_leves,43713,43696,99.961,-17,0.039
2024-05,automoveis,144027,141700,98.384,-2327,1.616
2024-05,comerciais_leves,39187,39166,99.946,-21,0.054
2024-06,automoveis,163808,161448,98.559,-2360,1.441
2024-06,comerciais_leves,38666,38650,99.959,-16,0.041
2024-07,automoveis,178047,175351,98.486,-2696,1.514
2024-07,comerciais_leves,49253,49239,99.972,-14,0.028
2024-08,automoveis,170995,168635,98.62,-2360,1.38
2024-08,comerciais_leves,52201,52178,99.956,-23,0.044
2024-09,automoveis,171658,169261,98.604,-2397,1.396
2024-09,comerciais_leves,51028,51020,99.984,-8,0.016
2024-10,automoveis,195201,192166,98.445,-3035,1.555
2024-10,comerciais_leves,54695,54674,99.962,-21,0.038
2024-11,automoveis,193730,191110,98.648,-2620,1.352
2024-11,comerciais_leves,47461,47437,99.949,-24,0.051
2024-12,automoveis,189862,186761,98.367,-3101,1.633
2024-12,comerciais_leves,53829,53807,99.959,-22,0.041
2025-01,automoveis,123359,120881,97.991,-2478,2.009
2025-01,comerciais_leves,36487,36468,99.948,-19,0.052
2025-02,automoveis,134772,132440,98.27,-2332,1.73
2025-02,comerciais_leves,39037,39021,99.959,-16,0.041
2025-03,automoveis,141542,138905,98.137,-2637,1.863
2025-03,comerciais_leves,42504,42489,99.965,-15,0.035
2025-04,automoveis,152267,149500,98.183,-2767,1.817
2025-04,comerciais_leves,44786,44750,99.92,-36,0.08
2025-05,automoveis,167540,164461,98.162,-3079,1.838
2025-05,comerciais_leves,46817,46781,99.923,-36,0.077
2025-06,automoveis,159128,155910,97.978,-3218,2.022
2025-06,comerciais_leves,43036,43006,99.93,-30,0.07
2025-07,automoveis,181787,177745,97.777,-4042,2.223
2025-07,comerciais_leves,48161,48139,99.954,-22,0.046
2025-08,automoveis,172280,168054,97.547,-4226,2.453
2025-08,comerciais_leves,42210,42185,99.941,-25,0.059
2025-09,automoveis,178548,173670,97.268,-4878,2.732
2025-09,comerciais_leves,52822,52787,99.934,-35,0.066
2025-10,automoveis,192752,186892,96.96,-5860,3.04
2025-10,comerciais_leves,55125,55045,99.855,-80,0.145
2025-11,automoveis,182044,177642,97.582,-4402,2.418
2025-11,comerciais_leves,45130,45075,99.878,-55,0.122
2025-12,automoveis,210732,204072,96.84,-6660,3.16
2025-12,comerciais_leves,56385,56311,99.869,-74,0.131
2026-01,automoveis,125136,120740,96.487,-4396,3.513
2026-01,comerciais_leves,37348,37307,99.89,-41,0.11
2026-02,automoveis,140548,136101,96.836,-4447,3.164
2026-02,comerciais_leves,36249,36223,99.928,-26,0.072
2026-03,automoveis,206375,199723,96.777,-6652,3.223
2026-03,comerciais_leves,51848,51804,99.915,-44,0.085
2026-04,automoveis,187313,180002,96.097,-7311,3.903
2026-04,comerciais_leves,49943,49913,99.94,-30,0.06
2026-05,automoveis,214300,206511,96.365,-7789,3.635
2026-05,comerciais_leves,49743,49709,99.932,-34,0.068
2026-06,automoveis,212902,202896,95.3,-10006,4.7
2026-06,comerciais_leves,47565,47503,99.87,-62,0.13
2026-07,automoveis,212691,201086,94.544,-11605,5.456
2026-07,comerciais_leves,53004,52966,99.928,-38,0.072
2026-08,automoveis,212876,201755,94.776,-11121,5.224
2026-08,comerciais_leves,50178,50111,99.866,-67,0.134
