mes,segmento,nome_completo_fonte,unidades_mes_anterior,mes_anterior_observado,diferenca
2019-09,automoveis,GM/ONIX,21377,22396.0,-1019.0
2016-08,automoveis,VW/VOYAGE,2663,1987.0,676.0
2016-08,automoveis,VW/GOL,5790,6466.0,-676.0
2016-01,automoveis,M.BENZ/CLASSE C,895,321.0,574.0
2021-04,automoveis,BMW/320I,622,51.0,571.0
2015-10,automoveis,FORD/FOCUS,932,1310.0,-378.0
2015-10,automoveis,FORD/FOCUS SEDAN,785,407.0,378.0
2022-03,automoveis,RENAULT/KWID,4637,4262.0,375.0
2017-07,automoveis,CITROEN/C3,1040,802.0,238.0
2018-01,automoveis,FORD/KA,7880,7649.0,231.0
2021-01,automoveis,TOYOTA/YARIS HB,2956,2754.0,202.0
2022-03,automoveis,GM/ONIX,6724,6541.0,183.0
2022-03,automoveis,VW/T CROSS,5278,5118.0,160.0
2020-01,automoveis,FIAT/UNO,1128,1283.0,-155.0
2016-09,automoveis,HONDA/CIVIC,596,451.0,145.0
2022-03,automoveis,GM/TRACKER,3560,3419.0,141.0
2016-11,comerciais_leves,TOYOTA/HILUX,2332,2468.0,-136.0
2016-11,automoveis,TOYOTA/HILUX SW4,966,830.0,136.0
2018-05,automoveis,TOYOTA/HILUX SW4,1096,963.0,133.0
2022-03,automoveis,JEEP/COMPASS,4607,4503.0,104.0
2025-09,comerciais_leves,MITSUBISHI/L200,181,283.0,-102.0
2025-09,comerciais_leves,MITSUBISHI/TRITON,1110,1008.0,102.0
2022-03,comerciais_leves,FIAT/STRADA,7410,7314.0,96.0
2022-09,automoveis,RENAULT/DUSTER,2182,2087.0,95.0
2022-03,automoveis,HYUNDAI/CRETA,4254,4163.0,91.0
2023-02,comerciais_leves,GM/MONTANA,90,0.0,90.0
2022-03,automoveis,JEEP/RENEGADE,2316,2229.0,87.0
2022-03,automoveis,RENAULT/DUSTER,1633,1550.0,83.0
2022-03,automoveis,GM/ONIX PLUS,4571,4489.0,82.0
2022-03,comerciais_leves,FIAT/TORO,3256,3178.0,78.0
2006-01,automoveis,M.BENZ/CLASSE C,24,96.0,-72.0
2016-02,automoveis,M.BENZ/CLASSE C,322,252.0,70.0
2016-02,automoveis,FORD/NEW FIESTA,345,282.0,63.0
2016-11,automoveis,AUDI/A4,73,13.0,60.0
2022-03,automoveis,VW/NIVUS,2477,2417.0,60.0
2022-03,automoveis,HYUNDAI/HB20,6219,6161.0,58.0
2022-03,automoveis,TOYOTA/COROLLA CROSS,3788,3732.0,56.0
2022-03,automoveis,FIAT/ARGO,4376,4321.0,55.0
2022-03,automoveis,FIAT/MOBI,4217,4162.0,55.0
2016-06,automoveis,TOYOTA/ETIOS SEDAN,2564,2510.0,54.0
2015-04,automoveis,FORD/FOCUS SEDAN,513,462.0,51.0
2020-01,automoveis,M.BENZ/CLASSE A,212,165.0,47.0
2022-03,comerciais_leves,TOYOTA/HILUX,2605,2558.0,47.0
2022-03,automoveis,JEEP/COMMANDER,1660,1614.0,46.0
2022-03,automoveis,RENAULT/SANDERO,515,469.0,46.0
2016-09,automoveis,FORD/FIESTA,1542,1496.0,46.0
2016-03,automoveis,VW/SPACECROSS,50,4.0,46.0
2016-03,automoveis,VW/SPACE FOX,204,250.0,-46.0
2022-03,automoveis,NISSAN/KICKS,1157,1112.0,45.0
2022-03,automoveis,FIAT/PULSE,1887,1843.0,44.0
2022-03,automoveis,TOYOTA/COROLLA,2772,2729.0,43.0
2022-03,automoveis,PEUGEOT/208,1889,1847.0,42.0
2022-03,automoveis,TOYOTA/YARIS HB,2109,2067.0,42.0
2022-03,automoveis,CITROEN/C4 CACTUS,1628,1587.0,41.0
2022-03,automoveis,RENAULT/CAPTUR,520,480.0,40.0
2022-03,comerciais_leves,GM/S10,2259,2225.0,34.0
2017-12,comerciais_leves,FORD/RANGER,1910,1876.0,34.0
2005-12,automoveis,M.BENZ/CLASSE C,51,18.0,33.0
2022-03,automoveis,HONDA/CITY,2359,2326.0,33.0
2016-12,automoveis,JEEP/RENEGADE,3384,3351.0,33.0
2022-03,comerciais_leves,FIAT/FIORINO,1607,1576.0,31.0
2016-12,automoveis,FORD/FUSION,410,379.0,31.0
2022-03,comerciais_leves,PEUGEOT/EXPERT,289,261.0,28.0
2012-01,automoveis,MITSUBISHI/LANCER,493,519.0,-26.0
2018-05,comerciais_leves,TOYOTA/HILUX,3195,3221.0,-26.0
2024-05,comerciais_leves,RENAULT/OROCH,1120,1095.0,25.0
2022-03,automoveis,NISSAN/VERSA,1083,1058.0,25.0
2023-05,comerciais_leves,KIA/K2500,219,194.0,25.0
2018-09,automoveis,FORD/KA,10095,10118.0,-23.0
2018-09,automoveis,FORD/KA SEDAN,3049,3026.0,23.0
2022-03,automoveis,HONDA/HR-V,849,826.0,23.0
2022-03,automoveis,TOYOTA/YARIS SEDAN,1223,1202.0,21.0
2016-07,automoveis,GM/ONIX,11586,11566.0,20.0
2022-03,automoveis,BMW/320I,467,447.0,20.0
2022-03,automoveis,CAOA CHERY/TIGGO 7,750,730.0,20.0
2022-03,automoveis,TOYOTA/HILUX SW4,1016,997.0,19.0
2022-03,comerciais_leves,FORD/RANGER,788,769.0,19.0
2016-01,automoveis,MITSUBISHI/LANCER,210,192.0,18.0
2019-10,automoveis,TOYOTA/HILUX SW4,1034,1051.0,-17.0
2022-03,comerciais_leves,NISSAN/FRONTIER,582,565.0,17.0
2022-03,automoveis,CAOA CHERY/TIGGO 5X,666,649.0,17.0
2017-03,automoveis,VOLVO/V40,28,11.0,17.0
2022-03,automoveis,VW/GOL,1727,1710.0,17.0
2018-01,automoveis,VW/FOX/CROSS FOX,2575,2591.0,-16.0
2022-03,automoveis,VW/TAOS,683,667.0,16.0
2019-10,automoveis,TOYOTA/COROLLA,4093,4077.0,16.0
2020-01,automoveis,VW/GOL,7854,7870.0,-16.0
2022-03,automoveis,BMW/X1,142,127.0,15.0
2022-03,automoveis,HONDA/CITY HATCH,260,245.0,15.0
2015-12,automoveis,CITROEN/C3 AIRCROSS,354,368.0,-14.0
2022-03,automoveis,RENAULT/LOGAN,1377,1363.0,14.0
2018-04,comerciais_leves,RENAULT/MASTER,591,577.0,14.0
2022-03,automoveis,FIAT/CRONOS,853,839.0,14.0
2016-12,automoveis,MITSUBISHI/PAJERO,153,139.0,14.0
2016-05,automoveis,VW/SPACE FOX,164,150.0,14.0
2019-03,comerciais_leves,TOYOTA/HILUX,2896,2882.0,14.0
2022-03,automoveis,HYUNDAI/HB20S,2068,2055.0,13.0
2013-01,automoveis,MITSUBISHI/LANCER,627,640.0,-13.0
2017-07,automoveis,VOLVO/V40,10,23.0,-13.0
2022-07,comerciais_leves,FIAT/STRADA,9827,9840.0,-13.0
2022-03,comerciais_leves,RENAULT/OROCH,555,542.0,13.0
2022-03,automoveis,CAOA CHERY/TIGGO 3X,798,786.0,12.0
2020-11,automoveis,NISSAN/VERSA,108,96.0,12.0
2018-03,automoveis,M.BENZ/GLC,71,83.0,-12.0
2022-03,automoveis,VW/POLO,306,295.0,11.0
2016-12,automoveis,AUDI/A4 AVANT,11,0.0,11.0
2022-03,comerciais_leves,MITSUBISHI/L200,794,783.0,11.0
2019-10,automoveis,FIAT/UNO,1493,1504.0,-11.0
2016-12,automoveis,AUDI/A4,90,101.0,-11.0
2024-05,automoveis,BMW/X1,328,339.0,-11.0
2016-12,automoveis,FORD/KA SEDAN,2511,2521.0,-10.0
2022-03,automoveis,MITSUBISHI/PAJERO,283,273.0,10.0
2017-08,automoveis,RENAULT/DUSTER,718,727.0,-9.0
2022-03,automoveis,CAOA CHERY/TIGGO 8,887,878.0,9.0
2019-01,automoveis,RENAULT/KWID,7644,7653.0,-9.0
2022-03,comerciais_leves,CITROEN/JUMPY,194,185.0,9.0
2022-03,automoveis,HYUNDAI/TUCSON,829,820.0,9.0
2019-07,automoveis,PORSCHE/911,16,7.0,9.0
2022-03,comerciais_leves,VW/AMAROK,514,506.0,8.0
2025-10,comerciais_leves,FORD/RANGER,3106,3114.0,-8.0
2022-03,comerciais_leves,RENAULT/MASTER,488,480.0,8.0
2022-03,automoveis,FORD/BRONCO,97,89.0,8.0
2022-03,automoveis,GM/CRUZE SEDAN,485,477.0,8.0
2019-08,comerciais_leves,FIAT/TORO,6205,6212.0,-7.0
2024-08,automoveis,JEEP/RENEGADE,5773,5766.0,7.0
2022-03,comerciais_leves,FIAT/DUCATO,326,319.0,7.0
2022-06,comerciais_leves,FIAT/STRADA,11532,11525.0,7.0
2015-12,automoveis,VW/VOYAGE,3410,3417.0,-7.0
2017-03,automoveis,RENAULT/DUSTER,1693,1686.0,7.0
2018-08,comerciais_leves,GM/MONTANA,1413,1419.0,-6.0
2016-12,automoveis,HYUNDAI/TUCSON,90,84.0,6.0
2018-02,automoveis,MITSUBISHI/LANCER,78,84.0,-6.0
2017-04,automoveis,RENAULT/LOGAN,1886,1892.0,-6.0
2017-01,automoveis,HONDA/CIVIC,2915,2921.0,-6.0
2017-05,comerciais_leves,TOYOTA/HILUX,2509,2515.0,-6.0
2017-02,automoveis,FORD/KA SEDAN,1278,1284.0,-6.0
2016-01,automoveis,TOYOTA/COROLLA,6417,6423.0,-6.0
2022-03,automoveis,HONDA/CIVIC,477,471.0,6.0
2019-03,automoveis,FIAT/UNO,2000,2006.0,-6.0
2025-01,automoveis,BYD/SONG,5233,5239.0,-6.0
2024-05,automoveis,BYD/DOLPHIN MINI,3138,3143.0,-5.0
2020-03,automoveis,NISSAN/KICKS,4950,4955.0,-5.0
2018-05,automoveis,M.BENZ/CLASSE GLA,180,185.0,-5.0
2023-01,automoveis,M.BENZ/CLASSE A,2,7.0,-5.0
2018-03,automoveis,FIAT/MOBI,3322,3327.0,-5.0
2023-03,comerciais_leves,FORD/TRANSIT,227,222.0,5.0
2022-03,automoveis,VW/VIRTUS,306,301.0,5.0
2018-11,automoveis,FIAT/DOBLO,549,554.0,-5.0
2022-03,automoveis,CAOA CHERY/ARRIZO 6,170,166.0,4.0
2022-03,automoveis,PEUGEOT/2008,449,445.0,4.0
2017-12,comerciais_leves,RENAULT/MASTER,594,598.0,-4.0
2008-04,automoveis,PORSCHE/911,14,18.0,-4.0
2016-05,automoveis,CITROEN/AIRCROSS,589,585.0,4.0
2022-03,automoveis,LAND ROVER/DISCOVERY,133,129.0,4.0
2016-04,comerciais_leves,CITROEN/JUMPER,116,112.0,4.0
2022-12,automoveis,FIAT/PULSE,3689,3685.0,4.0
2019-12,automoveis,VW/VIRTUS,4200,4204.0,-4.0
2019-11,comerciais_leves,TOYOTA/HILUX,3393,3397.0,-4.0
2025-02,automoveis,BYD/SONG,3179,3183.0,-4.0
2022-03,automoveis,MITSUBISHI/Outlander,228,224.0,4.0
2016-09,automoveis,AUDI/A4,4,0.0,4.0
2022-04,automoveis,TOYOTA/COROLLA,4192,4196.0,-4.0
2022-03,comerciais_leves,RAM/2500,46,42.0,4.0
2022-01,automoveis,PEUGEOT/208,1810,1814.0,-4.0
2018-02,comerciais_leves,FORD/RANGER,1407,1411.0,-4.0
2022-03,automoveis,MITSUBISHI/ECLIPSE CROSS,144,140.0,4.0
2025-12,automoveis,BYD/SONG,4376,4380.0,-4.0
2026-06,comerciais_leves,FIAT/STRADA,15391,15395.0,-4.0
2018-08,comerciais_leves,RENAULT/MASTER,621,625.0,-4.0
2018-03,automoveis,VW/GOL,4487,4491.0,-4.0
2019-08,comerciais_leves,VW/AMAROK,1664,1668.0,-4.0
2022-11,comerciais_leves,RENAULT/MASTER,749,745.0,4.0
2016-08,comerciais_leves,TOYOTA/HILUX,2655,2658.0,-3.0
2016-07,automoveis,HONDA/HR-V,5221,5224.0,-3.0
2019-12,automoveis,GM/ONIX PLUS,8089,8092.0,-3.0
2025-10,automoveis,BYD/DOLPHIN MINI,3389,3392.0,-3.0
2022-03,automoveis,M.BENZ/CLASSE C,167,164.0,3.0
2016-08,automoveis,FIAT/MOBI,3601,3604.0,-3.0
2020-11,automoveis,FORD/KA,7489,7492.0,-3.0
2021-12,comerciais_leves,FIAT/TORO,5918,5921.0,-3.0
2021-05,comerciais_leves,FIAT/TORO,6679,6682.0,-3.0
2018-05,automoveis,HYUNDAI/HB20,9603,9606.0,-3.0
2018-05,comerciais_leves,FIAT/STRADA,6354,6357.0,-3.0
2024-02,comerciais_leves,FIAT/STRADA,8019,8022.0,-3.0
2022-03,comerciais_leves,FORD/MAVERICK,37,34.0,3.0
2026-05,automoveis,BYD/DOLPHIN MINI,6877,6880.0,-3.0
2019-03,automoveis,TOYOTA/COROLLA,3356,3359.0,-3.0
2018-09,automoveis,GM/ONIX,21760,21763.0,-3.0
2026-05,comerciais_leves,FIAT/STRADA,14901,14904.0,-3.0
2022-01,automoveis,FIAT/ARGO,4506,4509.0,-3.0
2026-06,comerciais_leves,TOYOTA/HILUX,3979,3982.0,-3.0
2023-11,comerciais_leves,RENAULT/MASTER,983,980.0,3.0
2019-02,automoveis,FORD/KA,8020,8023.0,-3.0
2023-11,automoveis,TOYOTA/COROLLA CROSS,3679,3682.0,-3.0
2026-07,automoveis,BYD/DOLPHIN,5509,5512.0,-3.0
2023-06,automoveis,GM/TRACKER,5433,5436.0,-3.0
2018-12,automoveis,LAND ROVER/DISCOVERY,204,201.0,3.0
2025-01,automoveis,VW/T CROSS,9984,9987.0,-3.0
2008-04,comerciais_leves,RENAULT/MASTER,378,381.0,-3.0
2022-03,comerciais_leves,VW/SAVEIRO,250,247.0,3.0
2026-07,automoveis,BYD/SONG,6629,6632.0,-3.0
2022-03,automoveis,VOLVO/XC60,201,198.0,3.0
2026-01,automoveis,BYD/DOLPHIN,2344,2347.0,-3.0
2016-02,automoveis,HYUNDAI/HB20S,3589,3592.0,-3.0
2016-02,automoveis,HYUNDAI/HB20,8985,8988.0,-3.0
2019-08,comerciais_leves,FIAT/STRADA,7024,7021.0,3.0
2024-08,comerciais_leves,TOYOTA/HILUX,4757,4760.0,-3.0
2022-01,automoveis,TOYOTA/COROLLA,4919,4922.0,-3.0
2019-11,automoveis,TOYOTA/YARIS HB,3189,3192.0,-3.0
2024-05,automoveis,JEEP/COMMANDER,1096,1093.0,3.0
2025-12,automoveis,MITSUBISHI/ECLIPSE CROSS,902,899.0,3.0
2003-04,automoveis,AUDI/A6,1,4.0,-3.0
2020-09,automoveis,GM/ONIX,10606,10609.0,-3.0
2017-08,comerciais_leves,VW/SAVEIRO,3807,3810.0,-3.0
2024-06,comerciais_leves,FIAT/TORO,4312,4315.0,-3.0
2019-12,comerciais_leves,VW/SAVEIRO,3437,3439.0,-2.0
2017-07,automoveis,HONDA/CIVIC,2258,2260.0,-2.0
2025-01,automoveis,VW/POLO,13468,13470.0,-2.0
2024-12,automoveis,BYD/DOLPHIN MINI,2292,2294.0,-2.0
2022-05,comerciais_leves,FIAT/TORO,5105,5107.0,-2.0
2017-06,automoveis,VW/UP,3530,3532.0,-2.0
2017-06,automoveis,M.BENZ/GLC,65,63.0,2.0
2020-01,automoveis,TOYOTA/COROLLA,5218,5220.0,-2.0
2024-12,comerciais_leves,VW/SAVEIRO,6074,6076.0,-2.0
2022-05,automoveis,TOYOTA/COROLLA CROSS,3859,3861.0,-2.0
2017-06,automoveis,GM/ONIX,15005,15007.0,-2.0
2022-06,automoveis,FIAT/PULSE,4948,4950.0,-2.0
2025-01,comerciais_leves,FIAT/STRADA,16233,16235.0,-2.0
2018-03,automoveis,VW/POLO,4940,4942.0,-2.0
2019-06,automoveis,GM/ONIX,22277,22279.0,-2.0
2022-12,automoveis,GM/TRAILBLAZER,335,337.0,-2.0
2022-12,automoveis,JEEP/COMPASS,6407,6409.0,-2.0
2024-03,automoveis,NISSAN/SENTRA,354,356.0,-2.0
2023-01,automoveis,FIAT/CRONOS,4596,4598.0,-2.0
2018-05,automoveis,VW/GOL,5447,5449.0,-2.0
2024-02,comerciais_leves,FORD/RANGER,1774,1776.0,-2.0
2024-01,comerciais_leves,TOYOTA/HILUX,4342,4344.0,-2.0
2024-01,comerciais_leves,FIAT/STRADA,10573,10571.0,2.0
2023-02,automoveis,M.BENZ/CLASSE A,2,0.0,2.0
2018-06,automoveis,JEEP/COMPASS,5557,5559.0,-2.0
2023-12,comerciais_leves,FIAT/STRADA,11515,11517.0,-2.0
2023-12,automoveis,VW/T CROSS,6523,6525.0,-2.0
2023-12,automoveis,PORSCHE/911,106,108.0,-2.0
2017-04,automoveis,JEEP/COMPASS,3983,3985.0,-2.0
2018-12,automoveis,VW/POLO,5642,5644.0,-2.0
2018-12,automoveis,RENAULT/KWID,7090,7092.0,-2.0
2018-12,automoveis,NISSAN/KICKS,4038,4040.0,-2.0
2023-07,automoveis,FIAT/FASTBACK,3382,3384.0,-2.0
2023-07,automoveis,JEEP/RENEGADE,4082,4084.0,-2.0
2023-06,automoveis,CAOA CHERY/TIGGO 5X,646,644.0,2.0
2018-11,automoveis,RENAULT/SANDERO,6058,6060.0,-2.0
2023-12,automoveis,GM/TRACKER,5897,5899.0,-2.0
2019-01,automoveis,GM/ONIX,19640,19642.0,-2.0
2019-01,automoveis,NISSAN/KICKS,4326,4328.0,-2.0
2019-01,comerciais_leves,MITSUBISHI/L200,896,898.0,-2.0
2019-02,automoveis,HONDA/FIT,2099,2101.0,-2.0
2019-02,automoveis,NISSAN/KICKS,3484,3486.0,-2.0
2018-09,automoveis,VW/GOL,6626,6628.0,-2.0
2019-03,automoveis,GM/ONIX,18390,18392.0,-2.0
2023-12,automoveis,FORD/MUSTANG,22,24.0,-2.0
2023-08,automoveis,FIAT/CRONOS,5034,5036.0,-2.0
2019-12,automoveis,TOYOTA/YARIS SEDAN,2586,2588.0,-2.0
2017-07,automoveis,RENAULT/CAPTUR,1010,1008.0,2.0
2017-08,automoveis,FIAT/ARGO,3233,3235.0,-2.0
2019-12,automoveis,HYUNDAI/CRETA,4608,4610.0,-2.0
2019-12,automoveis,GM/ONIX,19186,19184.0,2.0
2017-08,comerciais_leves,FORD/RANGER,1559,1561.0,-2.0
2017-08,comerciais_leves,GM/MONTANA,1422,1424.0,-2.0
2017-08,comerciais_leves,MITSUBISHI/L200,827,829.0,-2.0
2024-10,comerciais_leves,VW/AMAROK,997,999.0,-2.0
2019-11,automoveis,JEEP/RENEGADE,6678,6680.0,-2.0
2017-09,comerciais_leves,VW/SAVEIRO,4083,4085.0,-2.0
2024-10,automoveis,BYD/SONG,2170,2172.0,-2.0
2022-07,automoveis,JEEP/COMPASS,6102,6104.0,-2.0
2024-09,automoveis,VW/T CROSS,7116,7118.0,-2.0
2022-07,automoveis,VW/T CROSS,6307,6309.0,-2.0
2019-07,automoveis,HYUNDAI/CRETA,4636,4638.0,-2.0
2024-06,automoveis,FIAT/ARGO,5550,5552.0,-2.0
2018-02,automoveis,KIA/PICANTO,13,11.0,2.0
2018-01,comerciais_leves,MITSUBISHI/L200,836,834.0,2.0
2019-08,automoveis,M.BENZ/CLASSE C,247,245.0,2.0
2019-08,automoveis,RENAULT/SANDERO,2952,2954.0,-2.0
2022-09,automoveis,HYUNDAI/CRETA,5804,5806.0,-2.0
2019-08,automoveis,VW/TIGUAN,1242,1244.0,-2.0
2019-10,automoveis,JEEP/COMPASS,4552,4554.0,-2.0
2018-01,automoveis,GM/ONIX,17506,17508.0,-2.0
2018-01,automoveis,FORD/FOCUS,404,406.0,-2.0
2017-12,automoveis,RENAULT/SANDERO,3792,3794.0,-2.0
2022-08,automoveis,TOYOTA/COROLLA,4033,4035.0,-2.0
2019-09,comerciais_leves,FIAT/STRADA,6723,6725.0,-2.0
2017-11,comerciais_leves,GM/S10,2688,2690.0,-2.0
2024-08,automoveis,PEUGEOT/208,2369,2371.0,-2.0
2022-07,comerciais_leves,TOYOTA/HILUX,3843,3845.0,-2.0
2022-09,automoveis,GM/ONIX,9819,9821.0,-2.0
2022-03,automoveis,AUDI/A3 SEDAN,58,56.0,2.0
2022-03,automoveis,AUDI/Q5,128,126.0,2.0
2016-01,automoveis,HONDA/HR-V,6535,6537.0,-2.0
2016-01,automoveis,RENAULT/SANDERO,8339,8341.0,-2.0
2026-07,automoveis,OMODA JAECOO/JAECOO 7,2729,2731.0,-2.0
2016-01,automoveis,VW/GOL,6496,6498.0,-2.0
2016-02,automoveis,GM/ONIX,12950,12952.0,-2.0
2022-03,automoveis,FIAT/SIENA,2639,2637.0,2.0
2022-03,automoveis,FORD/TERRITORY,66,64.0,2.0
2021-10,automoveis,JEEP/RENEGADE,4501,4503.0,-2.0
2026-07,automoveis,FIAT/FASTBACK,4276,4278.0,-2.0
2016-02,comerciais_leves,FIAT/STRADA,3989,3991.0,-2.0
2025-11,automoveis,VW/TERA,10160,10162.0,-2.0
2026-01,automoveis,HYUNDAI/CRETA,8158,8160.0,-2.0
2026-01,automoveis,GWM/HAVAL H6,3379,3381.0,-2.0
2016-04,automoveis,BMW/X1,71,69.0,2.0
2026-07,automoveis,BYD/DOLPHIN MINI,6455,6457.0,-2.0
2022-03,automoveis,GM/SPIN,90,88.0,2.0
2026-01,automoveis,BYD/SONG,7473,7475.0,-2.0
2026-01,automoveis,BYD/DOLPHIN MINI,3887,3889.0,-2.0
2016-04,automoveis,VW/GOL,5294,5296.0,-2.0
2025-12,automoveis,VW/NIVUS,3122,3124.0,-2.0
2016-05,automoveis,PEUGEOT/2008,949,951.0,-2.0
2020-12,automoveis,HONDA/HR-V,3698,3700.0,-2.0
2022-03,automoveis,JAC/E-JS1,50,48.0,2.0
2026-06,comerciais_leves,FIAT/TORO,4403,4405.0,-2.0
2021-01,comerciais_leves,FIAT/TORO,6981,6983.0,-2.0
2021-06,automoveis,HYUNDAI/HB20,7288,7290.0,-2.0
2021-12,automoveis,GM/ONIX,9325,9327.0,-2.0
2021-11,comerciais_leves,NISSAN/FRONTIER,1034,1036.0,-2.0
2015-09,automoveis,GM/PRISMA,4786,4788.0,-2.0
2021-05,automoveis,TOYOTA/HILUX SW4,1178,1180.0,-2.0
2021-11,automoveis,JEEP/COMPASS,6095,6097.0,-2.0
2021-07,automoveis,FIAT/ARGO,9380,9382.0,-2.0
2021-07,automoveis,FIAT/MOBI,7527,7529.0,-2.0
2015-06,automoveis,FIAT/UNO,6853,6855.0,-2.0
2015-07,automoveis,VW/FOX/CROSS FOX,7002,7004.0,-2.0
2005-02,automoveis,GM/KADETT,1,3.0,-2.0
2015-10,comerciais_leves,RENAULT/MASTER,590,588.0,2.0
2026-08,comerciais_leves,FIAT/STRADA,14910,14912.0,-2.0
2022-02,comerciais_leves,CITROEN/JUMPY,200,198.0,2.0
2015-10,comerciais_leves,VW/SAVEIRO,4354,4356.0,-2.0
2015-11,automoveis,FIAT/PALIO,8126,8128.0,-2.0
2026-04,automoveis,VW/POLO,11049,11051.0,-2.0
2021-07,automoveis,JEEP/COMPASS,6044,6046.0,-2.0
2021-04,automoveis,GM/TRACKER,6408,6410.0,-2.0
2015-11,automoveis,HONDA/HR-V,5446,5448.0,-2.0
2022-02,automoveis,GM/ONIX,5203,5205.0,-2.0
2026-04,automoveis,BYD/DOLPHIN,1850,1852.0,-2.0
2026-05,automoveis,BYD/SONG,6039,6041.0,-2.0
2022-02,automoveis,RENAULT/DUSTER,1443,1445.0,-2.0
2015-11,comerciais_leves,GM/MONTANA,1635,1637.0,-2.0
2015-12,automoveis,FIAT/PALIO,9239,9241.0,-2.0
2015-12,automoveis,GM/ONIX,11989,11991.0,-2.0
2023-06,comerciais_leves,RENAULT/MASTER,1069,1071.0,-2.0
2022-03,automoveis,VOLVO/XC40,91,89.0,2.0
2025-09,automoveis,BYD/SONG,3009,3011.0,-2.0
2016-12,automoveis,GM/ONIX,15698,15700.0,-2.0
2025-09,automoveis,BYD/DOLPHIN,1309,1311.0,-2.0
2003-02,automoveis,AUDI/A4,56,58.0,-2.0
2025-08,comerciais_leves,FIAT/FIORINO,1797,1799.0,-2.0
2025-08,automoveis,VW/POLO,12938,12940.0,-2.0
2025-08,automoveis,PEUGEOT/208,863,865.0,-2.0
2020-07,automoveis,GM/ONIX,6232,6234.0,-2.0
2025-08,automoveis,HYUNDAI/HB20,5517,5519.0,-2.0
2020-06,comerciais_leves,MITSUBISHI/L200,601,603.0,-2.0
2021-01,comerciais_leves,FIAT/STRADA,10388,10390.0,-2.0
2016-11,automoveis,HONDA/HR-V,3756,3758.0,-2.0
2025-08,automoveis,BYD/YUAN,858,860.0,-2.0
2020-05,automoveis,TOYOTA/COROLLA,1333,1335.0,-2.0
2021-09,automoveis,FIAT/ARGO,7709,7711.0,-2.0
2015-04,automoveis,HONDA/FIT,4749,4751.0,-2.0
2012-02,automoveis,MITSUBISHI/LANCER,240,238.0,2.0
2008-04,comerciais_leves,M.BENZ/SPRINTER 313,264,262.0,2.0
2008-03,automoveis,PORSCHE/911,11,9.0,2.0
2025-07,automoveis,BYD/DOLPHIN,1488,1490.0,-2.0
2025-02,automoveis,HYUNDAI/CRETA,5146,5148.0,-2.0
2022-03,comerciais_leves,VW/MAN/EXPRESS,270,268.0,2.0
2025-02,automoveis,FIAT/PULSE,3585,3587.0,-2.0
2025-01,comerciais_leves,RAM/RAMPAGE,1852,1854.0,-2.0
2008-03,comerciais_leves,M.BENZ/SPRINTER 313,281,283.0,-2.0
2026-06,automoveis,HYUNDAI/HB20,8355,8357.0,-2.0
2016-08,automoveis,JEEP/RENEGADE,4742,4744.0,-2.0
2022-03,automoveis,KIA/CERATO,40,38.0,2.0
2022-03,automoveis,KIA/CARNIVAL,41,39.0,2.0
2003-02,automoveis,PEUGEOT/406,31,29.0,2.0
2016-09,automoveis,GM/CRUZE SEDAN,1232,1234.0,-2.0
2020-11,automoveis,RENAULT/SANDERO,2418,2420.0,-2.0
2025-09,automoveis,OMODA JAECOO/JAECOO 7,633,635.0,-2.0
2025-11,automoveis,JEEP/RENEGADE,4261,4263.0,-2.0
2022-03,automoveis,M.BENZ/CLASSE GLB,95,93.0,2.0
2025-08,automoveis,GM/TRACKER,6972,6974.0,-2.0
2023-01,automoveis,VW/NIVUS,4755,4756.0,-1.0
2023-01,automoveis,VW/POLO,2886,2887.0,-1.0
2023-01,automoveis,VW/T CROSS,6181,6182.0,-1.0
2023-01,comerciais_leves,FORD/RANGER,1593,1594.0,-1.0
2023-04,comerciais_leves,RENAULT/MASTER,788,789.0,-1.0
2023-04,automoveis,VW/TAOS,854,855.0,-1.0
2021-09,automoveis,JEEP/COMPASS,6818,6819.0,-1.0
2023-01,comerciais_leves,VW/SAVEIRO,3023,3024.0,-1.0
2023-02,automoveis,FIAT/ARGO,4281,4282.0,-1.0
2023-06,automoveis,HONDA/HR-V,4577,4578.0,-1.0
2023-02,automoveis,VOLVO/XC60,577,578.0,-1.0
2021-11,automoveis,GM/ONIX,5156,5157.0,-1.0
2021-10,automoveis,HONDA/HR-V,3501,3502.0,-1.0
2023-04,automoveis,RENAULT/KWID,6703,6704.0,-1.0
2021-10,automoveis,GM/ONIX,4310,4311.0,-1.0
2023-06,comerciais_leves,FIAT/TORO,4985,4986.0,-1.0
2022-12,comerciais_leves,FORD/TRANSIT,273,274.0,-1.0
2022-12,comerciais_leves,RAM/1500,179,178.0,1.0
2021-11,comerciais_leves,GM/S10,3774,3775.0,-1.0
2023-01,automoveis,GM/ONIX PLUS,8029,8030.0,-1.0
2023-01,automoveis,HYUNDAI/CRETA,6571,6572.0,-1.0
2021-11,automoveis,VW/GOL,5038,5039.0,-1.0
2021-10,comerciais_leves,HYUNDAI/HR,325,326.0,-1.0
2021-11,automoveis,TOYOTA/YARIS HB,1086,1087.0,-1.0
2023-01,automoveis,PEUGEOT/208,1786,1787.0,-1.0
2021-11,automoveis,TOYOTA/COROLLA,3013,3014.0,-1.0
2021-11,automoveis,MITSUBISHI/ECLIPSE CROSS,154,155.0,-1.0
2021-11,automoveis,JEEP/RENEGADE,6722,6723.0,-1.0
2021-10,automoveis,FIAT/CRONOS,2301,2302.0,-1.0
2021-10,automoveis,FIAT/MOBI,4573,4574.0,-1.0
2023-04,automoveis,TOYOTA/COROLLA,3864,3865.0,-1.0
2023-01,automoveis,JEEP/COMPASS,6091,6092.0,-1.0
2021-09,comerciais_leves,FIAT/STRADA,9110,9111.0,-1.0
2023-04,automoveis,HONDA/CITY,1248,1249.0,-1.0
2023-03,automoveis,TOYOTA/COROLLA CROSS,3334,3335.0,-1.0
2021-10,automoveis,VW/T CROSS,5732,5733.0,-1.0
2021-10,automoveis,VW/NIVUS,3355,3356.0,-1.0
2021-09,comerciais_leves,FIAT/TORO,6684,6685.0,-1.0
2023-03,comerciais_leves,FIAT/SCUDO,225,224.0,1.0
2021-10,automoveis,TOYOTA/COROLLA CROSS,3049,3050.0,-1.0
2021-09,automoveis,RENAULT/CAPTUR,575,576.0,-1.0
2023-05,automoveis,JEEP/COMMANDER,1834,1835.0,-1.0
2021-10,automoveis,TOYOTA/COROLLA,2279,2280.0,-1.0
2023-04,automoveis,GM/ONIX,8282,8283.0,-1.0
2023-05,automoveis,JEEP/COMPASS,4897,4898.0,-1.0
2023-05,automoveis,RENAULT/KWID,4151,4152.0,-1.0
2023-03,comerciais_leves,RENAULT/MASTER,481,482.0,-1.0
2021-12,automoveis,FIAT/PULSE,2227,2228.0,-1.0
2021-10,automoveis,JEEP/COMPASS,6822,6823.0,-1.0
2023-04,automoveis,GM/ONIX PLUS,7103,7104.0,-1.0
2023-06,automoveis,GM/BOLT,11,12.0,-1.0
2023-06,automoveis,FIAT/CRONOS,2949,2950.0,-1.0
2023-03,automoveis,FIAT/PULSE,2760,2761.0,-1.0
2021-10,comerciais_leves,FORD/RANGER,1349,1350.0,-1.0
2021-10,comerciais_leves,FIAT/TORO,6851,6852.0,-1.0
2023-03,automoveis,GM/ONIX PLUS,5124,5125.0,-1.0
2023-03,automoveis,JEEP/COMPASS,4429,4430.0,-1.0
2023-04,automoveis,JEEP/COMPASS,6987,6988.0,-1.0
2023-05,automoveis,TOYOTA/HILUX SW4,1112,1113.0,-1.0
2023-03,automoveis,KIA/CARNIVAL,6,5.0,1.0
2021-09,automoveis,VW/NIVUS,3625,3626.0,-1.0
2021-09,automoveis,VW/POLO,936,937.0,-1.0
2023-06,automoveis,BYD/SONG PLUS,321,322.0,-1.0
2023-03,automoveis,PEUGEOT/208,1162,1163.0,-1.0
2021-09,comerciais_leves,FIAT/DUCATO,229,228.0,1.0
2021-10,automoveis,HYUNDAI/CRETA,4549,4550.0,-1.0
2023-03,automoveis,TOYOTA/CAMRY,3,2.0,1.0
2021-10,automoveis,VW/VIRTUS,1240,1241.0,-1.0
2023-04,automoveis,HONDA/HR-V,4062,4063.0,-1.0
2022-06,automoveis,HYUNDAI/HB20,9633,9634.0,-1.0
2022-06,automoveis,RENAULT/KWID,2756,2757.0,-1.0
2022-03,automoveis,LAND ROVER/RANGE ROVER,100,99.0,1.0
2022-03,automoveis,LAND ROVER/EVOQUE,69,68.0,1.0
2022-06,automoveis,VW/T CROSS,6405,6406.0,-1.0
2022-06,comerciais_leves,GM/S10,2714,2715.0,-1.0
2022-03,automoveis,HONDA/WR-V,80,79.0,1.0
2022-06,comerciais_leves,RENAULT/MASTER,1171,1170.0,1.0
2022-06,comerciais_leves,TOYOTA/HILUX,4144,4145.0,-1.0
2022-06,comerciais_leves,VW/AMAROK,48,47.0,1.0
2022-10,automoveis,TOYOTA/COROLLA CROSS,2860,2861.0,-1.0
2022-07,automoveis,CAOA CHERY/TIGGO 8,909,910.0,-1.0
2022-07,automoveis,HONDA/CITY,2430,2431.0,-1.0
2022-07,automoveis,JEEP/RENEGADE,4122,4123.0,-1.0
2022-07,automoveis,RENAULT/KWID,5042,5043.0,-1.0
2022-07,automoveis,RENAULT/ZOE,128,129.0,-1.0
2022-07,automoveis,VW/GOL,9434,9435.0,-1.0
2022-07,comerciais_leves,FIAT/TORO,4480,4481.0,-1.0
2022-07,comerciais_leves,GM/S10,2964,2965.0,-1.0
2022-03,automoveis,GM/CRUZE HB,54,53.0,1.0
2022-08,automoveis,FIAT/PULSE,5299,5300.0,-1.0
2022-03,automoveis,FIAT/500E,89,88.0,1.0
2022-03,automoveis,HONDA/ACCORD,4,5.0,-1.0
2022-04,automoveis,FIAT/CRONOS,784,785.0,-1.0
2022-04,automoveis,FORD/MUSTANG,17,18.0,-1.0
2022-04,automoveis,GM/ONIX,5420,5421.0,-1.0
2022-04,automoveis,GM/TRACKER,4747,4748.0,-1.0
2022-04,automoveis,HYUNDAI/CRETA,4237,4238.0,-1.0
2022-04,automoveis,NISSAN/KICKS,2568,2569.0,-1.0
2022-03,comerciais_leves,IVECO/DAILY 35-150,192,191.0,1.0
2022-04,automoveis,TOYOTA/YARIS HB,2084,2085.0,-1.0
2022-04,automoveis,TOYOTA/YARIS SEDAN,1220,1221.0,-1.0
2022-04,automoveis,VW/NIVUS,3153,3154.0,-1.0
2022-04,automoveis,VW/T CROSS,6548,6549.0,-1.0
2022-06,automoveis,HYUNDAI/CRETA,6410,6411.0,-1.0
2022-04,comerciais_leves,MITSUBISHI/L200,1094,1095.0,-1.0
2022-04,comerciais_leves,PEUGEOT/EXPERT,308,309.0,-1.0
2022-05,automoveis,GM/TRACKER,4409,4410.0,-1.0
2022-05,automoveis,RENAULT/DUSTER,1404,1405.0,-1.0
2022-03,comerciais_leves,EFFA/V22,13,12.0,1.0
2022-05,automoveis,TOYOTA/HILUX SW4,1148,1149.0,-1.0
2022-03,automoveis,VW/VOYAGE,188,187.0,1.0
2022-05,comerciais_leves,FIAT/STRADA,7982,7983.0,-1.0
2022-03,automoveis,VW/FUSCA,3,2.0,1.0
2022-05,comerciais_leves,RAM/2500,83,84.0,-1.0
2022-03,automoveis,PORSCHE/911,24,23.0,1.0
2022-04,comerciais_leves,FIAT/STRADA,7566,7567.0,-1.0
2022-01,automoveis,HONDA/HR-V,3695,3696.0,-1.0
2022-01,automoveis,GM/ONIX,11528,11529.0,-1.0
2022-11,automoveis,BMW/320I,453,454.0,-1.0
2022-01,automoveis,FIAT/PULSE,4431,4432.0,-1.0
2022-01,automoveis,FIAT/MOBI,2743,2744.0,-1.0
2022-11,automoveis,FORD/MUSTANG,29,30.0,-1.0
2022-11,automoveis,MITSUBISHI/ECLIPSE CROSS,263,264.0,-1.0
2022-11,automoveis,NISSAN/KICKS,2603,2604.0,-1.0
2022-11,automoveis,TOYOTA/HILUX SW4,868,869.0,-1.0
2021-12,comerciais_leves,FIAT/STRADA,8533,8534.0,-1.0
2022-08,automoveis,GM/ONIX,8836,8837.0,-1.0
2022-11,comerciais_leves,FIAT/STRADA,8045,8046.0,-1.0
2022-11,comerciais_leves,RAM/3500,266,267.0,-1.0
2021-12,automoveis,TOYOTA/COROLLA,3504,3505.0,-1.0
2022-12,automoveis,AUDI/A5,26,25.0,1.0
2022-12,automoveis,BMW/X3,41,40.0,1.0
2022-12,automoveis,CAOA CHERY/TIGGO 5X,1176,1177.0,-1.0
2022-12,automoveis,FIAT/FASTBACK,3189,3190.0,-1.0
2021-12,automoveis,NISSAN/KICKS,3555,3556.0,-1.0
2022-12,automoveis,GM/SPIN,1904,1903.0,1.0
2021-12,automoveis,JEEP/COMPASS,5286,5287.0,-1.0
2022-12,automoveis,TOYOTA/YARIS HB,2364,2365.0,-1.0
2022-11,automoveis,VW/T CROSS,5589,5590.0,-1.0
2022-08,comerciais_leves,FIAT/STRADA,10897,10896.0,1.0
2022-08,comerciais_leves,TOYOTA/HILUX,4121,4122.0,-1.0
2022-03,automoveis,BMW/X5,124,123.0,1.0
2022-09,automoveis,CAOA CHERY/TIGGO 8,1189,1188.0,1.0
2022-03,automoveis,BMW/M340I,9,8.0,1.0
2022-02,automoveis,TOYOTA/YARIS SEDAN,592,593.0,-1.0
2022-09,automoveis,GM/CRUZE SEDAN,888,889.0,-1.0
2022-02,automoveis,JEEP/RENEGADE,4998,4999.0,-1.0
2022-02,automoveis,GM/TRACKER,2375,2376.0,-1.0
2022-09,automoveis,MITSUBISHI/ECLIPSE CROSS,399,400.0,-1.0
2022-02,automoveis,FIAT/MOBI,2527,2528.0,-1.0
2022-10,comerciais_leves,GM/S10,2407,2408.0,-1.0
2022-01,automoveis,TOYOTA/HILUX SW4,1567,1568.0,-1.0
2022-09,automoveis,TOYOTA/COROLLA CROSS,3249,3250.0,-1.0
2022-01,automoveis,RENAULT/LOGAN,873,874.0,-1.0
2022-09,automoveis,TOYOTA/HILUX SW4,1220,1221.0,-1.0
2022-09,automoveis,VOLVO/XC40,98,99.0,-1.0
2022-09,comerciais_leves,FIAT/FIORINO,1896,1897.0,-1.0
2022-10,automoveis,GM/ONIX,8077,8078.0,-1.0
2022-01,automoveis,NISSAN/VERSA,1263,1264.0,-1.0
2022-10,automoveis,VW/GOL,5772,5773.0,-1.0
2022-01,automoveis,JEEP/RENEGADE,4292,4293.0,-1.0
2022-10,comerciais_leves,FORD/RANGER,1327,1328.0,-1.0
2022-02,automoveis,FIAT/CRONOS,1731,1732.0,-1.0
2025-11,comerciais_leves,GM/S10,3311,3312.0,-1.0
2025-11,automoveis,OMODA JAECOO/JAECOO 7,676,677.0,-1.0
2025-11,automoveis,JEEP/COMMANDER,2161,2162.0,-1.0
2025-11,automoveis,GWM/HAVAL H6,3374,3375.0,-1.0
2025-11,automoveis,FIAT/FASTBACK,5665,5666.0,-1.0
2025-11,automoveis,CAOA CHERY/TIGGO 5X,1993,1994.0,-1.0
2025-11,automoveis,BYD/KING,1290,1291.0,-1.0
2025-11,automoveis,BYD/DOLPHIN,1730,1731.0,-1.0
2025-10,comerciais_leves,RENAULT/MASTER,1349,1350.0,-1.0
2021-09,automoveis,JEEP/RENEGADE,6709,6710.0,-1.0
2025-10,automoveis,VOLVO/XC60,377,378.0,-1.0
2025-10,automoveis,RENAULT/KARDIAN,2013,2014.0,-1.0
2025-10,automoveis,JEEP/RENEGADE,4546,4547.0,-1.0
2025-10,automoveis,GWM/ORA 03,428,429.0,-1.0
2025-10,automoveis,GWM/HAVAL H6,2885,2886.0,-1.0
2025-10,automoveis,GM/TRACKER,5656,5657.0,-1.0
2025-10,automoveis,GM/ONIX,7038,7039.0,-1.0
2025-10,automoveis,FIAT/PULSE,3755,3756.0,-1.0
2025-10,automoveis,FIAT/ARGO,9483,9484.0,-1.0
2025-10,automoveis,CAOA CHERY/TIGGO 8,2136,2137.0,-1.0
2025-10,comerciais_leves,FIAT/TORO,5173,5174.0,-1.0
2026-01,comerciais_leves,FIAT/TORO,6274,6275.0,-1.0
2026-01,automoveis,VW/VIRTUS,2424,2425.0,-1.0
2026-01,automoveis,VW/POLO,10433,10434.0,-1.0
2026-01,automoveis,TOYOTA/COROLLA,2271,2272.0,-1.0
2026-01,automoveis,RENAULT/KARDIAN,1160,1161.0,-1.0
2026-01,automoveis,OMODA JAECOO/JAECOO 7,996,997.0,-1.0
2026-01,automoveis,FIAT/PULSE,4113,4114.0,-1.0
2026-01,automoveis,CAOA CHERY/TIGGO 7,4943,4944.0,-1.0
2026-01,automoveis,BYD/SEAL,349,350.0,-1.0
2025-11,comerciais_leves,TOYOTA/HILUX,5203,5204.0,-1.0
2025-12,comerciais_leves,MITSUBISHI/TRITON,1044,1045.0,-1.0
2025-12,comerciais_leves,FIAT/STRADA,13018,13019.0,-1.0
2025-12,automoveis,VW/VIRTUS,3284,3285.0,-1.0
2025-12,automoveis,JEEP/COMMANDER,1829,1830.0,-1.0
2025-12,automoveis,GWM/HAVAL H6,3214,3215.0,-1.0
2025-12,automoveis,FIAT/CRONOS,2374,2375.0,-1.0
2025-12,automoveis,CAOA CHERY/TIGGO 7,4059,4060.0,-1.0
2025-12,automoveis,BYD/YUAN,454,455.0,-1.0
2025-12,automoveis,BYD/KING,856,857.0,-1.0
2025-12,automoveis,BYD/DOLPHIN,801,802.0,-1.0
2025-12,comerciais_leves,RAM/RAMPAGE,2422,2423.0,-1.0
2025-08,automoveis,JEEP/COMPASS,4934,4935.0,-1.0
2025-08,automoveis,HONDA/HR-V,4085,4086.0,-1.0
2025-08,automoveis,FIAT/PULSE,4835,4836.0,-1.0
2025-08,automoveis,FIAT/FASTBACK,6206,6207.0,-1.0
2025-08,automoveis,BYD/SONG,3163,3164.0,-1.0
2025-08,automoveis,BYD/KING,963,964.0,-1.0
2025-08,automoveis,BYD/DOLPHIN,1304,1305.0,-1.0
2025-07,comerciais_leves,NISSAN/FRONTIER,312,313.0,-1.0
2025-07,automoveis,TOYOTA/COROLLA CROSS,5334,5335.0,-1.0
2025-10,automoveis,BYD/SONG,3245,3246.0,-1.0
2025-07,automoveis,FIAT/FASTBACK,4929,4930.0,-1.0
2025-07,automoveis,BYD/SEAL,321,322.0,-1.0
2025-02,comerciais_leves,VW/AMAROK,683,684.0,-1.0
2025-02,comerciais_leves,RENAULT/MASTER,1175,1176.0,-1.0
2025-02,comerciais_leves,FIAT/TORO,3449,3450.0,-1.0
2025-02,comerciais_leves,FIAT/STRADA,8776,8777.0,-1.0
2025-02,automoveis,VW/TAOS,1612,1613.0,-1.0
2025-02,automoveis,VW/T CROSS,5311,5312.0,-1.0
2025-02,automoveis,PEUGEOT/208,724,725.0,-1.0
2025-02,automoveis,HYUNDAI/TUCSON,132,133.0,-1.0
2025-07,automoveis,NISSAN/KICKS,3393,3394.0,-1.0
2025-09,automoveis,VW/TERA,4156,4157.0,-1.0
2025-09,automoveis,VW/POLO,12907,12908.0,-1.0
2025-09,automoveis,TOYOTA/COROLLA CROSS,7736,7737.0,-1.0
2025-09,automoveis,M.BENZ/CLASSE C,132,131.0,1.0
2025-09,automoveis,JEEP/COMPASS,4716,4717.0,-1.0
2025-09,automoveis,HYUNDAI/HB20,7589,7590.0,-1.0
2025-09,automoveis,HYUNDAI/CRETA,6648,6649.0,-1.0
2025-09,automoveis,HONDA/HR-V,4027,4028.0,-1.0
2025-09,automoveis,GWM/HAVAL H6,3101,3102.0,-1.0
2025-09,automoveis,FIAT/FASTBACK,5039,5040.0,-1.0
2025-08,automoveis,JEEP/RENEGADE,3710,3711.0,-1.0
2025-09,automoveis,BYD/YUAN,772,773.0,-1.0
2025-09,automoveis,BYD/DOLPHIN MINI,3299,3300.0,-1.0
2025-08,comerciais_leves,TOYOTA/HILUX,5369,5370.0,-1.0
2025-08,comerciais_leves,RENAULT/MASTER,1508,1509.0,-1.0
2025-08,comerciais_leves,RAM/RAMPAGE,1975,1976.0,-1.0
2025-08,comerciais_leves,GM/S10,2648,2649.0,-1.0
2025-08,comerciais_leves,FORD/TRANSIT,308,307.0,1.0
2025-08,automoveis,VW/NIVUS,5776,5777.0,-1.0
2025-08,automoveis,TOYOTA/COROLLA GR,11,12.0,-1.0
2025-08,automoveis,NISSAN/VERSA,929,930.0,-1.0
2025-09,automoveis,FIAT/ARGO,10096,10097.0,-1.0
2026-04,automoveis,VW/TERA,7976,7977.0,-1.0
2026-04,automoveis,TOYOTA/YARIS CROSS,3863,3864.0,-1.0
2015-07,automoveis,MITSUBISHI/PAJERO,451,452.0,-1.0
2015-07,automoveis,FORD/NEW FIESTA,859,860.0,-1.0
2015-07,automoveis,FORD/FOCUS SEDAN,852,853.0,-1.0
2015-07,automoveis,FORD/EDGE,110,111.0,-1.0
2015-07,automoveis,FIAT/PALIO,10581,10582.0,-1.0
2015-06,comerciais_leves,RENAULT/MASTER,654,655.0,-1.0
2015-06,comerciais_leves,GM/S10,4148,4149.0,-1.0
2026-01,comerciais_leves,MITSUBISHI/TRITON,1221,1222.0,-1.0
2015-06,comerciais_leves,FORD/RANGER,1586,1587.0,-1.0
2015-06,automoveis,VW/SPACE FOX,578,579.0,-1.0
2015-06,automoveis,VW/GOL,7987,7988.0,-1.0
2015-06,automoveis,RENAULT/SANDERO,6620,6621.0,-1.0
2015-06,automoveis,RENAULT/DUSTER,2515,2516.0,-1.0
2015-06,automoveis,HYUNDAI/HB20S,4483,4484.0,-1.0
2015-06,automoveis,HONDA/FIT,2662,2663.0,-1.0
2015-06,automoveis,GM/SPIN,2265,2266.0,-1.0
2015-06,automoveis,FORD/KA SEDAN,3359,3360.0,-1.0
2015-06,automoveis,FORD/KA,8347,8348.0,-1.0
2015-06,comerciais_leves,GM/MONTANA,1869,1870.0,-1.0
2026-06,automoveis,TOYOTA/YARIS CROSS,3640,3641.0,-1.0
2026-06,automoveis,TOYOTA/COROLLA CROSS,3494,3495.0,-1.0
2026-06,automoveis,JEEP/COMPASS,4583,4584.0,-1.0
2026-06,automoveis,GWM/TANK 300,364,365.0,-1.0
2026-06,automoveis,GWM/ORA 03,489,490.0,-1.0
2026-06,automoveis,GWM/HAVAL H6,4327,4328.0,-1.0
2026-06,automoveis,FIAT/PULSE,4762,4763.0,-1.0
2026-06,automoveis,FIAT/MOBI,5727,5728.0,-1.0
2026-06,automoveis,FIAT/FASTBACK,4120,4121.0,-1.0
2026-06,automoveis,FIAT/ARGO,8273,8274.0,-1.0
2026-05,automoveis,BMW/320I,276,277.0,-1.0
2026-06,automoveis,BYD/DOLPHIN MINI,7576,7577.0,-1.0
2026-06,automoveis,BYD/DOLPHIN,4962,4963.0,-1.0
2026-05,comerciais_leves,VW/SAVEIRO,6456,6457.0,-1.0
2026-05,automoveis,VW/POLO,8366,8367.0,-1.0
2026-05,automoveis,TOYOTA/COROLLA CROSS,3175,3176.0,-1.0
2026-05,automoveis,NISSAN/VERSA,552,553.0,-1.0
2026-05,automoveis,JEEP/RENEGADE,3143,3144.0,-1.0
2026-05,automoveis,JEEP/COMMANDER,1159,1160.0,-1.0
2026-05,automoveis,GM/SPARK,1046,1047.0,-1.0
2026-05,automoveis,BYD/DOLPHIN,3021,3022.0,-1.0
2026-06,automoveis,BYD/KING,1895,1896.0,-1.0
2026-03,automoveis,RENAULT/KWID,5193,5194.0,-1.0
2026-03,automoveis,OMODA JAECOO/OMODA 5,1178,1179.0,-1.0
2026-03,automoveis,OMODA JAECOO/JAECOO 7,457,458.0,-1.0
2026-03,automoveis,JEEP/COMPASS,4168,4169.0,-1.0
2026-03,automoveis,JEEP/COMMANDER,1370,1371.0,-1.0
2026-03,automoveis,HYUNDAI/CRETA,5044,5045.0,-1.0
2026-03,automoveis,BYD/SEAL,125,126.0,-1.0
2026-03,automoveis,BYD/DOLPHIN MINI,4873,4874.0,-1.0
2026-02,comerciais_leves,RENAULT/MASTER,966,967.0,-1.0
2015-06,automoveis,FORD/FOCUS,1199,1200.0,-1.0
2026-02,automoveis,TOYOTA/HILUX SW4,1230,1231.0,-1.0
2026-02,automoveis,LEAPMOTOR/C10,441,442.0,-1.0
2026-02,automoveis,HYUNDAI/HB20,4064,4065.0,-1.0
2026-02,automoveis,HYUNDAI/CRETA,4428,4429.0,-1.0
2026-02,automoveis,HONDA/WR-V,1811,1812.0,-1.0
2026-02,automoveis,GWM/HAVAL H6,2627,2628.0,-1.0
2026-02,automoveis,GM/ONIX,4947,4948.0,-1.0
2026-02,automoveis,BYD/DOLPHIN MINI,2839,2840.0,-1.0
2026-02,automoveis,BYD/DOLPHIN,1510,1511.0,-1.0
2026-01,comerciais_leves,TOYOTA/HILUX,4318,4319.0,-1.0
2026-02,comerciais_leves,FORD/RANGER,2344,2345.0,-1.0
2015-06,automoveis,FORD/FIESTA,3908,3909.0,-1.0
2015-06,automoveis,BMW/X5,68,69.0,-1.0
2015-05,comerciais_leves,RENAULT/MASTER,1060,1059.0,1.0
2015-05,automoveis,LAND ROVER/EVOQUE,417,418.0,-1.0
2015-05,automoveis,HONDA/FIT,3427,3428.0,-1.0
2015-05,automoveis,GM/CRUZE SEDAN,1155,1156.0,-1.0
2015-05,automoveis,GM/CELTA,3345,3346.0,-1.0
2015-05,automoveis,FORD/FOCUS SEDAN,784,785.0,-1.0
2015-05,automoveis,FORD/FOCUS,1198,1199.0,-1.0
2015-04,comerciais_leves,VW/SAVEIRO,6327,6328.0,-1.0
2026-03,automoveis,TOYOTA/COROLLA,2148,2149.0,-1.0
2026-04,automoveis,HYUNDAI/CRETA,6673,6674.0,-1.0
2026-04,automoveis,FIAT/PULSE,5166,5167.0,-1.0
2026-04,automoveis,CAOA CHERY/TIGGO 5X,5006,5007.0,-1.0
2026-04,automoveis,BYD/SONG,5053,5054.0,-1.0
2026-04,automoveis,BYD/KING,1273,1274.0,-1.0
2026-04,automoveis,BYD/DOLPHIN MINI,7052,7053.0,-1.0
2026-03,comerciais_leves,RAM/RAMPAGE,1888,1889.0,-1.0
2026-03,comerciais_leves,MITSUBISHI/TRITON,709,710.0,-1.0
2026-03,comerciais_leves,FORD/RANGER,2047,2048.0,-1.0
2026-03,comerciais_leves,FIAT/STRADA,11190,11191.0,-1.0
2026-04,automoveis,LEAPMOTOR/C10,471,472.0,-1.0
2024-03,automoveis,VW/T CROSS,4038,4039.0,-1.0
2024-03,automoveis,VW/POLO,8062,8063.0,-1.0
2024-03,automoveis,TOYOTA/COROLLA CROSS,2877,2878.0,-1.0
2024-03,automoveis,HONDA/HR-V,3220,3221.0,-1.0
2024-03,automoveis,GM/SPIN,754,755.0,-1.0
2024-03,automoveis,FIAT/FASTBACK,3593,3594.0,-1.0
2024-03,automoveis,FIAT/CRONOS,1656,1657.0,-1.0
2024-03,automoveis,BYD/YUAN PLUS,225,226.0,-1.0
2024-03,automoveis,BYD/SONG PLUS,1900,1901.0,-1.0
2025-02,automoveis,GM/TRACKER,5413,5414.0,-1.0
2024-03,automoveis,AUDI/Q5,144,145.0,-1.0
2024-02,automoveis,JEEP/COMPASS,3591,3592.0,-1.0
2024-02,automoveis,HONDA/HR-V,2830,2831.0,-1.0
2024-02,automoveis,BYD/SEAL,611,612.0,-1.0
2024-02,automoveis,BYD/DOLPHIN,1819,1820.0,-1.0
2024-01,automoveis,VW/POLO,17998,17999.0,-1.0
2024-01,automoveis,TOYOTA/HILUX SW4,1921,1922.0,-1.0
2024-01,automoveis,TOYOTA/COROLLA CROSS,4388,4389.0,-1.0
2023-12,comerciais_leves,VW/SAVEIRO,3094,3095.0,-1.0
2023-12,comerciais_leves,GM/S10,1372,1373.0,-1.0
2024-03,automoveis,BYD/SEAL,454,455.0,-1.0
2024-06,automoveis,HYUNDAI/HB20,6690,6691.0,-1.0
2024-06,automoveis,GM/TRACKER,4612,4613.0,-1.0
2024-06,automoveis,GM/ONIX,7900,7901.0,-1.0
2024-06,automoveis,CAOA CHERY/TIGGO 5X,2445,2446.0,-1.0
2024-06,automoveis,BYD/DOLPHIN MINI,2103,2104.0,-1.0
2024-06,automoveis,BMW/X1,438,439.0,-1.0
2024-05,automoveis,JEEP/COMPASS,3913,3914.0,-1.0
2024-05,automoveis,HONDA/ZR-V,543,544.0,-1.0
2024-05,automoveis,GM/ONIX,9086,9087.0,-1.0
2024-05,automoveis,CITROEN/C3,1536,1537.0,-1.0
2024-03,comerciais_leves,FIAT/TORO,3043,3044.0,-1.0
2024-04,automoveis,VW/VIRTUS,3016,3017.0,-1.0
2024-04,automoveis,NISSAN/VERSA,1160,1161.0,-1.0
2024-04,automoveis,NISSAN/KICKS,5033,5034.0,-1.0
2024-04,automoveis,BYD/DOLPHIN MINI,2468,2469.0,-1.0
2024-04,automoveis,BYD/DOLPHIN,1706,1707.0,-1.0
2024-04,automoveis,BMW/X1,501,502.0,-1.0
2024-03,comerciais_leves,RAM/RAMPAGE,2100,2101.0,-1.0
2024-03,comerciais_leves,GM/S10,2019,2020.0,-1.0
2024-03,comerciais_leves,FORD/TRANSIT,163,162.0,1.0
2024-03,comerciais_leves,FORD/RANGER,1884,1885.0,-1.0
2024-05,automoveis,BYD/SEAL,282,283.0,-1.0
2023-11,automoveis,TOYOTA/HILUX SW4,1547,1548.0,-1.0
2023-11,automoveis,PORSCHE/911,133,132.0,1.0
2023-11,automoveis,GM/SPIN,2050,2051.0,-1.0
2023-11,automoveis,FIAT/FASTBACK,3641,3640.0,1.0
2023-11,automoveis,BYD/SONG PLUS,1099,1100.0,-1.0
2023-11,automoveis,AUDI/Q3,141,140.0,1.0
2023-08,comerciais_leves,FIAT/TORO,4131,4132.0,-1.0
2023-08,automoveis,VW/T CROSS,8552,8553.0,-1.0
2023-08,automoveis,VW/POLO,16470,16471.0,-1.0
2023-12,automoveis,VW/POLO,10196,10197.0,-1.0
2023-08,automoveis,NISSAN/VERSA,1085,1086.0,-1.0
2023-08,automoveis,JEEP/COMPASS,4706,4707.0,-1.0
2023-08,automoveis,FIAT/MOBI,8581,8582.0,-1.0
2023-08,automoveis,BYD/DOLPHIN,79,80.0,-1.0
2023-08,automoveis,AUDI/Q3,138,137.0,1.0
2023-07,automoveis,VW/T CROSS,7263,7264.0,-1.0
2023-07,automoveis,JEEP/COMMANDER,1337,1338.0,-1.0
2023-07,automoveis,HONDA/HR-V,4809,4810.0,-1.0
2023-06,comerciais_leves,TOYOTA/HILUX,3985,3986.0,-1.0
2023-06,comerciais_leves,GM/MONTANA,3592,3593.0,-1.0
2023-08,automoveis,VW/NIVUS,6497,6498.0,-1.0
2023-12,automoveis,RENAULT/KWID,5971,5972.0,-1.0
2023-12,automoveis,PEUGEOT/208,2909,2910.0,-1.0
2023-12,automoveis,M.BENZ/CLASSE C,13,12.0,1.0
2023-12,automoveis,KIA/CARNIVAL,2,1.0,1.0
2023-12,automoveis,JEEP/COMPASS,5750,5751.0,-1.0
2023-12,automoveis,HYUNDAI/CRETA,6988,6989.0,-1.0
2023-12,automoveis,HONDA/CITY,886,887.0,-1.0
2023-12,automoveis,GM/PRISMA,0,1.0,-1.0
2023-12,automoveis,GM/CORVETTE,4,5.0,-1.0
2023-12,automoveis,FORD/BRONCO,169,170.0,-1.0
2023-11,automoveis,TOYOTA/YARIS HB,1861,1862.0,-1.0
2023-12,automoveis,FIAT/PALIO,1,2.0,-1.0
2023-12,automoveis,FIAT/FASTBACK,3708,3709.0,-1.0
2023-12,automoveis,FIAT/ARGO,5334,5335.0,-1.0
2023-12,automoveis,CHRYSLER/PACIFICA,2,1.0,1.0
2023-12,automoveis,BYD/SONG PLUS,1522,1523.0,-1.0
2023-12,automoveis,BYD/DOLPHIN,1693,1694.0,-1.0
2023-12,automoveis,BMW/430I,2,1.0,1.0
2023-12,automoveis,AUDI/A4,24,25.0,-1.0
2023-11,comerciais_leves,FORD/TRANSIT,141,140.0,1.0
2023-11,automoveis,VW/TAOS,1864,1865.0,-1.0
2023-12,automoveis,FIAT/UNO,3,4.0,-1.0
2024-12,automoveis,FIAT/MOBI,5656,5657.0,-1.0
2024-12,automoveis,FIAT/FASTBACK,4022,4023.0,-1.0
2024-12,automoveis,BYD/SONG,3256,3257.0,-1.0
2024-12,automoveis,BYD/KING,1074,1075.0,-1.0
2024-12,automoveis,BMW/X1,654,655.0,-1.0
2024-12,automoveis,BMW/530E,29,30.0,-1.0
2024-11,comerciais_leves,TOYOTA/HILUX,4735,4736.0,-1.0
2024-11,comerciais_leves,RENAULT/MASTER,1193,1192.0,1.0
2024-11,comerciais_leves,FIAT/STRADA,14640,14641.0,-1.0
2024-06,automoveis,NISSAN/KICKS,5909,5910.0,-1.0
2024-11,automoveis,TOYOTA/YARIS SEDAN,2184,2185.0,-1.0
2024-11,automoveis,TOYOTA/HILUX SW4,1928,1929.0,-1.0
2024-11,automoveis,TOYOTA/COROLLA CROSS,4805,4806.0,-1.0
2024-11,automoveis,PEUGEOT/208,913,914.0,-1.0
2024-11,automoveis,PEUGEOT/2008,1745,1746.0,-1.0
2024-11,automoveis,MITSUBISHI/ECLIPSE CROSS,853,854.0,-1.0
2024-11,automoveis,JEEP/RENEGADE,5214,5215.0,-1.0
2024-11,automoveis,HYUNDAI/HB20,10794,10795.0,-1.0
2024-11,automoveis,HONDA/HR-V,5444,5445.0,-1.0
2024-10,comerciais_leves,GM/S10,2660,2661.0,-1.0
2024-11,automoveis,VW/T CROSS,9175,9176.0,-1.0
2025-02,automoveis,BYD/DOLPHIN MINI,1722,1723.0,-1.0
2025-01,comerciais_leves,GM/MONTANA,2548,2549.0,-1.0
2025-01,automoveis,VW/TAOS,1934,1935.0,-1.0
2025-01,automoveis,TOYOTA/COROLLA CROSS,3770,3771.0,-1.0
2025-01,automoveis,JEEP/COMPASS,4713,4714.0,-1.0
2025-01,automoveis,JEEP/COMMANDER,1528,1529.0,-1.0
2025-01,automoveis,HYUNDAI/CRETA,6340,6341.0,-1.0
2025-01,automoveis,HONDA/HR-V,4757,4758.0,-1.0
2025-01,automoveis,GWM/ORA 03,477,478.0,-1.0
2025-01,automoveis,FIAT/PULSE,3964,3965.0,-1.0
2024-12,automoveis,GM/ONIX PLUS,5411,5412.0,-1.0
2025-01,automoveis,BYD/KING,1949,1950.0,-1.0
2025-01,automoveis,BYD/DOLPHIN MINI,1851,1852.0,-1.0
2025-01,automoveis,BYD/DOLPHIN,530,531.0,-1.0
2024-12,comerciais_leves,GM/S10,2746,2747.0,-1.0
2024-12,automoveis,RENAULT/KWID,6811,6812.0,-1.0
2024-12,automoveis,NISSAN/KICKS,4309,4310.0,-1.0
2024-12,automoveis,HYUNDAI/HB20,12352,12353.0,-1.0
2024-12,automoveis,HYUNDAI/CRETA,6081,6082.0,-1.0
2024-12,automoveis,HONDA/HR-V,4474,4475.0,-1.0
2024-12,automoveis,HONDA/CITY,1641,1642.0,-1.0
2025-01,automoveis,FIAT/ARGO,7056,7057.0,-1.0
2024-08,automoveis,FIAT/PULSE,3661,3662.0,-1.0
2024-08,automoveis,BYD/SONG,2138,2139.0,-1.0
2024-08,automoveis,BYD/DOLPHIN,1466,1467.0,-1.0
2024-08,automoveis,AUDI/A3 SEDAN,30,31.0,-1.0
2024-07,comerciais_leves,RAM/RAMPAGE,1967,1968.0,-1.0
2024-07,comerciais_leves,FORD/RANGER,3025,3026.0,-1.0
2024-07,automoveis,VW/T CROSS,5935,5936.0,-1.0
2024-07,automoveis,TOYOTA/COROLLA CROSS,4238,4239.0,-1.0
2024-07,automoveis,PEUGEOT/208,2367,2368.0,-1.0
2024-10,comerciais_leves,FORD/RANGER,2892,2893.0,-1.0
2024-07,automoveis,JEEP/COMPASS,3959,3960.0,-1.0
2024-07,automoveis,FIAT/ARGO,7422,7423.0,-1.0
2024-07,automoveis,BYD/DOLPHIN,1513,1514.0,-1.0
2024-06,comerciais_leves,VW/AMAROK,581,582.0,-1.0
2024-06,comerciais_leves,RENAULT/OROCH,1106,1107.0,-1.0
2024-06,comerciais_leves,FORD/RANGER,2305,2306.0,-1.0
2024-06,comerciais_leves,FIAT/STRADA,10972,10973.0,-1.0
2024-06,automoveis,RENAULT/KWID,2796,2797.0,-1.0
2024-06,automoveis,PEUGEOT/208,1530,1531.0,-1.0
2024-06,automoveis,NISSAN/SENTRA,496,497.0,-1.0
2024-07,automoveis,NISSAN/KICKS,4676,4677.0,-1.0
2024-10,comerciais_leves,FIAT/STRADA,14239,14240.0,-1.0
2024-10,automoveis,TOYOTA/COROLLA CROSS,4204,4205.0,-1.0
2024-10,automoveis,PEUGEOT/208,1190,1191.0,-1.0
2024-10,automoveis,FIAT/PULSE,3324,3325.0,-1.0
2024-10,automoveis,CAOA CHERY/TIGGO 7,3682,3683.0,-1.0
2024-10,automoveis,BYD/DOLPHIN MINI,2168,2169.0,-1.0
2024-09,comerciais_leves,FIAT/STRADA,16421,16422.0,-1.0
2024-09,automoveis,VW/VIRTUS,2925,2926.0,-1.0
2024-09,automoveis,HYUNDAI/HB20,7102,7103.0,-1.0
2024-09,automoveis,GM/TRACKER,6415,6416.0,-1.0
2024-08,automoveis,GM/ONIX,7422,7423.0,-1.0
2024-09,automoveis,FORD/TERRITORY,468,469.0,-1.0
2024-09,automoveis,CAOA CHERY/TIGGO 8,598,599.0,-1.0
2024-09,automoveis,CAOA CHERY/TIGGO 7,4015,4016.0,-1.0
2024-09,automoveis,BYD/SONG,2515,2516.0,-1.0
2024-08,comerciais_leves,RENAULT/MASTER,871,872.0,-1.0
2024-08,comerciais_leves,MITSUBISHI/L200,1065,1066.0,-1.0
2024-08,automoveis,VW/POLO,12542,12543.0,-1.0
2024-08,automoveis,VW/NIVUS,5569,5570.0,-1.0
2024-08,automoveis,JEEP/COMPASS,4727,4728.0,-1.0
2024-08,automoveis,HONDA/HR-V,4634,4635.0,-1.0
2024-09,automoveis,GM/ONIX PLUS,4842,4843.0,-1.0
2017-06,automoveis,JEEP/RENEGADE,2868,2869.0,-1.0
2017-06,automoveis,JEEP/COMPASS,4449,4450.0,-1.0
2017-06,automoveis,HYUNDAI/IX35,885,886.0,-1.0
2017-06,automoveis,HONDA/FIT,2067,2068.0,-1.0
2017-05,comerciais_leves,VW/AMAROK,678,679.0,-1.0
2017-05,comerciais_leves,FORD/RANGER,1052,1053.0,-1.0
2017-05,automoveis,VW/GOL,5514,5515.0,-1.0
2017-05,automoveis,VW/FOX/CROSS FOX,2919,2920.0,-1.0
2017-05,automoveis,TOYOTA/ETIOS HB,3270,3271.0,-1.0
2026-06,automoveis,VW/POLO,10522,10523.0,-1.0
2017-05,automoveis,RENAULT/DUSTER,1899,1900.0,-1.0
2017-05,automoveis,HYUNDAI/CRETA,3055,3056.0,-1.0
2017-05,automoveis,HONDA/CIVIC,2393,2394.0,-1.0
2017-05,automoveis,GM/TRACKER,674,675.0,-1.0
2017-05,automoveis,GM/ONIX,12688,12689.0,-1.0
2017-05,automoveis,GM/CRUZE SEDAN,1720,1721.0,-1.0
2017-05,automoveis,FORD/KA,6649,6650.0,-1.0
2017-05,automoveis,CITROEN/C3,733,734.0,-1.0
2017-05,automoveis,AUDI/Q3,419,420.0,-1.0
2017-04,comerciais_leves,GM/S10,2033,2034.0,-1.0
2017-05,automoveis,RENAULT/SANDERO,6109,6110.0,-1.0
2017-09,automoveis,RENAULT/KWID,2889,2890.0,-1.0
2017-09,automoveis,RENAULT/CAPTUR,1172,1173.0,-1.0
2017-09,automoveis,HYUNDAI/HB20,10376,10377.0,-1.0
2017-09,automoveis,HYUNDAI/CRETA,4378,4379.0,-1.0
2017-09,automoveis,GM/ONIX,18512,18513.0,-1.0
2017-09,automoveis,FORD/KA SEDAN,2851,2852.0,-1.0
2017-08,comerciais_leves,GM/S10,2672,2673.0,-1.0
2017-08,comerciais_leves,FIAT/STRADA,3524,3525.0,-1.0
2017-08,automoveis,VOLVO/XC60,211,212.0,-1.0
2017-08,automoveis,NISSAN/KICKS,2472,2473.0,-1.0
2017-06,comerciais_leves,FIAT/TORO,4400,4401.0,-1.0
2017-08,automoveis,FIAT/SIENA,1846,1847.0,-1.0
2017-07,automoveis,TOYOTA/COROLLA,5733,5734.0,-1.0
2017-07,automoveis,RENAULT/LOGAN,2261,2262.0,-1.0
2017-07,automoveis,MITSUBISHI/Outlander,392,393.0,-1.0
2017-07,automoveis,M.BENZ/CLASSE C,541,542.0,-1.0
2017-07,automoveis,HONDA/HR-V,4057,4058.0,-1.0
2017-07,automoveis,GM/TRACKER,954,955.0,-1.0
2017-07,automoveis,GM/ONIX,14922,14923.0,-1.0
2017-06,comerciais_leves,VW/SAVEIRO,3996,3997.0,-1.0
2017-06,comerciais_leves,TOYOTA/HILUX,3150,3151.0,-1.0
2017-08,automoveis,HONDA/CITY,1373,1374.0,-1.0
2017-02,comerciais_leves,HYUNDAI/HR,167,168.0,-1.0
2017-02,comerciais_leves,FIAT/STRADA,4411,4412.0,-1.0
2017-02,comerciais_leves,CITROEN/JUMPER,63,64.0,-1.0
2017-02,automoveis,VW/FOX/CROSS FOX,3591,3592.0,-1.0
2017-02,automoveis,TOYOTA/ETIOS SEDAN,2062,2063.0,-1.0
2017-02,automoveis,TOYOTA/COROLLA,4013,4014.0,-1.0
2017-02,automoveis,JEEP/RENEGADE,2730,2731.0,-1.0
2017-02,automoveis,HONDA/HR-V,3267,3268.0,-1.0
2017-02,automoveis,HONDA/CIVIC,2028,2029.0,-1.0
2017-02,automoveis,GM/PRISMA,4063,4064.0,-1.0
2017-04,comerciais_leves,FIAT/TORO,4399,4400.0,-1.0
2017-02,automoveis,FORD/FOCUS SEDAN,416,417.0,-1.0
2017-02,automoveis,AUDI/Q3,207,206.0,1.0
2017-01,comerciais_leves,VW/SAVEIRO,2261,2262.0,-1.0
2017-01,automoveis,RENAULT/SANDERO,6352,6353.0,-1.0
2017-01,automoveis,LAND ROVER/DISCOVERY,337,338.0,-1.0
2017-01,automoveis,HONDA/CITY,1339,1340.0,-1.0
2017-01,automoveis,GM/ONIX,18431,18432.0,-1.0
2017-01,automoveis,GM/CRUZE SEDAN,1562,1563.0,-1.0
2017-01,automoveis,FORD/KA SEDAN,2311,2312.0,-1.0
2017-01,automoveis,FORD/ECOSPORT,2267,2268.0,-1.0
2017-02,automoveis,FORD/KA,7078,7079.0,-1.0
2017-04,automoveis,TOYOTA/COROLLA,5454,5455.0,-1.0
2017-04,automoveis,RENAULT/SANDERO,6515,6516.0,-1.0
2017-04,automoveis,NISSAN/MARCH,2033,2034.0,-1.0
2017-04,automoveis,JEEP/RENEGADE,3508,3509.0,-1.0
2017-04,automoveis,HYUNDAI/HB20S,2691,2692.0,-1.0
2017-04,automoveis,GM/SPIN,2051,2052.0,-1.0
2017-04,automoveis,FIAT/PALIO,2835,2836.0,-1.0
2017-03,comerciais_leves,VW/SAVEIRO,2991,2992.0,-1.0
2017-03,comerciais_leves,HYUNDAI/HR,152,153.0,-1.0
2017-03,comerciais_leves,FIAT/STRADA,3288,3289.0,-1.0
2017-03,automoveis,CITROEN/C3,606,607.0,-1.0
2017-03,automoveis,VW/GOL,4563,4564.0,-1.0
2017-03,automoveis,SUZUKI/JIMNY,91,92.0,-1.0
2017-03,automoveis,RENAULT/SANDERO,4180,4181.0,-1.0
2017-03,automoveis,HYUNDAI/HB20,6520,6521.0,-1.0
2017-03,automoveis,HYUNDAI/CRETA,2330,2331.0,-1.0
2017-03,automoveis,HONDA/CITY,1128,1129.0,-1.0
2017-03,automoveis,GM/ONIX,11979,11980.0,-1.0
2017-03,automoveis,FORD/KA SEDAN,1127,1128.0,-1.0
2017-03,automoveis,FIAT/UNO,2107,2108.0,-1.0
2017-03,automoveis,FIAT/SIENA,2014,2015.0,-1.0
2017-03,automoveis,VW/JETTA,281,282.0,-1.0
2018-04,automoveis,HONDA/CITY,1578,1579.0,-1.0
2018-04,automoveis,FORD/MUSTANG,147,148.0,-1.0
2018-04,automoveis,FORD/KA,9802,9803.0,-1.0
2018-04,automoveis,FORD/FIESTA,1463,1464.0,-1.0
2018-04,automoveis,FIAT/CRONOS,1578,1579.0,-1.0
2018-03,comerciais_leves,VW/SAVEIRO,2955,2956.0,-1.0
2018-03,comerciais_leves,VW/AMAROK,1273,1274.0,-1.0
2018-03,automoveis,SUZUKI/JIMNY,142,143.0,-1.0
2018-03,automoveis,RENAULT/KWID,4505,4506.0,-1.0
2017-09,automoveis,TOYOTA/COROLLA,6678,6679.0,-1.0
2018-03,automoveis,JEEP/COMPASS,3785,3786.0,-1.0
2018-03,automoveis,HYUNDAI/HB20,7363,7364.0,-1.0
2018-03,automoveis,HONDA/WR-V,1212,1213.0,-1.0
2018-03,automoveis,GM/COBALT,1218,1219.0,-1.0
2018-03,automoveis,FORD/KA,6569,6570.0,-1.0
2018-02,comerciais_leves,VW/SAVEIRO,3156,3155.0,1.0
2018-02,comerciais_leves,TOYOTA/HILUX,2933,2934.0,-1.0
2018-02,comerciais_leves,RENAULT/MASTER,527,528.0,-1.0
2018-02,comerciais_leves,MITSUBISHI/L200,773,774.0,-1.0
2018-02,automoveis,TOYOTA/COROLLA,4485,4486.0,-1.0
2018-03,automoveis,JEEP/RENEGADE,2199,2200.0,-1.0
2018-05,automoveis,TOYOTA/ETIOS SEDAN,3254,3255.0,-1.0
2018-05,automoveis,RENAULT/CAPTUR,1683,1684.0,-1.0
2018-05,automoveis,NISSAN/KICKS,3700,3701.0,-1.0
2018-05,automoveis,JEEP/RENEGADE,4461,4462.0,-1.0
2018-05,automoveis,HYUNDAI/TUCSON,542,543.0,-1.0
2018-05,automoveis,HONDA/CIVIC,2763,2764.0,-1.0
2018-05,automoveis,GM/ONIX,16616,16617.0,-1.0
2018-05,automoveis,FIAT/ARGO,4951,4952.0,-1.0
2018-05,automoveis,CITROEN/AIRCROSS,482,483.0,-1.0
2018-04,comerciais_leves,TOYOTA/HILUX,3222,3223.0,-1.0
2018-04,automoveis,HONDA/CIVIC,2783,2784.0,-1.0
2018-04,comerciais_leves,MITSUBISHI/L200,964,965.0,-1.0
2018-04,comerciais_leves,FORD/RANGER,1267,1266.0,1.0
2018-04,automoveis,VW/POLO,6148,6149.0,-1.0
2018-04,automoveis,TOYOTA/HILUX SW4,1041,1042.0,-1.0
2018-04,automoveis,NISSAN/VERSA,2608,2609.0,-1.0
2018-04,automoveis,NISSAN/KICKS,5531,5532.0,-1.0
2018-04,automoveis,HYUNDAI/IX35,894,895.0,-1.0
2018-04,automoveis,HYUNDAI/HB20S,2508,2509.0,-1.0
2018-04,automoveis,HYUNDAI/HB20,9216,9217.0,-1.0
2018-04,automoveis,HYUNDAI/CRETA,3670,3671.0,-1.0
2018-04,comerciais_leves,RENAULT/OROCH,1057,1058.0,-1.0
2017-11,automoveis,MITSUBISHI/PAJERO,179,178.0,1.0
2017-11,automoveis,JEEP/RENEGADE,3016,3017.0,-1.0
2017-11,automoveis,HONDA/HR-V,4487,4488.0,-1.0
2017-11,automoveis,HONDA/FIT,2504,2505.0,-1.0
2017-11,automoveis,GM/TRAILBLAZER,288,289.0,-1.0
2017-11,automoveis,GM/PRISMA,6202,6203.0,-1.0
2017-11,automoveis,FIAT/SIENA,2003,2004.0,-1.0
2017-11,automoveis,FIAT/ARGO,4158,4159.0,-1.0
2017-10,comerciais_leves,TOYOTA/HILUX,2693,2694.0,-1.0
2017-10,comerciais_leves,LIFAN/FOISON,37,36.0,1.0
2018-02,automoveis,NISSAN/VERSA,1683,1684.0,-1.0
2017-10,comerciais_leves,FIAT/FIORINO,1109,1110.0,-1.0
2017-10,automoveis,TOYOTA/ETIOS HB,2830,2831.0,-1.0
2017-10,automoveis,RENAULT/KWID,10357,10358.0,-1.0
2017-10,automoveis,MITSUBISHI/ASX,629,630.0,-1.0
2017-10,automoveis,JEEP/COMPASS,4176,4177.0,-1.0
2017-10,automoveis,HYUNDAI/HB20,8529,8530.0,-1.0
2017-10,automoveis,HONDA/CITY,1328,1329.0,-1.0
2017-10,automoveis,FORD/FUSION,328,329.0,-1.0
2017-10,automoveis,FORD/FOCUS SEDAN,421,422.0,-1.0
2017-09,comerciais_leves,FIAT/DUCATO,140,141.0,-1.0
2017-10,comerciais_leves,GM/MONTANA,1396,1397.0,-1.0
2018-02,automoveis,LIFAN/X60,216,217.0,-1.0
2018-02,automoveis,HYUNDAI/HB20,7435,7436.0,-1.0
2018-02,automoveis,GM/EQUINOX,391,392.0,-1.0
2018-01,comerciais_leves,FIAT/STRADA,6901,6902.0,-1.0
2018-01,automoveis,VW/VOYAGE,2808,2809.0,-1.0
2018-01,automoveis,VW/UP,2732,2733.0,-1.0
2018-01,automoveis,RENAULT/KWID,2817,2818.0,-1.0
2018-01,automoveis,NISSAN/KICKS,3712,3713.0,-1.0
2018-01,automoveis,MITSUBISHI/Outlander,203,202.0,1.0
2018-01,automoveis,JEEP/COMPASS,5120,5121.0,-1.0
2017-11,automoveis,RENAULT/SANDERO,4080,4081.0,-1.0
2018-01,automoveis,GM/TRACKER,2073,2074.0,-1.0
2017-12,comerciais_leves,FIAT/FIORINO,1188,1189.0,-1.0
2017-12,automoveis,TOYOTA/ETIOS HB,3360,3361.0,-1.0
2017-12,automoveis,TOYOTA/COROLLA,5536,5537.0,-1.0
2017-12,automoveis,RENAULT/CAPTUR,1669,1670.0,-1.0
2017-12,automoveis,LAND ROVER/EVOQUE,116,115.0,1.0
2017-12,automoveis,LAND ROVER/DISCOVERY,274,273.0,1.0
2017-12,automoveis,JEEP/COMPASS,4581,4582.0,-1.0
2017-12,automoveis,HONDA/FIT,2699,2700.0,-1.0
2017-12,automoveis,HONDA/CIVIC,1857,1858.0,-1.0
2018-01,automoveis,HONDA/CIVIC,1850,1851.0,-1.0
2015-11,automoveis,FORD/FUSION,492,493.0,-1.0
2015-11,automoveis,FORD/ECOSPORT,2332,2333.0,-1.0
2015-10,comerciais_leves,TOYOTA/HILUX,2746,2747.0,-1.0
2015-10,automoveis,VW/JETTA,815,814.0,1.0
2015-10,automoveis,RENAULT/DUSTER,2697,2698.0,-1.0
2015-10,automoveis,NISSAN/VERSA,1872,1873.0,-1.0
2015-10,automoveis,JEEP/RENEGADE,5675,5676.0,-1.0
2015-10,automoveis,HONDA/FIT,3511,3512.0,-1.0
2015-10,automoveis,FIAT/DOBLO,672,673.0,-1.0
2016-12,comerciais_leves,TOYOTA/HILUX,2857,2858.0,-1.0
2015-09,comerciais_leves,MITSUBISHI/L200,1129,1130.0,-1.0
2015-09,automoveis,VOLVO/XC60,183,182.0,1.0
2015-09,automoveis,TOYOTA/COROLLA,5734,5735.0,-1.0
2015-09,automoveis,HYUNDAI/HB20,9167,9168.0,-1.0
2015-09,automoveis,HONDA/HR-V,5434,5435.0,-1.0
2015-09,automoveis,HONDA/CITY,1525,1526.0,-1.0
2015-09,automoveis,GM/CLASSIC,1972,1973.0,-1.0
2015-08,comerciais_leves,VW/SAVEIRO,5683,5684.0,-1.0
2015-08,comerciais_leves,HYUNDAI/HR,617,618.0,-1.0
2015-08,comerciais_leves,GM/S10,2475,2476.0,-1.0
2015-09,comerciais_leves,RENAULT/KANGOO,172,173.0,-1.0
2016-01,automoveis,MINI/COOPER,125,126.0,-1.0
2016-01,automoveis,HONDA/CIVIC,2080,2081.0,-1.0
2016-01,automoveis,FORD/KA SEDAN,1763,1764.0,-1.0
2016-01,automoveis,FORD/FOCUS,912,911.0,1.0
2016-01,automoveis,FORD/ECOSPORT,2433,2434.0,-1.0
2015-12,comerciais_leves,TOYOTA/HILUX,2103,2102.0,1.0
2015-12,automoveis,VW/GOLF VARIANT,113,114.0,-1.0
2015-12,automoveis,TOYOTA/COROLLA,5693,5694.0,-1.0
2015-12,automoveis,NISSAN/VERSA,1725,1726.0,-1.0
2015-12,automoveis,M.BENZ/CLASSE C,214,215.0,-1.0
2015-11,automoveis,FORD/MUSTANG,2,1.0,1.0
2015-11,automoveis,VW/SPACE FOX,509,508.0,1.0
2015-11,automoveis,RENAULT/SANDERO,5301,5302.0,-1.0
2015-11,automoveis,RENAULT/DUSTER,3052,3053.0,-1.0
2015-11,automoveis,NISSAN/MARCH,1543,1544.0,-1.0
2015-11,automoveis,HYUNDAI/IX35,876,877.0,-1.0
2015-11,automoveis,HYUNDAI/ELANTRA,280,281.0,-1.0
2015-11,automoveis,HONDA/FIT,3126,3127.0,-1.0
2015-11,automoveis,HONDA/CIVIC,1836,1837.0,-1.0
2015-11,automoveis,GM/ONIX,11130,11131.0,-1.0
2015-11,automoveis,FORD/NEW FIESTA,448,447.0,1.0
2015-12,automoveis,HONDA/CITY,2171,2172.0,-1.0
2026-08,automoveis,BYD/DOLPHIN,6491,6492.0,-1.0
2026-07,automoveis,VW/NIVUS,4544,4545.0,-1.0
2026-07,automoveis,GWM/HAVAL H6,3942,3943.0,-1.0
2026-07,automoveis,GM/SPIN,1802,1803.0,-1.0
2026-07,automoveis,FIAT/PULSE,5348,5349.0,-1.0
2026-07,automoveis,CAOA CHANGAN/UNIT-T,1002,1003.0,-1.0
2006-03,automoveis,M.BENZ/CLASSE C,30,31.0,-1.0
2026-06,comerciais_leves,RAM/RAMPAGE,1857,1858.0,-1.0
2026-06,comerciais_leves,FORD/RANGER,3529,3530.0,-1.0
2026-06,comerciais_leves,FORD/MAVERICK,437,438.0,-1.0
2015-08,comerciais_leves,FORD/RANGER,1762,1763.0,-1.0
2026-08,comerciais_leves,MITSUBISHI/TRITON,1525,1526.0,-1.0
2015-05,automoveis,NISSAN/LIVINA,250,251.0,-1.0
2026-06,automoveis,VW/VIRTUS,2930,2931.0,-1.0
2015-07,automoveis,TOYOTA/COROLLA,5809,5810.0,-1.0
2026-05,automoveis,FIAT/ARGO,7990,7991.0,-1.0
2015-04,automoveis,VW/VOYAGE,4117,4118.0,-1.0
2015-04,automoveis,VW/UP,4909,4910.0,-1.0
2015-04,automoveis,VW/FOX/CROSS FOX,6922,6923.0,-1.0
2015-04,automoveis,GM/PRISMA,6259,6260.0,-1.0
2008-04,automoveis,M.BENZ/CLASSE C,163,162.0,1.0
2026-06,comerciais_leves,FIAT/TITANO,466,467.0,-1.0
2015-08,automoveis,VW/GOL,7233,7234.0,-1.0
2015-08,automoveis,TOYOTA/ETIOS SEDAN,2537,2538.0,-1.0
2015-08,automoveis,RENAULT/LOGAN,2647,2648.0,-1.0
2015-08,automoveis,LAND ROVER/RANGE ROVER,88,87.0,1.0
2015-08,automoveis,HONDA/FIT,2794,2795.0,-1.0
2015-08,automoveis,FORD/KA SEDAN,4132,4133.0,-1.0
2015-08,automoveis,FIAT/DOBLO,722,723.0,-1.0
2015-07,comerciais_leves,VW/SAVEIRO,5363,5364.0,-1.0
2015-07,comerciais_leves,MITSUBISHI/L200,1076,1077.0,-1.0
2015-07,automoveis,VW/GOL,7291,7292.0,-1.0
2026-08,automoveis,BYD/SONG,6833,6834.0,-1.0
2026-08,comerciais_leves,FIAT/DUCATO,308,307.0,1.0
2026-08,automoveis,VW/TERA,10164,10165.0,-1.0
2026-08,automoveis,VW/NIVUS,3727,3728.0,-1.0
2026-08,automoveis,RENAULT/KWID,4381,4382.0,-1.0
2026-08,automoveis,OMODA JAECOO/OMODA 5,2551,2552.0,-1.0
2026-08,automoveis,HYUNDAI/CRETA,5879,5880.0,-1.0
2026-08,automoveis,GM/ONIX,9312,9313.0,-1.0
2026-08,automoveis,GEELY/EX2,5897,5898.0,-1.0
2026-08,automoveis,FORD/TERRITORY,817,818.0,-1.0
2026-08,automoveis,FIAT/FASTBACK,4848,4849.0,-1.0
2026-08,comerciais_leves,FORD/RANGER,3401,3402.0,-1.0
2016-09,automoveis,VW/UP,3002,3003.0,-1.0
2016-09,automoveis,NISSAN/MARCH,1819,1820.0,-1.0
2016-09,automoveis,HYUNDAI/HB20,10262,10263.0,-1.0
2016-09,automoveis,HONDA/HR-V,4905,4906.0,-1.0
2016-09,automoveis,CITROEN/C4L,258,259.0,-1.0
2016-09,automoveis,CITROEN/C3,1020,1021.0,-1.0
2016-09,automoveis,AUDI/Q3,404,405.0,-1.0
2016-08,comerciais_leves,FIAT/STRADA,5923,5924.0,-1.0
2016-08,automoveis,VW/UP,3406,3407.0,-1.0
2016-08,automoveis,NISSAN/KICKS,589,590.0,-1.0
2016-01,comerciais_leves,FIAT/FIORINO,1300,1301.0,-1.0
2016-08,automoveis,GM/ONIX,11590,11591.0,-1.0
2016-07,comerciais_leves,RENAULT/OROCH,1171,1172.0,-1.0
2016-07,automoveis,TOYOTA/ETIOS SEDAN,2927,2928.0,-1.0
2016-07,automoveis,TOYOTA/ETIOS HB,3290,3291.0,-1.0
2016-07,automoveis,RENAULT/SANDERO,6012,6013.0,-1.0
2016-07,automoveis,RENAULT/LOGAN,1562,1563.0,-1.0
2016-07,automoveis,GM/CAMARO,75,76.0,-1.0
2016-06,comerciais_leves,GM/MONTANA,1351,1352.0,-1.0
2016-06,automoveis,VW/FOX/CROSS FOX,3818,3819.0,-1.0
2016-06,automoveis,TOYOTA/COROLLA,5427,5428.0,-1.0
2016-08,automoveis,HYUNDAI/HB20,9696,9697.0,-1.0
2016-12,automoveis,VW/JETTA,837,838.0,-1.0
2016-12,automoveis,VW/GOL,5181,5182.0,-1.0
2016-12,automoveis,NISSAN/MARCH,1416,1417.0,-1.0
2016-12,automoveis,HYUNDAI/SANTAFE,127,128.0,-1.0
2016-12,automoveis,HONDA/CIVIC,2533,2534.0,-1.0
2016-12,automoveis,HONDA/CITY,1104,1105.0,-1.0
2016-12,automoveis,BMW/320,216,217.0,-1.0
2016-11,automoveis,NISSAN/KICKS,1445,1446.0,-1.0
2016-11,automoveis,LAND ROVER/RANGE ROVER,56,57.0,-1.0
2016-11,automoveis,HYUNDAI/TUCSON,283,282.0,1.0
2016-09,comerciais_leves,FIAT/STRADA,6008,6009.0,-1.0
2016-11,automoveis,GM/PRISMA,5312,5313.0,-1.0
2016-11,automoveis,GM/ONIX,14086,14087.0,-1.0
2016-11,automoveis,FIAT/MOBI,3371,3372.0,-1.0
2016-11,automoveis,AUDI/TT,32,33.0,-1.0
2016-10,comerciais_leves,PEUGEOT/PARTNER,38,39.0,-1.0
2016-10,automoveis,NISSAN/VERSA,2017,2018.0,-1.0
2016-10,automoveis,GM/CAMARO,33,32.0,1.0
2016-10,automoveis,FORD/FOCUS SEDAN,633,634.0,-1.0
2016-10,automoveis,FIAT/SIENA,2172,2173.0,-1.0
2016-10,automoveis,AUDI/A5,60,59.0,1.0
2016-11,automoveis,HYUNDAI/HB20,11349,11350.0,-1.0
2016-04,automoveis,GM/ONIX,12191,12192.0,-1.0
2016-04,automoveis,FORD/KA,7223,7224.0,-1.0
2016-03,comerciais_leves,MITSUBISHI/L200,612,613.0,-1.0
2016-03,comerciais_leves,GM/S10,1180,1179.0,1.0
2016-03,automoveis,TOYOTA/ETIOS SEDAN,1776,1777.0,-1.0
2016-03,automoveis,TOYOTA/COROLLA,4996,4997.0,-1.0
2016-03,automoveis,NISSAN/MARCH,1364,1365.0,-1.0
2016-03,automoveis,HYUNDAI/HB20,7849,7850.0,-1.0
2016-03,automoveis,GM/PRISMA,4407,4408.0,-1.0
2016-03,automoveis,GM/ONIX,10325,10326.0,-1.0
2016-06,automoveis,PEUGEOT/2008,815,814.0,1.0
2016-02,automoveis,RENAULT/SANDERO,3002,3003.0,-1.0
2016-02,automoveis,NISSAN/SENTRA,594,595.0,-1.0
2016-02,automoveis,MITSUBISHI/ASX,411,412.0,-1.0
2016-02,automoveis,JEEP/RENEGADE,4990,4991.0,-1.0
2016-02,automoveis,JAGUAR/XE,36,37.0,-1.0
2016-02,automoveis,FIAT/UNO,3332,3333.0,-1.0
2016-02,automoveis,FIAT/PALIO,8011,8012.0,-1.0
2016-02,automoveis,FIAT/IDEA,405,406.0,-1.0
2016-02,automoveis,CITROEN/C4 PICASSO,41,42.0,-1.0
2016-01,comerciais_leves,RENAULT/OROCH,1491,1492.0,-1.0
2016-02,automoveis,VW/GOL,3941,3942.0,-1.0
2016-06,automoveis,NISSAN/SENTRA,364,365.0,-1.0
2016-06,automoveis,LAND ROVER/EVOQUE,191,192.0,-1.0
2016-06,automoveis,GM/CRUZE HB,314,315.0,-1.0
2016-06,automoveis,GM/CAPTIVA,150,151.0,-1.0
2016-06,automoveis,FORD/FUSION,326,327.0,-1.0
2016-06,automoveis,FIAT/SIENA,2882,2883.0,-1.0
2016-06,automoveis,CITROEN/C3,1006,1005.0,1.0
2016-05,comerciais_leves,NISSAN/FRONTIER,302,301.0,1.0
2016-05,automoveis,VW/GOLF,389,390.0,-1.0
2016-05,automoveis,TOYOTA/HILUX SW4,946,947.0,-1.0
2016-04,automoveis,HYUNDAI/HB20S,3935,3936.0,-1.0
2016-05,automoveis,M.BENZ/CLASSE GLA,280,281.0,-1.0
2016-05,automoveis,HYUNDAI/HB20,9831,9832.0,-1.0
2016-05,automoveis,HONDA/HR-V,5446,5447.0,-1.0
2016-05,automoveis,GM/CRUZE SEDAN,591,592.0,-1.0
2016-05,automoveis,FORD/KA SEDAN,1826,1825.0,1.0
2016-04,comerciais_leves,TOYOTA/HILUX,3441,3442.0,-1.0
2016-04,automoveis,TOYOTA/HILUX SW4,1294,1295.0,-1.0
2016-04,automoveis,TOYOTA/COROLLA,5983,5984.0,-1.0
2016-04,automoveis,RENAULT/SANDERO,4253,4254.0,-1.0
2016-04,automoveis,JEEP/RENEGADE,4283,4284.0,-1.0
2016-05,automoveis,M.BENZ/GLC,91,92.0,-1.0
2020-09,automoveis,VW/POLO,3426,3427.0,-1.0
2020-09,automoveis,VW/GOL,7911,7912.0,-1.0
2020-09,automoveis,TOYOTA/YARIS SEDAN,1434,1435.0,-1.0
2020-09,automoveis,TOYOTA/COROLLA,3195,3196.0,-1.0
2020-09,automoveis,RENAULT/KWID,2259,2260.0,-1.0
2020-09,automoveis,KIA/CERATO,98,99.0,-1.0
2020-09,automoveis,HONDA/WR-V,865,866.0,-1.0
2020-09,automoveis,HONDA/CIVIC,1846,1847.0,-1.0
2020-09,automoveis,GM/TRACKER,5898,5899.0,-1.0
2018-05,automoveis,VW/POLO,5817,5818.0,-1.0
2020-09,automoveis,FIAT/ARGO,6039,6040.0,-1.0
2020-09,automoveis,CAOA CHERY/TIGGO 7,132,133.0,-1.0
2020-08,comerciais_leves,HYUNDAI/HR,491,492.0,-1.0
2020-08,comerciais_leves,FIAT/TORO,4257,4258.0,-1.0
2020-08,automoveis,VW/UP,1014,1015.0,-1.0
2020-08,automoveis,VW/T CROSS,10210,10211.0,-1.0
2020-08,automoveis,GM/TRACKER,6069,6070.0,-1.0
2020-08,automoveis,GM/ONIX,9715,9716.0,-1.0
2020-08,automoveis,FORD/KA,4257,4258.0,-1.0
2020-08,automoveis,FORD/ECOSPORT,2077,2078.0,-1.0
2020-09,automoveis,GM/CRUZE HB,246,247.0,-1.0
2021-01,automoveis,HONDA/CITY,1122,1123.0,-1.0
2021-01,automoveis,GM/ONIX,16565,16566.0,-1.0
2021-01,automoveis,FIAT/ARGO,8411,8412.0,-1.0
2021-01,automoveis,CAOA CHERY/TIGGO 7,383,384.0,-1.0
2020-12,comerciais_leves,FIAT/STRADA,9610,9611.0,-1.0
2020-12,automoveis,VW/POLO,3801,3802.0,-1.0
2020-12,automoveis,GM/ONIX PLUS,12134,12135.0,-1.0
2020-11,comerciais_leves,NISSAN/FRONTIER,944,945.0,-1.0
2020-11,comerciais_leves,FIAT/STRADA,10064,10065.0,-1.0
2020-11,automoveis,VW/T CROSS,5136,5137.0,-1.0
2020-09,automoveis,VW/TIGUAN,1069,1070.0,-1.0
2020-11,automoveis,MITSUBISHI/ECLIPSE CROSS,378,379.0,-1.0
2020-11,automoveis,GM/TRACKER,6594,6595.0,-1.0
2020-11,automoveis,GM/ONIX PLUS,8618,8619.0,-1.0
2020-10,automoveis,VW/GOL,9133,9134.0,-1.0
2020-10,automoveis,RENAULT/DUSTER,1830,1831.0,-1.0
2020-10,automoveis,NISSAN/KICKS,4024,4025.0,-1.0
2020-10,automoveis,GM/TRACKER,6402,6403.0,-1.0
2020-09,comerciais_leves,FIAT/TORO,4823,4824.0,-1.0
2020-09,comerciais_leves,FIAT/STRADA,8688,8689.0,-1.0
2020-09,comerciais_leves,CITROEN/JUMPY,122,121.0,1.0
2020-11,automoveis,TOYOTA/YARIS HB,2177,2178.0,-1.0
2020-03,automoveis,TOYOTA/COROLLA,4514,4515.0,-1.0
2020-03,automoveis,RENAULT/CAPTUR,949,950.0,-1.0
2020-03,automoveis,NISSAN/VERSA,1870,1871.0,-1.0
2020-03,automoveis,M.BENZ/CLASSE GLA,182,183.0,-1.0
2020-03,automoveis,GM/ONIX,17651,17652.0,-1.0
2020-03,automoveis,FIAT/CRONOS,1359,1360.0,-1.0
2020-02,comerciais_leves,GM/S10,2402,2403.0,-1.0
2020-02,automoveis,VW/VIRTUS,3135,3136.0,-1.0
2020-02,automoveis,VW/T CROSS,3338,3339.0,-1.0
2020-02,automoveis,TOYOTA/COROLLA,3931,3932.0,-1.0
2020-07,comerciais_leves,GM/S10,1442,1443.0,-1.0
2020-02,automoveis,JEEP/RENEGADE,4324,4325.0,-1.0
2020-02,automoveis,HYUNDAI/HB20,6554,6555.0,-1.0
2020-02,automoveis,HONDA/CITY,829,830.0,-1.0
2020-02,automoveis,GM/ONIX PLUS,8721,8722.0,-1.0
2020-02,automoveis,FIAT/ARGO,4793,4794.0,-1.0
2020-01,comerciais_leves,TOYOTA/HILUX,3649,3650.0,-1.0
2020-01,automoveis,VOLVO/XC60,412,413.0,-1.0
2020-01,automoveis,TOYOTA/YARIS SEDAN,3044,3045.0,-1.0
2020-01,automoveis,FORD/KA,8921,8922.0,-1.0
2020-01,automoveis,FIAT/MOBI,4227,4228.0,-1.0
2020-02,automoveis,RENAULT/SANDERO,3137,3138.0,-1.0
2020-07,automoveis,VW/VIRTUS,1932,1933.0,-1.0
2020-07,automoveis,JEEP/RENEGADE,4091,4092.0,-1.0
2020-07,automoveis,FORD/KA,3403,3404.0,-1.0
2020-07,automoveis,FIAT/ARGO,3002,3003.0,-1.0
2020-06,comerciais_leves,FIAT/STRADA,1982,1983.0,-1.0
2020-06,automoveis,VW/VIRTUS,961,962.0,-1.0
2020-05,comerciais_leves,VW/AMAROK,514,515.0,-1.0
2020-05,comerciais_leves,FORD/RANGER,1069,1070.0,-1.0
2020-05,automoveis,JEEP/COMPASS,1094,1095.0,-1.0
2020-05,automoveis,GM/ONIX PLUS,2222,2223.0,-1.0
2020-03,automoveis,VW/POLO,5516,5517.0,-1.0
2020-04,comerciais_leves,VW/AMAROK,1144,1145.0,-1.0
2020-04,comerciais_leves,RENAULT/MASTER,466,467.0,-1.0
2020-04,comerciais_leves,FIAT/TORO,3597,3598.0,-1.0
2020-04,automoveis,TOYOTA/COROLLA,3642,3643.0,-1.0
2020-04,automoveis,M.BENZ/CLA250,15,16.0,-1.0
2020-04,automoveis,CHRYSLER/PACIFICA,1,0.0,1.0
2020-03,comerciais_leves,VW/SAVEIRO,3187,3188.0,-1.0
2020-03,comerciais_leves,NISSAN/FRONTIER,764,765.0,-1.0
2020-03,comerciais_leves,FIAT/TORO,4473,4474.0,-1.0
2020-03,automoveis,VW/T CROSS,5373,5374.0,-1.0
2020-05,automoveis,FIAT/ARGO,1175,1176.0,-1.0
2021-07,automoveis,HYUNDAI/HB20,7608,7609.0,-1.0
2021-07,automoveis,GM/ONIX,2531,2532.0,-1.0
2021-06,comerciais_leves,GM/S10,1945,1946.0,-1.0
2021-06,comerciais_leves,FIAT/TORO,3941,3942.0,-1.0
2021-06,comerciais_leves,FIAT/STRADA,9917,9918.0,-1.0
2021-06,automoveis,VW/POLO,2092,2093.0,-1.0
2021-06,automoveis,VW/GOL,6794,6795.0,-1.0
2021-06,automoveis,TOYOTA/COROLLA CROSS,3677,3678.0,-1.0
2021-06,automoveis,TOYOTA/COROLLA,3789,3790.0,-1.0
2021-01,automoveis,JEEP/COMPASS,6968,6969.0,-1.0
2021-06,automoveis,JEEP/RENEGADE,7360,7361.0,-1.0
2021-06,automoveis,GM/TRACKER,4717,4718.0,-1.0
2021-06,automoveis,FIAT/CRONOS,1967,1968.0,-1.0
2021-05,comerciais_leves,HYUNDAI/HR,211,212.0,-1.0
2021-05,comerciais_leves,GM/S10,1986,1987.0,-1.0
2021-05,automoveis,RENAULT/DUSTER,2413,2414.0,-1.0
2021-05,automoveis,MITSUBISHI/PAJERO,273,274.0,-1.0
2021-05,automoveis,JEEP/COMPASS,5503,5504.0,-1.0
2021-05,automoveis,GM/SPIN,1133,1134.0,-1.0
2021-05,automoveis,GM/ONIX PLUS,4895,4896.0,-1.0
2021-06,automoveis,RENAULT/KWID,4851,4852.0,-1.0
2021-09,automoveis,GM/SPIN,434,435.0,-1.0
2021-09,automoveis,FIAT/MOBI,7537,7538.0,-1.0
2021-09,automoveis,CITROEN/C4 CACTUS,1689,1690.0,-1.0
2021-09,automoveis,AUDI/A4,32,33.0,-1.0
2021-08,comerciais_leves,TOYOTA/HILUX,4575,4576.0,-1.0
2021-08,comerciais_leves,PEUGEOT/EXPERT,336,337.0,-1.0
2021-08,comerciais_leves,NISSAN/FRONTIER,921,922.0,-1.0
2021-08,comerciais_leves,FIAT/TORO,7029,7030.0,-1.0
2021-08,automoveis,VW/T CROSS,3391,3392.0,-1.0
2021-08,automoveis,RENAULT/KWID,4864,4865.0,-1.0
2021-07,automoveis,M.BENZ/CLASSE GLB,481,482.0,-1.0
2021-08,automoveis,JEEP/COMPASS,6669,6670.0,-1.0
2021-08,automoveis,HYUNDAI/HB20,7798,7799.0,-1.0
2021-08,automoveis,HYUNDAI/CRETA,4267,4268.0,-1.0
2021-08,automoveis,FIAT/SIENA,1393,1394.0,-1.0
2021-08,automoveis,CAOA CHERY/TIGGO 8,905,906.0,-1.0
2021-07,comerciais_leves,RENAULT/MASTER,789,790.0,-1.0
2021-07,comerciais_leves,FIAT/TORO,5908,5909.0,-1.0
2021-07,automoveis,VW/TIGUAN,539,540.0,-1.0
2021-07,automoveis,TOYOTA/COROLLA CROSS,4709,4710.0,-1.0
2021-07,automoveis,TOYOTA/COROLLA,3543,3544.0,-1.0
2021-08,automoveis,MINI/COOPER,102,103.0,-1.0
2021-03,automoveis,AUDI/A5,57,58.0,-1.0
2021-02,comerciais_leves,VW/SAVEIRO,2496,2497.0,-1.0
2021-02,comerciais_leves,PEUGEOT/EXPERT,242,243.0,-1.0
2021-02,comerciais_leves,HYUNDAI/HR,321,322.0,-1.0
2021-02,comerciais_leves,FIAT/TORO,5232,5233.0,-1.0
2021-02,comerciais_leves,FIAT/STRADA,9229,9230.0,-1.0
2021-02,automoveis,VW/T CROSS,5240,5241.0,-1.0
2021-02,automoveis,VW/NIVUS,3480,3481.0,-1.0
2021-02,automoveis,HONDA/HR-V,2657,2658.0,-1.0
2021-02,automoveis,GM/ONIX,10566,10567.0,-1.0
2021-05,automoveis,GM/ONIX,6401,6402.0,-1.0
2021-02,automoveis,CAOA CHERY/TIGGO 5X,960,961.0,-1.0
2021-01,comerciais_leves,VW/AMAROK,907,908.0,-1.0
2021-01,comerciais_leves,TOYOTA/HILUX,3306,3307.0,-1.0
2021-01,comerciais_leves,NISSAN/FRONTIER,956,957.0,-1.0
2021-01,comerciais_leves,HYUNDAI/HR,394,395.0,-1.0
2021-01,automoveis,TOYOTA/COROLLA,5046,5047.0,-1.0
2021-01,automoveis,RENAULT/SANDERO,1893,1894.0,-1.0
2021-01,automoveis,RENAULT/DUSTER,3109,3110.0,-1.0
2021-01,automoveis,RENAULT/CAPTUR,1609,1610.0,-1.0
2021-01,automoveis,JEEP/RENEGADE,7876,7877.0,-1.0
2021-02,automoveis,CITROEN/C4L,121,122.0,-1.0
2021-05,automoveis,FIAT/ARGO,5382,5383.0,-1.0
2021-04,comerciais_leves,VW/SAVEIRO,2909,2910.0,-1.0
2021-04,comerciais_leves,TOYOTA/HILUX,3232,3233.0,-1.0
2021-04,comerciais_leves,FIAT/TORO,6707,6708.0,-1.0
2021-04,automoveis,TOYOTA/COROLLA,4108,4109.0,-1.0
2021-04,automoveis,RENAULT/LOGAN,1013,1014.0,-1.0
2021-04,automoveis,LAND ROVER/EVOQUE,117,118.0,-1.0
2021-04,automoveis,JEEP/RENEGADE,6185,6186.0,-1.0
2021-04,automoveis,JEEP/COMPASS,5210,5211.0,-1.0
2021-04,automoveis,GM/ONIX PLUS,5449,5450.0,-1.0
2021-03,automoveis,FIAT/SIENA,1197,1198.0,-1.0
2021-04,automoveis,FIAT/ARGO,4994,4995.0,-1.0
2021-03,comerciais_leves,PEUGEOT/EXPERT,167,168.0,-1.0
2021-03,comerciais_leves,FIAT/TORO,5625,5626.0,-1.0
2021-03,comerciais_leves,FIAT/STRADA,9370,9371.0,-1.0
2021-03,automoveis,VW/VIRTUS,2161,2162.0,-1.0
2021-03,automoveis,VW/GOL,5846,5847.0,-1.0
2021-03,automoveis,M.BENZ/CLASSE C,130,131.0,-1.0
2021-03,automoveis,HYUNDAI/CRETA,4825,4826.0,-1.0
2021-03,automoveis,HONDA/HR-V,3702,3703.0,-1.0
2021-03,automoveis,GM/ONIX,10260,10261.0,-1.0
2021-04,automoveis,GM/ONIX,7932,7933.0,-1.0
2018-12,automoveis,RENAULT/SANDERO,5109,5110.0,-1.0
2018-12,automoveis,M.BENZ/CLASSE C,540,541.0,-1.0
2018-12,automoveis,JEEP/RENEGADE,3844,3845.0,-1.0
2018-12,automoveis,HONDA/FIT,2440,2441.0,-1.0
2018-12,automoveis,CITROEN/C4 CACTUS,1149,1150.0,-1.0
2018-11,comerciais_leves,VW/SAVEIRO,4064,4065.0,-1.0
2018-11,automoveis,VW/TIGUAN,1032,1033.0,-1.0
2018-11,automoveis,TOYOTA/RAV4,324,323.0,1.0
2018-11,automoveis,JEEP/COMPASS,6162,6163.0,-1.0
2019-12,comerciais_leves,RENAULT/MASTER,641,642.0,-1.0
2018-11,automoveis,HONDA/CITY,1851,1852.0,-1.0
2018-11,automoveis,FIAT/SIENA,1316,1317.0,-1.0
2018-11,automoveis,FIAT/MOBI,4996,4997.0,-1.0
2018-10,comerciais_leves,TOYOTA/HILUX,3281,3282.0,-1.0
2018-10,comerciais_leves,RENAULT/MASTER,608,609.0,-1.0
2018-10,automoveis,VW/VIRTUS,3523,3524.0,-1.0
2018-10,automoveis,VW/POLO,5317,5318.0,-1.0
2018-10,automoveis,TOYOTA/HILUX SW4,1016,1017.0,-1.0
2018-10,automoveis,RENAULT/KWID,5485,5486.0,-1.0
2018-10,automoveis,NISSAN/KICKS,3999,4000.0,-1.0
2018-11,automoveis,HONDA/HR-V,5351,5352.0,-1.0
2019-03,automoveis,FIAT/ARGO,6673,6674.0,-1.0
2019-02,comerciais_leves,M.BENZ/SPRINTER 313,175,176.0,-1.0
2019-02,automoveis,VW/GOLF,275,276.0,-1.0
2019-02,automoveis,RENAULT/DUSTER,1910,1911.0,-1.0
2019-02,automoveis,RENAULT/CAPTUR,2556,2557.0,-1.0
2019-02,automoveis,JEEP/RENEGADE,4782,4783.0,-1.0
2019-02,automoveis,FORD/FIESTA,645,646.0,-1.0
2019-02,automoveis,BMW/X1,206,205.0,1.0
2019-01,automoveis,VW/GOL,7271,7272.0,-1.0
2019-01,automoveis,TOYOTA/HILUX SW4,1345,1346.0,-1.0
2018-12,automoveis,TOYOTA/YARIS SEDAN,2773,2774.0,-1.0
2019-01,automoveis,JEEP/RENEGADE,5497,5498.0,-1.0
2019-01,automoveis,HYUNDAI/HB20,8994,8995.0,-1.0
2019-01,automoveis,GM/PRISMA,6741,6742.0,-1.0
2019-01,automoveis,FIAT/WEEKEND,61,62.0,-1.0
2019-01,automoveis,FIAT/DOBLO,445,446.0,-1.0
2019-01,automoveis,CITROEN/C4 CACTUS,1150,1151.0,-1.0
2018-12,comerciais_leves,RENAULT/OROCH,996,997.0,-1.0
2018-12,comerciais_leves,FIAT/TORO,3921,3922.0,-1.0
2018-12,automoveis,VW/TIGUAN,985,986.0,-1.0
2018-12,automoveis,VW/FOX/CROSS FOX,3328,3329.0,-1.0
2019-01,automoveis,TOYOTA/COROLLA,5181,5182.0,-1.0
2018-08,automoveis,JEEP/COMPASS,5359,5360.0,-1.0
2018-08,automoveis,HYUNDAI/CRETA,4237,4238.0,-1.0
2018-08,automoveis,GM/SPIN,1649,1650.0,-1.0
2018-08,automoveis,GM/PRISMA,5015,5016.0,-1.0
2018-08,automoveis,FORD/KA SEDAN,3049,3050.0,-1.0
2018-08,automoveis,FORD/FIESTA,1477,1478.0,-1.0
2018-08,automoveis,FORD/ECOSPORT,3106,3107.0,-1.0
2018-06,automoveis,VW/POLO,5627,5628.0,-1.0
2018-06,automoveis,TOYOTA/ETIOS HB,3360,3361.0,-1.0
2018-06,automoveis,TOYOTA/COROLLA,4853,4854.0,-1.0
2018-10,automoveis,JEEP/RENEGADE,3385,3386.0,-1.0
2018-06,automoveis,JAC/T40,259,260.0,-1.0
2018-06,automoveis,HYUNDAI/CRETA,3840,3841.0,-1.0
2018-06,automoveis,HONDA/FIT,1993,1994.0,-1.0
2018-06,automoveis,HONDA/CITY,1170,1171.0,-1.0
2018-06,automoveis,GM/TRACKER,2214,2215.0,-1.0
2018-06,automoveis,GM/PRISMA,5021,5022.0,-1.0
2018-06,automoveis,GM/CRUZE SEDAN,1680,1681.0,-1.0
2018-06,automoveis,FORD/KA,7638,7639.0,-1.0
2018-06,automoveis,FIAT/ARGO,4681,4682.0,-1.0
2018-05,comerciais_leves,RENAULT/OROCH,1106,1107.0,-1.0
2018-06,automoveis,RENAULT/CAPTUR,1698,1699.0,-1.0
2018-10,automoveis,JEEP/COMPASS,5005,5006.0,-1.0
2018-10,automoveis,HONDA/HR-V,3971,3972.0,-1.0
2018-10,automoveis,HONDA/CIVIC,1913,1914.0,-1.0
2018-10,automoveis,GM/CRUZE SEDAN,1540,1541.0,-1.0
2018-10,automoveis,FORD/FOCUS SEDAN,378,379.0,-1.0
2018-09,comerciais_leves,TOYOTA/HILUX,3541,3542.0,-1.0
2018-09,comerciais_leves,FIAT/STRADA,6117,6118.0,-1.0
2018-09,comerciais_leves,FIAT/FIORINO,1463,1464.0,-1.0
2018-09,automoveis,VW/VIRTUS,4649,4650.0,-1.0
2018-09,automoveis,VOLVO/XC40,473,474.0,-1.0
2018-08,automoveis,NISSAN/KICKS,3156,3157.0,-1.0
2018-09,automoveis,M.BENZ/CLASSE GLA,308,309.0,-1.0
2018-09,automoveis,HYUNDAI/CRETA,5276,5277.0,-1.0
2018-09,automoveis,HONDA/HR-V,5020,5021.0,-1.0
2018-09,automoveis,HONDA/CITY,1212,1213.0,-1.0
2018-09,automoveis,GM/PRISMA,6118,6119.0,-1.0
2018-09,automoveis,GM/CRUZE SEDAN,1746,1747.0,-1.0
2018-09,automoveis,CITROEN/C3,506,507.0,-1.0
2018-08,automoveis,VW/POLO,5827,5828.0,-1.0
2018-08,automoveis,RENAULT/SANDERO,4250,4251.0,-1.0
2018-08,automoveis,PEUGEOT/3008,205,206.0,-1.0
2018-09,automoveis,TOYOTA/YARIS HB,4090,4091.0,-1.0
2019-10,automoveis,FORD/KA,7890,7891.0,-1.0
2019-09,automoveis,VW/POLO,6814,6815.0,-1.0
2019-09,automoveis,NISSAN/KICKS,3886,3887.0,-1.0
2019-09,automoveis,HYUNDAI/HB20,8186,8187.0,-1.0
2019-09,automoveis,GM/PRISMA,7250,7251.0,-1.0
2019-09,automoveis,GM/CRUZE SEDAN,1487,1488.0,-1.0
2019-08,comerciais_leves,FORD/RANGER,1829,1830.0,-1.0
2019-08,automoveis,VW/VIRTUS,3810,3811.0,-1.0
2019-08,automoveis,VW/POLO,6198,6199.0,-1.0
2019-08,automoveis,RENAULT/KWID,8069,8070.0,-1.0
2019-03,automoveis,FORD/KA,7632,7633.0,-1.0
2019-08,automoveis,GM/ONIX,20070,20071.0,-1.0
2019-08,automoveis,FORD/KA,9075,9076.0,-1.0
2019-08,automoveis,FIAT/CRONOS,1391,1392.0,-1.0
2019-07,automoveis,MITSUBISHI/PAJERO,304,305.0,-1.0
2019-07,automoveis,LAND ROVER/DISCOVERY,201,202.0,-1.0
2019-07,automoveis,JEEP/RENEGADE,5911,5912.0,-1.0
2019-07,automoveis,HYUNDAI/HB20,8146,8147.0,-1.0
2019-07,automoveis,GM/ONIX,19499,19500.0,-1.0
2019-07,automoveis,GM/CRUZE SEDAN,1163,1164.0,-1.0
2019-07,automoveis,FIAT/ARGO,7538,7539.0,-1.0
2019-08,automoveis,JEEP/COMPASS,6170,6171.0,-1.0
2019-12,comerciais_leves,FIAT/TORO,6280,6281.0,-1.0
2019-12,automoveis,NISSAN/KICKS,5034,5035.0,-1.0
2019-12,automoveis,JEEP/RENEGADE,6232,6233.0,-1.0
2019-12,automoveis,JEEP/COMPASS,5199,5200.0,-1.0
2019-11,comerciais_leves,FIAT/TORO,6913,6914.0,-1.0
2019-11,comerciais_leves,FIAT/STRADA,6957,6958.0,-1.0
2019-11,automoveis,VW/GOL,6569,6570.0,-1.0
2019-11,automoveis,TOYOTA/YARIS SEDAN,2386,2387.0,-1.0
2019-11,automoveis,TOYOTA/COROLLA,6210,6211.0,-1.0
2019-11,automoveis,RENAULT/KWID,6065,6066.0,-1.0
2019-10,automoveis,FORD/MUSTANG,38,39.0,-1.0
2019-11,automoveis,GM/ONIX PLUS,7139,7140.0,-1.0
2019-11,automoveis,FORD/ECOSPORT,3477,3478.0,-1.0
2019-11,automoveis,FIAT/ARGO,7585,7586.0,-1.0
2019-10,comerciais_leves,GM/MONTANA,1152,1153.0,-1.0
2019-10,comerciais_leves,FIAT/TORO,5696,5697.0,-1.0
2019-10,automoveis,VW/UP,1161,1162.0,-1.0
2019-10,automoveis,VW/PASSAT,61,62.0,-1.0
2019-10,automoveis,VW/JETTA,1106,1107.0,-1.0
2019-10,automoveis,JEEP/RENEGADE,6088,6089.0,-1.0
2019-10,automoveis,GM/ONIX,21043,21044.0,-1.0
2019-11,automoveis,HYUNDAI/CRETA,5323,5324.0,-1.0
2019-05,automoveis,CHERY/TIGGO 5X,538,539.0,-1.0
2019-04,comerciais_leves,FIAT/STRADA,5286,5285.0,1.0
2019-04,automoveis,VW/GOL,6619,6620.0,-1.0
2019-04,automoveis,VW/FOX/CROSS FOX,3449,3450.0,-1.0
2019-04,automoveis,RENAULT/CAPTUR,1871,1872.0,-1.0
2019-04,automoveis,NISSAN/KICKS,4863,4864.0,-1.0
2019-04,automoveis,JEEP/COMPASS,4474,4475.0,-1.0
2019-04,automoveis,HYUNDAI/CRETA,3791,3792.0,-1.0
2019-04,automoveis,HONDA/WR-V,922,923.0,-1.0
2019-04,automoveis,HONDA/CIVIC,2099,2100.0,-1.0
2019-07,automoveis,AUDI/Q5,169,170.0,-1.0
2019-04,automoveis,CHERY/TIGGO 5X,530,531.0,-1.0
2019-03,comerciais_leves,FIAT/FIORINO,995,996.0,-1.0
2019-03,comerciais_leves,FIAT/DUCATO,418,419.0,-1.0
2019-03,automoveis,TOYOTA/HILUX SW4,1027,1028.0,-1.0
2019-03,automoveis,LAND ROVER/DISCOVERY,204,203.0,1.0
2019-03,automoveis,JEEP/RENEGADE,4705,4706.0,-1.0
2019-03,automoveis,HYUNDAI/HB20,8054,8055.0,-1.0
2019-03,automoveis,HONDA/WR-V,980,981.0,-1.0
2019-03,automoveis,HONDA/CITY,1439,1440.0,-1.0
2019-03,automoveis,GM/PRISMA,6498,6499.0,-1.0
2019-04,automoveis,FORD/KA,8340,8341.0,-1.0
2019-07,automoveis,AUDI/A5,37,38.0,-1.0
2019-06,comerciais_leves,NISSAN/FRONTIER,585,586.0,-1.0
2019-06,automoveis,VW/T CROSS,3002,3003.0,-1.0
2019-06,automoveis,PEUGEOT/3008,215,216.0,-1.0
2019-06,automoveis,NISSAN/KICKS,4519,4520.0,-1.0
2019-06,automoveis,HONDA/FIT,2316,2317.0,-1.0
2019-06,automoveis,GM/PRISMA,7508,7509.0,-1.0
2019-06,automoveis,GM/CRUZE SEDAN,1469,1470.0,-1.0
2019-06,automoveis,GM/CRUZE HB,362,363.0,-1.0
2019-06,automoveis,AUDI/Q3,130,131.0,-1.0
2019-05,automoveis,GM/ONIX,19618,19619.0,-1.0
2019-05,comerciais_leves,PEUGEOT/EXPERT,182,183.0,-1.0
2019-05,comerciais_leves,GM/S10,2291,2292.0,-1.0
2019-05,automoveis,VW/TIGUAN,1323,1324.0,-1.0
2019-05,automoveis,TOYOTA/COROLLA,4666,4667.0,-1.0
2019-05,automoveis,RENAULT/KWID,7318,7319.0,-1.0
2019-05,automoveis,KIA/SPORTAGE,418,419.0,-1.0
2019-05,automoveis,JEEP/RENEGADE,5713,5714.0,-1.0
2019-05,automoveis,JEEP/COMPASS,4929,4930.0,-1.0
2019-05,automoveis,HYUNDAI/CRETA,4386,4387.0,-1.0
2019-05,automoveis,HONDA/HR-V,3926,3927.0,-1.0
2019-05,comerciais_leves,VW/AMAROK,1847,1848.0,-1.0
