mes,segmento,nome_completo_fonte,valor_ranking,valor_sub_segmento,diferenca,arquivo_origem
2003-01,automoveis,CITROEN/XSARA,277,62,215,2003-01.pdf
2003-02,automoveis,CITROEN/XSARA,246,81,165,2003-02.pdf
2003-03,automoveis,CITROEN/XSARA,178,63,115,2003-03.pdf
2003-04,automoveis,CITROEN/XSARA,160,49,111,2003-04.pdf
2003-04,automoveis,AUDI/A4,40,39,1,2003-04.pdf
2003-05,automoveis,CITROEN/XSARA,87,19,68,2003-05.pdf
2003-07,automoveis,CITROEN/XSARA,67,4,63,2003-07.pdf
2003-08,automoveis,CITROEN/XSARA,51,2,49,2003-08.pdf
2003-11,automoveis,CITROEN/XSARA,64,2,62,2003-11.pdf
2005-12,comerciais_leves,VW/KOMBI,1265,1231,34,2005-12.pdf
2006-01,comerciais_leves,VW/KOMBI,1406,1350,56,2006-01.pdf
2006-02,comerciais_leves,VW/KOMBI,1367,1343,24,2006-02.pdf
2006-02,comerciais_leves,VW/SAVEIRO,1133,1132,1,2006-02.pdf
2006-03,comerciais_leves,VW/KOMBI,1873,1851,22,2006-03.pdf
2006-03,comerciais_leves,VW/SAVEIRO,1827,1819,8,2006-03.pdf
2006-04,comerciais_leves,VW/SAVEIRO,1580,1569,11,2006-04.pdf
2006-04,comerciais_leves,VW/KOMBI,1522,1509,13,2006-04.pdf
2006-05,comerciais_leves,VW/SAVEIRO,1765,1743,22,2006-05.pdf
2006-05,comerciais_leves,VW/KOMBI,1570,1558,12,2006-05.pdf
2006-06,comerciais_leves,VW/SAVEIRO,1592,1567,25,2006-06.pdf
2006-06,comerciais_leves,VW/KOMBI,1532,1528,4,2006-06.pdf
2006-07,comerciais_leves,VW/KOMBI,1635,1629,6,2006-07.pdf
2006-07,comerciais_leves,VW/SAVEIRO,1609,1577,32,2006-07.pdf
2006-07,comerciais_leves,FIAT/DOBLO,213,210,3,2006-07.pdf
2006-08,comerciais_leves,VW/KOMBI,1904,1902,2,2006-08.pdf
2006-08,comerciais_leves,VW/SAVEIRO,1661,1617,44,2006-08.pdf
2006-08,comerciais_leves,FIAT/DOBLO,189,188,1,2006-08.pdf
2006-09,comerciais_leves,VW/KOMBI,1509,1508,1,2006-09.pdf
2006-09,comerciais_leves,VW/SAVEIRO,1332,1303,29,2006-09.pdf
2006-10,comerciais_leves,VW/SAVEIRO,1801,1771,30,2006-10.pdf
2006-10,comerciais_leves,VW/KOMBI,1745,1743,2,2006-10.pdf
2006-11,comerciais_leves,VW/KOMBI,1676,1675,1,2006-11.pdf
2006-11,comerciais_leves,VW/SAVEIRO,1493,1470,23,2006-11.pdf
2006-12,comerciais_leves,VW/SAVEIRO,1650,1637,13,2006-12.pdf
2006-12,comerciais_leves,FIAT/DOBLO,117,116,1,2006-12.pdf
2007-01,comerciais_leves,VW/SAVEIRO,1726,1708,18,2007-01.pdf
2007-02,comerciais_leves,VW/SAVEIRO,1468,1454,14,2007-02.pdf
2007-03,comerciais_leves,VW/SAVEIRO,1932,1922,10,2007-03.pdf
2007-04,comerciais_leves,VW/SAVEIRO,1876,1848,28,2007-04.pdf
2007-05,comerciais_leves,VW/SAVEIRO,2046,2025,21,2007-05.pdf
2007-06,comerciais_leves,VW/SAVEIRO,1880,1875,5,2007-06.pdf
2007-07,comerciais_leves,VW/SAVEIRO,2253,2252,1,2007-07.pdf
2007-07,comerciais_leves,FIAT/DOBLO,97,96,1,2007-07.pdf
2007-08,comerciais_leves,VW/SAVEIRO,2541,2540,1,2007-08.pdf
2007-09,comerciais_leves,VW/SAVEIRO,1957,1955,2,2007-09.pdf
2007-10,comerciais_leves,FIAT/STRADA,6123,6122,1,2007-10.pdf
2007-10,comerciais_leves,VW/SAVEIRO,2272,2269,3,2007-10.pdf
2007-10,comerciais_leves,VW/KOMBI,2229,2228,1,2007-10.pdf
2007-12,comerciais_leves,VW/SAVEIRO,1987,1980,7,2007-12.pdf
2008-01,comerciais_leves,FIAT/STRADA,5274,5273,1,2008-01.pdf
2008-02,comerciais_leves,VW/SAVEIRO,2118,2116,2,2008-02.pdf
2008-02,comerciais_leves,FIAT/DOBLO,142,141,1,2008-02.pdf
2008-03,comerciais_leves,VW/SAVEIRO,2457,2452,5,2008-03.pdf
2008-03,comerciais_leves,FIAT/DOBLO,129,127,2,2008-03.pdf
2008-04,comerciais_leves,VW/SAVEIRO,3312,3309,3,2008-04.pdf
2008-04,comerciais_leves,FIAT/DOBLO,116,114,2,2008-04.pdf
2008-05,comerciais_leves,FIAT/STRADA,5413,5411,2,2008-05.pdf
2008-05,comerciais_leves,VW/SAVEIRO,2563,2562,1,2008-05.pdf
2008-05,comerciais_leves,FIAT/DOBLO,95,94,1,2008-05.pdf
2008-06,comerciais_leves,VW/KOMBI,2337,2336,1,2008-06.pdf
2008-06,comerciais_leves,FIAT/DOBLO,100,98,2,2008-06.pdf
2008-07,comerciais_leves,FIAT/STRADA,6868,6866,2,2008-07.pdf
2008-08,comerciais_leves,FIAT/STRADA,6090,6083,7,2008-08.pdf
2008-08,comerciais_leves,VW/SAVEIRO,2867,2866,1,2008-08.pdf
2008-08,comerciais_leves,AGRALE/AGRALE MARRUA,9,8,1,2008-08.pdf
2008-09,comerciais_leves,FIAT/STRADA,7017,7016,1,2008-09.pdf
2008-09,comerciais_leves,FIAT/DOBLO,183,181,2,2008-09.pdf
2008-09,comerciais_leves,PEUGEOT/PARTNER,143,141,2,2008-09.pdf
2008-10,comerciais_leves,VW/SAVEIRO,2655,2651,4,2008-10.pdf
2008-10,comerciais_leves,FIAT/DOBLO,165,162,3,2008-10.pdf
2008-11,automoveis,HONDA/CIVIC,6531,6530,1,2008-11.pdf
2008-11,comerciais_leves,FIAT/STRADA,5773,5772,1,2008-11.pdf
2008-11,comerciais_leves,FIAT/DOBLO,137,136,1,2008-11.pdf
2008-11,comerciais_leves,AGRALE/AGRALE MARRUA,4,3,1,2008-11.pdf
2008-12,comerciais_leves,VW/SAVEIRO,1436,1435,1,2008-12.pdf
2008-12,comerciais_leves,FIAT/DOBLO,91,90,1,2008-12.pdf
2009-01,comerciais_leves,FIAT/DOBLO,77,75,2,2009-01.pdf
2009-02,comerciais_leves,FIAT/DOBLO,97,96,1,2009-02.pdf
2009-04,automoveis,HONDA/CIVIC,4200,4199,1,2009-04.pdf
2009-04,comerciais_leves,FIAT/DOBLO,107,106,1,2009-04.pdf
2009-05,comerciais_leves,VW/SAVEIRO,2310,2309,1,2009-05.pdf
2009-06,comerciais_leves,FIAT/STRADA,8084,8083,1,2009-06.pdf
2009-06,comerciais_leves,FIAT/DOBLO,472,469,3,2009-06.pdf
2009-07,comerciais_leves,FIAT/STRADA,8276,8275,1,2009-07.pdf
2009-07,comerciais_leves,VW/KOMBI,2373,2372,1,2009-07.pdf
2009-07,comerciais_leves,FIAT/DOBLO,165,163,2,2009-07.pdf
2009-08,comerciais_leves,FIAT/STRADA,7415,7413,2,2009-08.pdf
2009-08,comerciais_leves,VW/SAVEIRO,3110,3109,1,2009-08.pdf
2009-08,comerciais_leves,FIAT/DOBLO,141,137,4,2009-08.pdf
2009-09,comerciais_leves,FIAT/STRADA,7592,7589,3,2009-09.pdf
2009-09,comerciais_leves,FIAT/DOBLO,160,159,1,2009-09.pdf
2009-09,comerciais_leves,AGRALE/AGRALE MARRUA,3,2,1,2009-09.pdf
2009-10,comerciais_leves,FIAT/STRADA,8144,8142,2,2009-10.pdf
2009-10,comerciais_leves,VW/SAVEIRO,1992,1991,1,2009-10.pdf
2009-11,automoveis,FORD/FOCUS,1434,1433,1,2009-11.pdf
2009-11,comerciais_leves,FIAT/STRADA,7928,7926,2,2009-11.pdf
2009-12,automoveis,VW/FOX/CROSS FOX,8503,8850,-347,2009-12.pdf
2009-12,comerciais_leves,FIAT/DOBLO,168,167,1,2009-12.pdf
2009-12,comerciais_leves,PEUGEOT/PARTNER,46,45,1,2009-12.pdf
2010-01,comerciais_leves,FIAT/STRADA,6505,6503,2,2010-01.pdf
2010-02,automoveis,VW/FOX/CROSS FOX,8218,8229,-11,2010-02.pdf
2010-02,comerciais_leves,FIAT/STRADA,7562,7561,1,2010-02.pdf
2010-02,comerciais_leves,FIAT/DOBLO,115,114,1,2010-02.pdf
2010-02,comerciais_leves,DODGE/RAM,29,28,1,2010-02.pdf
2010-03,comerciais_leves,FIAT/STRADA,10179,10178,1,2010-03.pdf
2010-03,comerciais_leves,HAFEI/MINI,121,119,2,2010-03.pdf
2010-04,automoveis,FIAT/DOBLO,851,846,5,2010-04.pdf
2010-04,comerciais_leves,VW/KOMBI,2409,2408,1,2010-04.pdf
2010-04,comerciais_leves,FIAT/DOBLO,279,278,1,2010-04.pdf
2010-04,comerciais_leves,HAFEI/MINI,124,122,2,2010-04.pdf
2010-05,automoveis,FIAT/DOBLO,886,872,14,2010-05.pdf
2010-05,comerciais_leves,FIAT/STRADA,9104,9101,3,2010-05.pdf
2010-05,comerciais_leves,FIAT/DOBLO,302,301,1,2010-05.pdf
2010-06,comerciais_leves,VW/SAVEIRO,5221,5220,1,2010-06.pdf
2010-07,comerciais_leves,FIAT/DOBLO,264,263,1,2010-07.pdf
2010-08,automoveis,FIAT/DOBLO,993,992,1,2010-08.pdf
2010-08,comerciais_leves,FIAT/STRADA,10943,10941,2,2010-08.pdf
2010-08,comerciais_leves,FIAT/DOBLO,433,432,1,2010-08.pdf
2010-08,comerciais_leves,AGRALE/AGRALE MARRUA,3,2,1,2010-08.pdf
2010-09,automoveis,FIAT/DOBLO,1132,1131,1,2010-09.pdf
2010-09,comerciais_leves,FIAT/STRADA,10658,10640,18,2010-09.pdf
2010-09,comerciais_leves,VW/KOMBI,1682,1681,1,2010-09.pdf
2010-09,comerciais_leves,FORD/F150,5,4,1,2010-09.pdf
2010-10,comerciais_leves,FIAT/STRADA,10782,10777,5,2010-10.pdf
2010-11,comerciais_leves,FIAT/DOBLO,412,411,1,2010-11.pdf
2010-12,automoveis,FIAT/DOBLO,1512,1509,3,2010-12.pdf
2010-12,comerciais_leves,FIAT/STRADA,11982,11979,3,2010-12.pdf
2010-12,comerciais_leves,HAFEI/MINI,100,99,1,2010-12.pdf
2011-01,automoveis,FIAT/DOBLO,891,887,4,2011-01.pdf
2011-04,comerciais_leves,VW/SAVEIRO,5096,5095,1,2011-04.pdf
2011-04,comerciais_leves,FIAT/DOBLO,363,362,1,2011-04.pdf
2011-04,comerciais_leves,HAFEI/MINI,96,95,1,2011-04.pdf
2011-05,comerciais_leves,FIAT/STRADA,10231,10225,6,2011-05.pdf
2011-06,automoveis,VW/FOX/CROSS FOX,4345,5084,-739,2011-06.pdf
2011-06,automoveis,FIAT/DOBLO,1170,1169,1,2011-06.pdf
2011-06,comerciais_leves,FIAT/STRADA,10542,10540,2,2011-06.pdf
2011-07,automoveis,FIAT/DOBLO,1222,1221,1,2011-07.pdf
2011-07,comerciais_leves,FIAT/STRADA,11298,11291,7,2011-07.pdf
2011-07,comerciais_leves,FIAT/DOBLO,367,365,2,2011-07.pdf
2011-08,automoveis,HONDA/CIVIC,2524,2523,1,2011-08.pdf
2011-08,comerciais_leves,FIAT/STRADA,11235,11233,2,2011-08.pdf
2011-09,comerciais_leves,FIAT/STRADA,9645,9643,2,2011-09.pdf
2011-09,comerciais_leves,FIAT/DOBLO,415,414,1,2011-09.pdf
2011-09,comerciais_leves,HAFEI/MINI,100,99,1,2011-09.pdf
2011-10,comerciais_leves,FIAT/STRADA,8667,8662,5,2011-10.pdf
2011-10,comerciais_leves,FIAT/DOBLO,545,543,2,2011-10.pdf
2011-11,comerciais_leves,FIAT/STRADA,9867,9865,2,2011-11.pdf
2011-11,comerciais_leves,VW/SAVEIRO,5854,5853,1,2011-11.pdf
2011-11,comerciais_leves,FIAT/DOBLO,366,365,1,2011-11.pdf
2011-12,comerciais_leves,FIAT/STRADA,9221,9218,3,2011-12.pdf
2011-12,comerciais_leves,VW/SAVEIRO,6280,6279,1,2011-12.pdf
2011-12,comerciais_leves,FIAT/DOBLO,489,487,2,2011-12.pdf
2012-01,comerciais_leves,FIAT/STRADA,6826,6822,4,2012-01.pdf
2012-01,comerciais_leves,HAFEI/MINI,79,78,1,2012-01.pdf
2012-02,automoveis,FIAT/DOBLO,798,797,1,2012-02.pdf
2012-02,comerciais_leves,FIAT/STRADA,8622,8617,5,2012-02.pdf
2012-02,comerciais_leves,VW/SAVEIRO,4611,4610,1,2012-02.pdf
2012-02,comerciais_leves,HAFEI/MINI,81,80,1,2012-02.pdf
2012-03,automoveis,FIAT/500,2379,2378,1,2012-03.pdf
2012-03,comerciais_leves,FIAT/STRADA,10488,10485,3,2012-03.pdf
2012-03,comerciais_leves,HAFEI/MINI,103,102,1,2012-03.pdf
2012-04,comerciais_leves,FIAT/STRADA,8590,8585,5,2012-04.pdf
2012-04,comerciais_leves,VW/SAVEIRO,5136,5134,2,2012-04.pdf
2012-05,comerciais_leves,FIAT/STRADA,9868,9861,7,2012-05.pdf
2012-06,comerciais_leves,FIAT/STRADA,8378,8374,4,2012-06.pdf
2012-07,comerciais_leves,FIAT/STRADA,10399,10394,5,2012-07.pdf
2012-07,comerciais_leves,VW/SAVEIRO,6445,6443,2,2012-07.pdf
2012-08,comerciais_leves,FIAT/STRADA,12981,12976,5,2012-08.pdf
2012-08,comerciais_leves,VW/SAVEIRO,6593,6592,1,2012-08.pdf
2012-08,comerciais_leves,FIAT/DOBLO,549,548,1,2012-08.pdf
2012-09,automoveis,FIAT/DOBLO,902,895,7,2012-09.pdf
2012-09,comerciais_leves,FIAT/STRADA,9517,9515,2,2012-09.pdf
2012-09,comerciais_leves,HAFEI/MINI,54,52,2,2012-09.pdf
2012-10,automoveis,FIAT/DOBLO,1334,1332,2,2012-10.pdf
2012-10,comerciais_leves,FIAT/STRADA,11641,11638,3,2012-10.pdf
2012-11,automoveis,FIAT/DOBLO,1266,1264,2,2012-11.pdf
2012-11,comerciais_leves,VW/SAVEIRO,5062,5061,1,2012-11.pdf
2012-11,comerciais_leves,HAFEI/MINI,47,46,1,2012-11.pdf
2013-02,automoveis,FIAT/DOBLO,870,867,3,2013-02.pdf
2013-02,comerciais_leves,FIAT/STRADA,8219,8218,1,2013-02.pdf
2013-03,automoveis,FIAT/DOBLO,1000,997,3,2013-03.pdf
2013-04,automoveis,FIAT/DOBLO,1185,1181,4,2013-04.pdf
2013-04,comerciais_leves,FIAT/STRADA,11744,11743,1,2013-04.pdf
2013-05,automoveis,FIAT/DOBLO,1225,1217,8,2013-05.pdf
2013-05,comerciais_leves,FIAT/STRADA,11081,11079,2,2013-05.pdf
2013-06,automoveis,FIAT/DOBLO,955,953,2,2013-06.pdf
2013-06,comerciais_leves,FIAT/STRADA,11770,11764,6,2013-06.pdf
2013-07,automoveis,FIAT/DOBLO,913,885,28,2013-07.pdf
2013-07,comerciais_leves,FIAT/STRADA,10897,10891,6,2013-07.pdf
2013-07,comerciais_leves,VW/SAVEIRO,6883,6881,2,2013-07.pdf
2013-08,comerciais_leves,FIAT/STRADA,11660,11656,4,2013-08.pdf
2013-09,comerciais_leves,FIAT/STRADA,11223,11217,6,2013-09.pdf
2013-09,comerciais_leves,HAFEI/MINI,39,38,1,2013-09.pdf
2013-10,comerciais_leves,FIAT/STRADA,8827,8821,6,2013-10.pdf
2013-11,comerciais_leves,FIAT /STRADA,6952,6948,4,2013-11.pdf
2013-11,comerciais_leves,HAFEI/MINI,28,27,1,2013-11.pdf
2013-12,comerciais_leves,FIAT/STRADA,11319,11311,8,2013-12.pdf
2013-12,comerciais_leves,VW/SAVEIRO,6370,6369,1,2013-12.pdf
2014-01,comerciais_leves,FIAT/STRADA,12372,12367,5,2014-01.pdf
2014-02,automoveis,FIAT/DOBLO,1013,1012,1,2014-02.pdf
2014-02,comerciais_leves,FIAT/STRADA,13458,13456,2,2014-02.pdf
2014-02,comerciais_leves,VW/SAVEIRO,5072,5069,3,2014-02.pdf
2014-04,automoveis,FIAT/DOBLO,1031,1025,6,2014-04.pdf
2014-04,comerciais_leves,FIAT/STRADA,13297,13294,3,2014-04.pdf
2014-04,comerciais_leves,VW/SAVEIRO,5421,5419,2,2014-04.pdf
2014-05,comerciais_leves,FIAT/STRADA,12614,12610,4,2014-05.pdf
2014-06,automoveis,VW/FOX/CROSS FOX,5985,6834,-849,2014-06.pdf
2014-06,automoveis,FIAT/DOBLO,868,866,2,2014-06.pdf
2014-06,comerciais_leves,FIAT/STRADA,10561,10559,2,2014-06.pdf
2014-06,comerciais_leves,VW/SAVEIRO,6721,6720,1,2014-06.pdf
2014-07,automoveis,FIAT/DOBLO,1241,1240,1,2014-07.pdf
2014-07,comerciais_leves,VW/SAVEIRO,7295,7293,2,2014-07.pdf
2014-08,comerciais_leves,FIAT/STRADA,12848,12846,2,2014-08.pdf
2014-08,comerciais_leves,VW/SAVEIRO,7021,7018,3,2014-08.pdf
2014-08,comerciais_leves,HAFEI/MINI,9,8,1,2014-08.pdf
2014-09,automoveis,VW/FOX/CROSS FOX,7729,8469,-740,2014-09.pdf
2014-09,automoveis,FIAT/DOBLO,1182,1181,1,2014-09.pdf
2014-09,automoveis,MITSUBISHI/LANCER,846,836,10,2014-09.pdf
2014-10,automoveis,VW/FOX/CROSS FOX,9217,9682,-465,2014-10.pdf
2014-10,automoveis,FIAT/DOBLO,1243,1241,2,2014-10.pdf
2014-10,comerciais_leves,FIAT/STRADA,13380,13379,1,2014-10.pdf
2014-10,comerciais_leves,VW/SAVEIRO,8437,8436,1,2014-10.pdf
2014-11,automoveis,FIAT/DOBLO,1060,1058,2,2014-11.pdf
2014-12,automoveis,FIAT/DOBLO,1233,1230,3,2014-12.pdf
2014-12,comerciais_leves,FIAT/STRADA,13340,13338,2,2014-12.pdf
2015-01,automoveis,FIAT/DOBLO,880,878,2,2015-01.pdf
2015-01,comerciais_leves,FIAT/STRADA,11201,11200,1,2015-01.pdf
2015-01,comerciais_leves,VW/SAVEIRO,5735,5733,2,2015-01.pdf
2015-02,automoveis,FIAT/DOBLO,711,708,3,2015-02.pdf
2015-02,comerciais_leves,VW/SAVEIRO,4803,4802,1,2015-02.pdf
2015-02,comerciais_leves,RENAULT/MASTER,602,599,3,2015-02.pdf
2015-03,automoveis,FORD/FOCUS,1256,1254,2,2015-03.pdf
2015-03,automoveis,FIAT/DOBLO,807,806,1,2015-03.pdf
2015-03,comerciais_leves,RENAULT/MASTER,854,821,33,2015-03.pdf
2015-04,automoveis,FORD/FOCUS,1213,1199,14,2015-04.pdf
2015-04,automoveis,FIAT/DOBLO,779,778,1,2015-04.pdf
2015-04,comerciais_leves,RENAULT/MASTER,1060,1059,1,2015-04.pdf
2015-05,automoveis,FORD/FOCUS,1212,1200,12,2015-05.pdf
2015-05,comerciais_leves,FIAT/STRADA,7354,7352,2,2015-05.pdf
2015-05,comerciais_leves,RENAULT/MASTER,658,655,3,2015-05.pdf
2015-06,automoveis,FORD/FOCUS,1369,1364,5,2015-06.pdf
2015-06,automoveis,FIAT/DOBLO,714,709,5,2015-06.pdf
2015-06,comerciais_leves,RENAULT/MASTER,708,705,3,2015-06.pdf
2015-07,automoveis,FORD/FOCUS,1582,1578,4,2015-07.pdf
2015-07,comerciais_leves,RENAULT/MASTER,726,724,2,2015-07.pdf
2015-08,automoveis,FORD/FOCUS,1863,1860,3,2015-08.pdf
2015-08,comerciais_leves,RENAULT/MASTER,594,590,4,2015-08.pdf
2015-09,automoveis,FIAT/DOBLO,674,673,1,2015-09.pdf
2015-09,comerciais_leves,FIAT/STRADA,7116,7114,2,2015-09.pdf
2015-09,comerciais_leves,VW/SAVEIRO,4357,4356,1,2015-09.pdf
2015-09,comerciais_leves,RENAULT/MASTER,590,588,2,2015-09.pdf
2015-10,automoveis,FIAT/DOBLO,791,790,1,2015-10.pdf
2015-10,comerciais_leves,FIAT/STRADA,6052,6050,2,2015-10.pdf
2015-10,comerciais_leves,VW/SAVEIRO,3707,3706,1,2015-10.pdf
2015-10,comerciais_leves,RENAULT/MASTER,485,483,2,2015-10.pdf
2015-11,automoveis,FIAT/DOBLO,762,761,1,2015-11.pdf
2015-12,comerciais_leves,FIAT/STRADA,6865,6864,1,2015-12.pdf
2015-12,comerciais_leves,RENAULT/MASTER,670,668,2,2015-12.pdf
2016-01,automoveis,FIAT/DOBLO,495,490,5,2016-01.pdf
2016-01,comerciais_leves,RENAULT/MASTER,518,517,1,2016-01.pdf
2016-02,automoveis,FIAT/DOBLO,460,459,1,2016-02.pdf
2016-02,comerciais_leves,FIAT/STRADA,4590,4588,2,2016-02.pdf
2016-02,comerciais_leves,RENAULT/MASTER,460,458,2,2016-02.pdf
2016-02,comerciais_leves,FIAT/DUCATO,380,379,1,2016-02.pdf
2016-03,automoveis,FIAT/DOBLO,490,485,5,2016-03.pdf
2016-03,comerciais_leves,RENAULT/MASTER,451,450,1,2016-03.pdf
2016-04,comerciais_leves,FIAT/STRADA,5427,5425,2,2016-04.pdf
2016-04,comerciais_leves,RENAULT/MASTER,773,771,2,2016-04.pdf
2016-05,automoveis,FIAT/DOBLO,531,529,2,2016-05.pdf
2016-05,comerciais_leves,RENAULT/MASTER,503,501,2,2016-05.pdf
2016-06,comerciais_leves,RENAULT/MASTER,615,614,1,2016-06.pdf
2016-07,automoveis,FORD/FIESTA,1140,1130,10,2016-07.pdf
2016-07,automoveis,HONDA/CIVIC,685,683,2,2016-07.pdf
2016-07,comerciais_leves,VW/SAVEIRO,3905,3904,1,2016-07.pdf
2016-07,comerciais_leves,RENAULT/MASTER,532,530,2,2016-07.pdf
2016-08,automoveis,FORD/KA,7043,7042,1,2016-08.pdf
2016-08,automoveis,TOYOTA/COROLLA,6030,6028,2,2016-08.pdf
2016-08,automoveis,FORD/FIESTA,1543,1496,47,2016-08.pdf
2016-08,automoveis,HONDA/CIVIC,596,451,145,2016-08.pdf
2016-08,comerciais_leves,RENAULT/MASTER,530,529,1,2016-08.pdf
2016-08,comerciais_leves,FIAT/DOBLO,216,214,2,2016-08.pdf
2016-09,comerciais_leves,FIAT/STRADA,4409,4407,2,2016-09.pdf
2016-09,comerciais_leves,RENAULT/MASTER,544,542,2,2016-09.pdf
2016-10,automoveis,JEEP/RENEGADE,4810,4804,6,2016-10.pdf
2016-11,automoveis,JEEP/RENEGADE,3389,3351,38,2016-11.pdf
2016-11,automoveis,FORD/FUSION,410,379,31,2016-11.pdf
2016-11,comerciais_leves,FIAT/DOBLO,30,29,1,2016-11.pdf
2016-11,comerciais_leves,FIAT/UNO,1,0,1,2016-11.pdf
2016-12,comerciais_leves,RENAULT/MASTER,553,551,2,2016-12.pdf
2016-12,comerciais_leves,FIAT/UNO,1,0,1,2016-12.pdf
2017-02,comerciais_leves,RENAULT/MASTER,452,451,1,2017-02.pdf
2017-03,comerciais_leves,RENAULT/MASTER,566,565,1,2017-03.pdf
2017-04,automoveis,CITROEN/C3,737,734,3,2017-04.pdf
2017-04,comerciais_leves,FIAT/STRADA,3122,3121,1,2017-04.pdf
2017-04,comerciais_leves,RENAULT/MASTER,352,350,2,2017-04.pdf
2017-05,automoveis,CITROEN/C3,784,757,27,2017-05.pdf
2017-06,automoveis,CITROEN/C3,1040,802,238,2017-06.pdf
2017-06,comerciais_leves,FIAT/STRADA,4024,4023,1,2017-06.pdf
2017-07,comerciais_leves,VW/SAVEIRO,3811,3810,1,2017-07.pdf
2017-07,comerciais_leves,FIAT/STRADA,3526,3525,1,2017-07.pdf
2017-09,comerciais_leves,VW/SAVEIRO,3292,3288,4,2017-09.pdf
2017-09,comerciais_leves,RENAULT/MASTER,396,395,1,2017-09.pdf
2017-10,comerciais_leves,RENAULT/MASTER,490,488,2,2017-10.pdf
2017-11,automoveis,FORD/KA,9067,8864,203,2017-11.pdf
2017-11,comerciais_leves,FIAT/STRADA,5295,5292,3,2017-11.pdf
2017-11,comerciais_leves,RENAULT/MASTER,600,598,2,2017-11.pdf
2017-12,automoveis,FORD/KA,7881,7649,232,2017-12.pdf
2017-12,comerciais_leves,FIAT/STRADA,6903,6902,1,2017-12.pdf
2017-12,comerciais_leves,RENAULT/MASTER,616,615,1,2017-12.pdf
2018-01,automoveis,VW/FOX/CROSS FOX,3102,3096,6,2018-01.pdf
2018-02,automoveis,VW/FOX/CROSS FOX,2581,2576,5,2018-02.pdf
2018-02,comerciais_leves,VW/SAVEIRO,2957,2956,1,2018-02.pdf
2018-02,comerciais_leves,RENAULT/MASTER,466,465,1,2018-02.pdf
2018-03,automoveis,VW/FOX/CROSS FOX,3349,3337,12,2018-03.pdf
2018-03,comerciais_leves,FIAT/STRADA,5595,5594,1,2018-03.pdf
2018-03,comerciais_leves,RENAULT/MASTER,578,577,1,2018-03.pdf
2018-04,automoveis,VW/FOX/CROSS FOX,3292,3286,6,2018-04.pdf
2018-04,comerciais_leves,VW/SAVEIRO,4490,4489,1,2018-04.pdf
2018-04,comerciais_leves,RENAULT/MASTER,629,628,1,2018-04.pdf
2018-05,automoveis,VW/FOX/CROSS FOX,3138,3133,5,2018-05.pdf
2018-05,comerciais_leves,FIAT/STRADA,5581,5577,4,2018-05.pdf
2018-05,comerciais_leves,RENAULT/MASTER,577,576,1,2018-05.pdf
2018-06,automoveis,VW/FOX/CROSS FOX,3265,3260,5,2018-06.pdf
2018-06,comerciais_leves,FIAT/STRADA,5474,5472,2,2018-06.pdf
2018-06,comerciais_leves,VW/SAVEIRO,3744,3739,5,2018-06.pdf
2018-06,comerciais_leves,RENAULT/MASTER,554,553,1,2018-06.pdf
2018-07,automoveis,VW/FOX/CROSS FOX,3130,3127,3,2018-07.pdf
2018-07,comerciais_leves,FIAT/STRADA,5765,5760,5,2018-07.pdf
2018-07,comerciais_leves,VW/SAVEIRO,3635,3634,1,2018-07.pdf
2018-08,automoveis,VW/FOX/CROSS FOX,3894,3892,2,2018-08.pdf
2018-08,comerciais_leves,FIAT/STRADA,6119,6118,1,2018-08.pdf
2018-08,comerciais_leves,VW/SAVEIRO,4237,4236,1,2018-08.pdf
2018-08,comerciais_leves,RENAULT/MASTER,755,754,1,2018-08.pdf
2018-09,automoveis,VW/FOX/CROSS FOX,2919,2917,2,2018-09.pdf
2018-09,comerciais_leves,FIAT/STRADA,4696,4693,3,2018-09.pdf
2018-09,comerciais_leves,VW/SAVEIRO,4334,4326,8,2018-09.pdf
2018-09,comerciais_leves,RENAULT/MASTER,611,609,2,2018-09.pdf
2018-10,automoveis,VW/FOX/CROSS FOX,3792,3791,1,2018-10.pdf
2018-10,comerciais_leves,FIAT/STRADA,7199,7189,10,2018-10.pdf
2018-10,comerciais_leves,VW/SAVEIRO,4083,4065,18,2018-10.pdf
2018-11,automoveis,FORD/KA,8834,8833,1,2018-11.pdf
2018-11,automoveis,VW/FOX/CROSS FOX,3330,3329,1,2018-11.pdf
2018-11,comerciais_leves,FIAT/STRADA,5158,5149,9,2018-11.pdf
2018-11,comerciais_leves,VW/SAVEIRO,3516,3508,8,2018-11.pdf
2018-12,automoveis,VW/FOX/CROSS FOX,3470,3469,1,2018-12.pdf
2018-12,comerciais_leves,FIAT/STRADA,5780,5770,10,2018-12.pdf
2018-12,comerciais_leves,RENAULT/MASTER,692,690,2,2018-12.pdf
2019-01,comerciais_leves,FIAT/STRADA,4790,4781,9,2019-01.pdf
2019-01,comerciais_leves,RENAULT/MASTER,740,738,2,2019-01.pdf
2019-02,comerciais_leves,FIAT/STRADA,6553,6545,8,2019-02.pdf
2019-02,comerciais_leves,VW/SAVEIRO,2928,2927,1,2019-02.pdf
2019-02,comerciais_leves,RENAULT/MASTER,769,767,2,2019-02.pdf
2019-03,automoveis,VW/FOX/CROSS FOX,3451,3450,1,2019-03.pdf
2019-03,comerciais_leves,FIAT/STRADA,5286,5285,1,2019-03.pdf
2019-03,comerciais_leves,RENAULT/MASTER,658,657,1,2019-03.pdf
2019-04,comerciais_leves,VW/SAVEIRO,3341,3340,1,2019-04.pdf
2019-04,comerciais_leves,RENAULT/MASTER,753,752,1,2019-04.pdf
2019-05,comerciais_leves,VW/SAVEIRO,3687,3686,1,2019-05.pdf
2019-05,comerciais_leves,RENAULT/MASTER,775,774,1,2019-05.pdf
2019-07,comerciais_leves,CITROEN/BERLINGO,65,64,1,2019-07.pdf
2019-09,comerciais_leves,FORD/F100,2,1,1,2019-09.pdf
2019-10,automoveis,VW/FOX/CROSS FOX,2764,2762,2,2019-10.pdf
2019-10,comerciais_leves,VW/SAVEIRO,4503,4500,3,2019-10.pdf
2019-11,comerciais_leves,VW/SAVEIRO,3440,3439,1,2019-11.pdf
2019-11,comerciais_leves,RENAULT/MASTER,644,642,2,2019-11.pdf
2019-12,comerciais_leves,VW/SAVEIRO,3358,3357,1,2019-12.pdf
2019-12,comerciais_leves,RENAULT/MASTER,636,633,3,2019-12.pdf
2020-01,comerciais_leves,RENAULT/MASTER,702,701,1,2020-01.pdf
2020-02,comerciais_leves,RENAULT/MASTER,557,555,2,2020-02.pdf
2020-03,comerciais_leves,FIAT/STRADA,4799,4798,1,2020-03.pdf
2020-03,comerciais_leves,VW/SAVEIRO,2667,2666,1,2020-03.pdf
2020-03,comerciais_leves,RENAULT/MASTER,469,467,2,2020-03.pdf
2020-04,comerciais_leves,FIAT/STRADA,1630,1628,2,2020-04.pdf
2020-05,automoveis,VW/FOX/CROSS FOX,507,506,1,2020-05.pdf
2020-06,comerciais_leves,FIAT/STRADA,3830,3829,1,2020-06.pdf
2020-06,comerciais_leves,RENAULT/MASTER,433,432,1,2020-06.pdf
2020-07,automoveis,FORD/KA,4259,4258,1,2020-07.pdf
2020-08,comerciais_leves,FIAT/STRADA,8690,8689,1,2020-08.pdf
2020-10,comerciais_leves,FIAT/STRADA,10068,10065,3,2020-10.pdf
2020-10,comerciais_leves,RENAULT/MASTER,564,563,1,2020-10.pdf
2020-11,comerciais_leves,FIAT/STRADA,9614,9611,3,2020-11.pdf
2021-01,comerciais_leves,FIAT/STRADA,9232,9230,2,2021-01.pdf
2021-01,comerciais_leves,RENAULT/MASTER,468,466,2,2021-01.pdf
2021-03,automoveis,VW/FOX/CROSS FOX,2691,2690,1,2021-03.pdf
2021-05,automoveis,VW/FOX/CROSS FOX,2404,2403,1,2021-05.pdf
2021-06,automoveis,VW/FOX/CROSS FOX,1625,1624,1,2021-06.pdf
2021-06,comerciais_leves,FIAT/STRADA,9697,9696,1,2021-06.pdf
2021-06,comerciais_leves,VW/SAVEIRO,2932,2930,2,2021-06.pdf
2021-06,comerciais_leves,FIAT/DOBLO,135,134,1,2021-06.pdf
2021-07,comerciais_leves,FIAT/STRADA,9439,9438,1,2021-07.pdf
2021-09,automoveis,VW/FOX/CROSS FOX,2341,2334,7,2021-09.pdf
2021-09,comerciais_leves,FIAT/STRADA,5772,5769,3,2021-09.pdf
2021-09,comerciais_leves,RENAULT/MASTER,701,700,1,2021-09.pdf
2021-10,automoveis,VW/FOX/CROSS FOX,1596,1595,1,2021-10.pdf
2021-11,comerciais_leves,FIAT/STRADA,8535,8534,1,2021-11.pdf
2021-11,comerciais_leves,RENAULT/MASTER,1219,1218,1,2021-11.pdf
2021-11,comerciais_leves,FIAT/UNO,1,0,1,2021-11.pdf
2022-03,comerciais_leves,RENAULT/MASTER,661,660,1,2022-03.pdf
2022-05,comerciais_leves,FIAT/STRADA,11532,11525,7,2022-05.pdf
2022-07,comerciais_leves,FIAT/STRADA,10897,10896,1,2022-07.pdf
2022-07,comerciais_leves,RENAULT/MASTER,941,940,1,2022-07.pdf
2022-10,comerciais_leves,RENAULT/MASTER,746,745,1,2022-10.pdf
2022-11,comerciais_leves,RENAULT/MASTER,756,755,1,2022-11.pdf
2023-01,comerciais_leves,GM/MONTANA,90,0,90,2023-01.pdf
2023-05,automoveis,NISSAN/VERSA,674,673,1,2023-05.pdf
2023-05,comerciais_leves,RENAULT/MASTER,1072,1071,1,2023-05.pdf
2023-06,comerciais_leves,RENAULT/MASTER,931,930,1,2023-06.pdf
2023-07,comerciais_leves,RENAULT/MASTER,896,894,2,2023-07.pdf
2023-08,comerciais_leves,RENAULT/MASTER,1128,1126,2,2023-08.pdf
2023-11,comerciais_leves,FIAT/STRADA,11518,11517,1,2023-11.pdf
2023-11,comerciais_leves,RENAULT/MASTER,774,772,2,2023-11.pdf
2023-12,comerciais_leves,FIAT/STRADA,10573,10571,2,2023-12.pdf
2023-12,comerciais_leves,RENAULT/MASTER,1133,1129,4,2023-12.pdf
2024-02,comerciais_leves,VW/SAVEIRO,4127,4126,1,2024-02.pdf
2024-02,comerciais_leves,RENAULT/MASTER,833,832,1,2024-02.pdf
2024-03,comerciais_leves,RENAULT/MASTER,932,930,2,2024-03.pdf
2024-06,comerciais_leves,FIAT/STRADA,7551,7549,2,2024-06.pdf
2024-07,comerciais_leves,RENAULT/MASTER,874,872,2,2024-07.pdf
2024-08,comerciais_leves,FIAT/STRADA,16423,16422,1,2024-08.pdf
2024-08,comerciais_leves,RENAULT/MASTER,1022,1020,2,2024-08.pdf
2024-10,comerciais_leves,RENAULT/MASTER,1193,1192,1,2024-10.pdf
2024-12,comerciais_leves,RENAULT/MASTER,1255,1254,1,2024-12.pdf
2025-01,comerciais_leves,RENAULT/MASTER,1177,1176,1,2025-01.pdf
2025-02,comerciais_leves,VW/SAVEIRO,4701,4700,1,2025-02.pdf
2025-04,comerciais_leves,RENAULT/MASTER,1646,1645,1,2025-04.pdf
2025-05,comerciais_leves,RENAULT/MASTER,1454,1453,1,2025-05.pdf
2025-07,comerciais_leves,RENAULT/MASTER,1512,1509,3,2025-07.pdf
2025-10,comerciais_leves,RENAULT/MASTER,1646,1644,2,2025-10.pdf
2025-11,comerciais_leves,RENAULT/MASTER,1139,1137,2,2025-11.pdf
2025-12,comerciais_leves,RENAULT/MASTER,1316,1315,1,2025-12.pdf
2026-01,comerciais_leves,FIAT/STRADA,10541,10540,1,2026-01.pdf
2026-01,comerciais_leves,RENAULT/MASTER,969,967,2,2026-01.pdf
2026-01,comerciais_leves,FIAT/DUCATO,239,238,1,2026-01.pdf
2026-02,comerciais_leves,RENAULT/MASTER,655,654,1,2026-02.pdf
2026-03,comerciais_leves,FIAT/STRADA,16706,16705,1,2026-03.pdf
2026-04,comerciais_leves,FIAT/STRADA,14905,14904,1,2026-04.pdf
2026-04,comerciais_leves,RENAULT/MASTER,913,910,3,2026-04.pdf
2026-05,comerciais_leves,VW/SAVEIRO,3099,3098,1,2026-05.pdf
2026-07,automoveis,TOYOTA/COROLLA,1666,1665,1,2026-07.pdf
2026-07,comerciais_leves,RENAULT/MASTER,1478,1476,2,2026-07.pdf
