marca_fonte,metodo,conhecida,linhas,unidades,modelos,primeiro_mes,ultimo_mes,exemplo
FIAT,barra,True,4452,12186120,54,2003-01,2026-08,FIAT/PALIO
VW,barra,True,4803,10613894,63,2003-01,2026-08,VW/GOL
GM,barra,True,5334,10275242,85,2003-01,2026-08,GM/CELTA
FORD,barra,True,3762,4599340,58,2003-01,2026-08,FORD/KA
RENAULT,barra,True,2674,3404100,31,2003-01,2026-08,RENAULT/CLIO
TOYOTA,barra,True,2367,3288711,36,2003-01,2026-08,TOYOTA/COROLLA
HYUNDAI,barra,True,1961,3179830,30,2003-01,2026-08,HYUNDAI/ELANTRA
HONDA,barra,True,1421,2391256,12,2003-01,2026-08,HONDA/CIVIC
JEEP,barra,True,583,1281351,10,2003-01,2026-08,JEEP/CHEROKEE
NISSAN,barra,True,1597,1275180,34,2003-01,2026-08,NISSAN/PATHFINDER
PEUGEOT,barra,True,2243,1060858,27,2003-01,2026-08,PEUGEOT/206
CITROEN,barra,True,1692,947392,22,2003-01,2026-08,CITROEN/C3
MITSUBISHI,barra,True,1245,739952,21,2003-01,2026-08,MITSUBISHI/SMART
KIA,barra,True,1571,360824,20,2003-01,2026-08,KIA/SPORTAGE
BYD,barra,True,342,351864,14,2016-06,2026-08,BYD/T3
CAOA CHERY,barra,True,397,303706,11,2020-03,2026-08,CAOA CHERY/QQ
M.BENZ,barra,True,3468,213267,72,2003-01,2026-08,M.BENZ/CLASSE C
BMW,barra,True,2316,172474,58,2003-01,2026-08,BMW/330
GWM,barra,True,111,131983,5,2023-05,2026-08,GWM/HAVAL H6
AUDI,barra,True,1797,120166,34,2003-01,2026-08,AUDI/A3
RAM,barra,True,305,108142,6,2016-04,2026-08,RAM/2500
LAND ROVER,barra,True,810,101864,12,2003-01,2024-12,LAND ROVER/DEFENDER
CHERY,barra,True,334,80758,10,2009-11,2020-02,CHERY/TIGGO
VOLVO,barra,True,785,76368,10,2003-01,2026-01,VOLVO/V70
IVECO,barra,True,714,63432,11,2003-01,2026-08,IVECO/3510
JAC,barra,True,541,60439,19,2011-03,2026-08,JAC/J3
SUZUKI,barra,True,434,56297,9,2003-01,2025-03,SUZUKI/GVITARA
HAFEI,barra,True,513,39686,10,2008-01,2022-02,HAFEI/HFJ1020
GEELY,barra,True,43,34351,4,2014-01,2026-08,GEELY/EC-7
OMODA JAECOO,barra,True,27,32410,3,2025-07,2026-08,OMODA JAECOO/JAECOO 7
PORSCHE,barra,True,972,26840,9,2003-04,2026-08,PORSCHE/CAYENNE
DODGE,barra,True,370,24361,15,2003-04,2026-08,DODGE/DAKOTA
LIFAN,barra,True,222,23898,5,2010-08,2020-07,LIFAN/LF 620
TROLLER,barra,True,238,22587,3,2003-01,2021-11,TROLLER/T4
SSANGYONG,barra,True,287,14042,6,2003-01,2014-08,SSANGYONG/KORANDO
EFFA,barra,True,544,13551,8,2008-04,2026-08,EFFA/M100
MINI,barra,True,213,12783,4,2003-04,2025-10,MINI/COOPER
SUBARU,barra,True,251,8965,6,2003-01,2022-01,SUBARU/FORESTER
CHANA,barra,True,100,8188,1,2007-07,2020-09,CHANA/SC
VW TRUCK E BUS,barra,True,38,7589,1,2023-07,2026-08,VW TRUCK E BUS/EXPRESS
LEAPMOTOR,barra,True,8,4793,1,2026-01,2026-08,LEAPMOTOR/C10
GAC,barra,True,22,4335,3,2025-06,2026-08,GAC/AION ES
CHRYSLER,barra,True,248,4278,10,2003-01,2026-03,CHRYSLER/MRE CGPI
SHINERAY,barra,True,254,3953,6,2012-02,2026-08,SHINERAY/P VAN
JINBEI,barra,True,205,3914,9,2009-01,2021-09,JINBEI/VAN 13P
PONTIAC,barra,False,1,3901,1,2013-11,2013-11,PONTIAC/MONTANA
JAGUAR,barra,True,274,3858,9,2003-01,2023-12,JAGUAR/S-TYPE
FOTON,barra,True,194,3678,9,2013-02,2026-08,FOTON/AUMARK 1039
MAHINDRA,barra,True,168,2738,5,2008-01,2022-05,MAHINDRA/SCORPIO
CAOA CHANGAN,barra,True,3,2712,1,2026-06,2026-08,CAOA CHANGAN/UNIT-T
SMART,barra,False,52,2679,2,2005-06,2011-02,SMART/ROADSTER
THINK,barra,False,1,2464,1,2013-11,2013-11,THINK/CITY
RELY,barra,True,61,2181,1,2012-12,2021-02,RELY/RELY PICK-UP
JETOUR,barra,True,1,1036,1,2026-08,2026-08,JETOUR/T2
MG,barra,True,16,826,3,2006-03,2026-08,MG/MG COUPE ROADSTER
LEXUS,barra,True,78,720,7,2003-04,2025-12,LEXUS/RX
AGRALE,barra,True,158,526,3,2005-02,2023-03,AGRALE/AGRALE MARRUA
,barra,False,1,460,1,2013-11,2013-11,/ELANTRA
ASA,barra,True,42,415,1,2009-07,2018-12,ASA/CAUYPE
JAECOO,barra,True,1,381,1,2025-06,2025-06,JAECOO/7
SEAT,barra,False,34,283,2,2003-01,2008-01,SEAT/CORDOBA
CHEVROLET,barra,True,57,169,4,2004-01,2024-12,CHEVROLET/SPORT VAN
ZEEKR,barra,True,20,146,1,2025-01,2026-08,ZEEKR/001
FEVER,barra,True,9,125,2,2024-12,2026-08,FEVER/NEXTEM FN1000
TROLER,barra,False,1,120,1,2013-11,2013-11,TROLER /T4
CROSS LANDER,barra,False,34,118,1,2003-01,2005-12,CROSS LANDER/CROSS LANDER
ASIA,barra,True,24,118,6,2003-03,2015-08,ASIA/TOPIC
DFM,barra,True,12,92,3,2013-01,2016-03,DFM/MINITRUCK
FARIZON,barra,True,2,75,1,2026-03,2026-06,FARIZON/V6E
RIDDARA,barra,True,3,70,1,2024-12,2026-05,RIDDARA/RD6
CAMARO,barra,False,1,59,1,2013-11,2013-11,CAMARO /CAMARO
ARROW,barra,True,9,52,1,2023-12,2025-07,ARROW/ONE
FERRARI,barra,True,20,45,8,2003-01,2024-01,FERRARI/360
HUMMER,barra,False,27,44,1,2003-09,2007-03,HUMMER/HUMMER
RADAR,barra,True,1,44,1,2025-10,2025-10,RADAR/RD6
TESLA,barra,True,35,42,2,2022-01,2026-04,TESLA/MODEL S
WILLYS,barra,True,22,37,1,2017-08,2024-07,WILLYS/OVERLAND
GMC,barra,True,18,33,4,2005-06,2024-06,GMC/SAFARI
VICR,barra,True,20,32,2,2016-07,2018-01,VICR/SAVEIRO
HITECH E,barra,True,1,29,1,2026-08,2026-08,HITECH E/NEW DELIVERY
MCLAREN,barra,True,4,23,1,2023-05,2023-08,MCLAREN/ARTURA
HITECH,barra,True,8,21,1,2023-05,2024-09,HITECH/ECOCARGO
MASERATI,barra,False,10,16,2,2003-01,2007-01,MASERATI/COUPE
MATRA,barra,False,8,14,1,2003-10,2004-10,MATRA/MATRA
ENGESA,barra,True,12,13,2,2005-01,2022-09,ENGESA/ENVEMO CAMPER
MON,barra,True,4,12,1,2024-02,2024-09,MON/PROTOTIPO
ALFA ROMEO,barra,True,11,12,2,2003-01,2026-08,ALFA ROMEO/156
AMGC HUMER,barra,False,9,11,2,2005-01,2007-08,AMGC HUMER/HMC4 6.5T
CADILLAC,barra,True,8,10,2,2005-01,2021-06,CADILLAC/ESCALADE
MCC,barra,False,25,6,1,2003-02,2008-12,MCC/SMART
EDRA,barra,False,2,5,1,2010-04,2010-05,EDRA/ARIS
VICTORY,barra,False,2,4,2,2011-08,2011-08,VICTORY/GHT6360
GREAT WALL,barra,True,1,4,1,2011-07,2011-07,GREAT WALL/WINGLE
DAEWOO,barra,False,13,3,2,2003-03,2009-06,DAEWOO/ESPERO
JPX,barra,False,5,3,1,2004-01,2006-01,JPX/MONTEZ
LINCOLN,barra,False,6,3,1,2003-05,2006-01,LINCOLN/NAVIGATOR
DENZA,barra,True,1,3,1,2025-01,2025-01,DENZA/D9
FARGO,barra,True,3,3,1,2018-05,2018-12,FARGO/FARGO
BUICK,barra,False,6,2,2,2007-07,2009-05,BUICK/LESABRE
OPEL,barra,True,5,2,2,2003-08,2022-01,OPEL/OPEL VECTRA
KARRY,barra,False,1,2,1,2012-03,2012-03,KARRY/Q22
ISUZU,barra,False,2,2,1,2009-04,2009-10,ISUZU/PICK UP
LVTONG,barra,True,1,2,1,2021-09,2021-09,LVTONG/LT S14 C
DKW,barra,True,2,2,1,2018-10,2019-12,DKW/VEMAGUETE
DATSUM,barra,True,1,1,1,2016-11,2016-11,DATSUM/DATSUM
BAIC,barra,True,1,1,1,2025-05,2025-05,BAIC/EU5
CBP,barra,False,2,1,1,2004-12,2005-01,CBP/191
FREIGHTLINER,barra,True,1,1,1,2016-07,2016-07,FREIGHTLINER/2500
INTERNATIONAL,barra,True,1,1,1,2020-01,2020-01,INTERNATIONAL/INTERNATIONAL
JMEV,barra,True,1,1,1,2026-02,2026-02,JMEV/GSE
JIMBEI,barra,False,1,1,1,2008-01,2008-01,JIMBEI/HAISE
MAZDA,barra,False,10,1,1,2003-02,2003-12,MAZDA/MPV
ROLLS ROYCE,barra,True,4,1,1,2024-02,2024-05,ROLLS ROYCE/ROLLS ROYCE
NÃO IDENTIFICADO,barra,True,1,1,1,2019-02,2019-02,NÃO IDENTIFICADO/EE34
MPLM,barra,False,1,1,1,2003-12,2003-12,MPLM/MPLM/JAVALI
