ano,uf,unidades,unidades_fabrica_fora_de_operacao,fabricas_fora,participacao_pct,participacao_ano_anterior,alerta
2003,SP,553451,0,,43.0,,
2003,MG,347503,0,,27.0,,
2003,BA,121026,0,,9.4,,
2003,RS,114690,0,,8.9,,
2003,PR,90238,0,,7.0,,
2003,RJ,48435,0,,3.8,,
2003,GO,9488,0,,0.7,,
2003,CE,942,0,,0.1,,
2004,SP,597487,0,,42.3,43.0,
2004,MG,355847,0,,25.2,27.0,
2004,BA,134890,0,,9.5,9.4,
2004,PR,133486,0,,9.4,7.0,
2004,RS,122559,0,,8.7,8.9,
2004,RJ,56053,0,,4.0,3.8,
2004,GO,12596,0,,0.9,0.7,
2004,CE,1017,0,,0.1,0.1,
2005,SP,597722,0,,39.0,42.3,
2005,MG,409604,0,,26.7,25.2,
2005,PR,162562,0,,10.6,9.4,
2005,BA,162321,0,,10.6,9.5,
2005,RS,119821,0,,7.8,8.7,
2005,RJ,68388,0,,4.5,4.0,
2005,GO,12584,0,,0.8,0.9,
2005,CE,933,0,,0.1,0.1,
2006,SP,669145,0,,39.4,39.0,
2006,MG,467891,0,,27.6,26.7,
2006,PR,173479,0,,10.2,10.6,
2006,BA,160076,0,,9.4,10.6,
2006,RS,135306,0,,8.0,7.8,
2006,RJ,79537,0,,4.7,4.5,
2006,GO,11543,0,,0.7,0.8,
2006,CE,624,0,,0.0,0.1,
2007,SP,807442,0,,38.1,39.4,
2007,MG,611010,0,,28.9,27.6,
2007,PR,216858,0,,10.2,10.2,
2007,BA,188850,0,,8.9,9.4,
2007,RS,180840,0,,8.5,8.0,
2007,RJ,95769,0,,4.5,4.7,
2007,GO,15242,0,,0.7,0.7,
2007,CE,939,0,,0.0,0.0,
2008,SP,934263,0,,39.7,38.1,
2008,MG,662445,0,,28.1,28.9,
2008,PR,236226,0,,10.0,10.2,
2008,BA,205794,0,,8.7,8.9,
2008,RS,181059,0,,7.7,8.5,
2008,RJ,103197,0,,4.4,4.5,
2008,GO,31660,0,,1.3,0.7,
2008,CE,1139,0,,0.0,0.0,
2008,AM,270,0,,0.0,,
2009,SP,1026337,0,,39.7,39.7,
2009,MG,742067,0,,28.7,28.1,
2009,PR,256776,0,,9.9,10.0,
2009,BA,242477,0,,9.4,8.7,
2009,RS,201860,0,,7.8,7.7,
2009,RJ,85017,0,,3.3,4.4,
2009,GO,30957,0,,1.2,1.3,
2009,CE,1475,0,,0.1,0.0,
2009,AM,501,0,,0.0,0.0,
2010,SP,1024797,0,,37.9,39.7,
2010,MG,762614,0,,28.2,28.7,
2010,PR,302291,0,,11.2,9.9,
2010,BA,258360,0,,9.6,9.4,
2010,RS,218260,0,,8.1,7.8,
2010,RJ,100408,0,,3.7,3.3,
2010,GO,35514,0,,1.3,1.2,
2010,CE,1254,0,,0.0,0.1,
2010,AM,304,0,,0.0,0.0,
2011,SP,977407,0,,37.2,37.9,
2011,MG,754561,0,,28.7,28.2,
2011,PR,314712,0,,12.0,11.2,
2011,BA,223503,0,,8.5,9.6,
2011,RS,200101,0,,7.6,8.1,
2011,RJ,105960,0,,4.0,3.7,
2011,GO,50493,0,,1.9,1.3,
2011,CE,1274,0,,0.0,0.0,
2012,SP,1097303,0,,37.8,37.2,
2012,MG,815888,0,,28.1,28.7,
2012,PR,413303,0,,14.2,12.0,
2012,BA,245967,0,,8.5,8.5,
2012,RS,190448,0,,6.6,7.6,
2012,RJ,88987,0,,3.1,4.0,
2012,GO,51682,0,,1.8,1.9,
2012,CE,1056,0,,0.0,0.0,
2013,SP,1339291,0,,45.2,37.8,participacao muda 37.8 -> 45.2
2013,MG,760003,0,,25.6,28.1,
2013,PR,354821,0,,12.0,14.2,
2013,RS,258280,0,,8.7,6.6,
2013,BA,121395,0,,4.1,8.5,
2013,RJ,81313,0,,2.7,3.1,
2013,GO,48475,0,,1.6,1.8,
2013,CE,1145,0,,0.0,0.0,
2014,SP,1172840,0,,42.5,45.2,
2014,MG,693300,0,,25.1,25.6,
2014,PR,321653,0,,11.6,12.0,
2014,RS,281851,0,,10.2,8.7,
2014,BA,115678,0,,4.2,4.1,
2014,RJ,87254,0,,3.2,2.7,
2014,GO,84613,0,,3.1,1.6,
2014,SC,2348,0,,0.1,,
2014,CE,1483,0,,0.1,0.0,
2015,SP,853746,0,,40.4,42.5,
2015,MG,440218,0,,20.8,25.1,
2015,PR,244586,0,,11.6,11.6,
2015,RS,214107,0,,10.1,10.2,
2015,BA,158115,0,,7.5,4.2,
2015,RJ,82480,0,,3.9,3.2,
2015,GO,70209,0,,3.3,3.1,
2015,PE,39170,0,,1.9,,
2015,SC,9987,0,,0.5,0.1,
2015,CE,2019,0,,0.1,0.1,
2016,SP,693191,0,,39.8,40.4,
2016,MG,264261,0,,15.2,20.8,participacao muda 20.8 -> 15.2
2016,RS,219772,0,,12.6,10.1,
2016,PR,193774,0,,11.1,11.6,
2016,BA,129539,0,,7.4,7.5,
2016,PE,99072,0,,5.7,1.9,
2016,RJ,82164,0,,4.7,3.9,
2016,GO,49505,0,,2.8,3.3,
2016,SC,7236,0,,0.4,0.5,
2016,CE,1453,0,,0.1,0.1,
2017,SP,777004,0,,40.0,39.8,
2017,RS,257665,0,,13.3,12.6,
2017,MG,242617,0,,12.5,15.2,
2017,PR,218240,0,,11.2,11.1,
2017,BA,153312,0,,7.9,7.4,
2017,PE,138270,0,,7.1,5.7,
2017,RJ,105981,0,,5.5,4.7,
2017,GO,41330,0,,2.1,2.8,
2017,SC,7530,0,,0.4,0.4,
2017,CE,1541,0,,0.1,0.1,
2018,SP,867182,0,,40.1,40.0,
2018,RS,282206,0,,13.0,13.3,
2018,PR,260357,0,,12.0,11.2,
2018,MG,240477,0,,11.1,12.5,
2018,BA,176816,0,,8.2,7.9,
2018,PE,165130,0,,7.6,7.1,
2018,RJ,121404,0,,5.6,5.5,
2018,GO,40297,0,,1.9,2.1,
2018,SC,7360,0,,0.3,0.4,
2018,CE,1480,0,,0.1,0.1,
2019,SP,877404,0,,37.0,40.1,
2019,RS,341814,0,,14.4,13.0,
2019,PR,319944,0,,13.5,12.0,
2019,MG,279769,0,,11.8,11.1,
2019,PE,194689,0,,8.2,7.6,
2019,BA,189811,0,,8.0,8.2,
2019,RJ,124945,0,,5.3,5.6,
2019,GO,36671,0,,1.5,1.9,
2019,SC,8015,0,,0.3,0.3,
2019,CE,723,0,,0.0,0.1,
2020,SP,666445,2,ford_sbc,38.1,37.0,fabrica fora do periodo de operacao: ford_sbc
2020,MG,255587,0,,14.6,11.8,
2020,PR,216010,0,,12.3,13.5,
2020,RS,205845,0,,11.8,14.4,
2020,PE,163821,0,,9.4,8.2,
2020,BA,117276,0,,6.7,8.0,
2020,RJ,68764,0,,3.9,5.3,
2020,GO,33068,0,,1.9,1.5,
2020,RS+SP,13955,0,,0.8,,
2020,SC,8397,0,,0.5,0.3,
2020,CE,1135,0,,0.1,0.0,
2021,SP,683680,6,ford_sbc,39.7,38.1,fabrica fora do periodo de operacao: ford_sbc
2021,MG,336034,0,,19.5,14.6,
2021,PE,219406,0,,12.7,9.4,
2021,PR,207665,0,,12.1,12.3,
2021,RS,117811,0,,6.8,11.8,participacao muda 11.8 -> 6.8
2021,RJ,73265,0,,4.3,3.9,
2021,GO,51290,0,,3.0,1.9,
2021,BA,13367,7424,ford_camacari,0.8,6.7,fabrica fora do periodo de operacao: ford_camacari; participacao muda 6.7 -> 0.8
2021,RS+SP,10574,0,,0.6,0.8,
2021,SC,8785,0,,0.5,0.5,
2021,CE,993,0,,0.1,0.1,
2022,SP,674111,5,ford_sbc,39.9,39.7,fabrica fora do periodo de operacao: ford_sbc
2022,MG,340428,0,,20.1,19.5,
2022,PR,191926,0,,11.4,12.1,
2022,PE,186591,0,,11.0,12.7,
2022,RS,160253,0,,9.5,6.8,
2022,RJ,75574,0,,4.5,4.3,
2022,GO,50269,0,,3.0,3.0,
2022,SC,10458,0,,0.6,0.5,
2022,BA,10,10,ford_camacari,0.0,0.8,fabrica fora do periodo de operacao: ford_camacari
2023,SP,774520,6,ford_sbc,41.8,39.9,fabrica fora do periodo de operacao: ford_sbc
2023,MG,373722,0,,20.2,20.1,
2023,PR,199751,0,,10.8,11.4,
2023,PE,186356,0,,10.1,11.0,
2023,RS,176953,0,,9.6,9.5,
2023,RJ,84549,0,,4.6,4.5,
2023,GO,47155,0,,2.5,3.0,
2023,SC,9723,0,,0.5,0.6,
2023,BA,4,4,ford_camacari,0.0,0.0,fabrica fora do periodo de operacao: ford_camacari
2024,SP,856153,2,ford_sbc,42.0,41.8,fabrica fora do periodo de operacao: ford_sbc
2024,MG,417386,0,,20.5,20.2,
2024,PR,222349,0,,10.9,10.8,
2024,PE,198184,0,,9.7,10.1,
2024,RS,157479,0,,7.7,9.6,
2024,RJ,94270,0,,4.6,4.6,
2024,GO,81906,0,,4.0,2.5,
2024,SC,10362,0,,0.5,0.5,
2024,BA,5,5,ford_camacari,0.0,0.0,fabrica fora do periodo de operacao: ford_camacari
2025,SP,824772,3,ford_sbc,39.8,42.0,fabrica fora do periodo de operacao: ford_sbc
2025,MG,451127,0,,21.7,20.5,
2025,PR,219861,0,,10.6,10.9,
2025,PE,202114,0,,9.7,9.7,
2025,RS,132856,0,,6.4,7.7,
2025,RJ,98425,0,,4.7,4.6,
2025,GO,98300,0,,4.7,4.0,
2025,PR+SP,36979,0,,1.8,,
2025,SC,9778,0,,0.5,0.5,
2025,BA,1,1,ford_camacari,0.0,0.0,fabrica fora do periodo de operacao: ford_camacari
2026,SP,565712,2520,toyota_indaiatuba,40.1,39.8,fabrica fora do periodo de operacao: toyota_indaiatuba
2026,MG,313484,0,,22.2,21.7,
2026,PR,143621,0,,10.2,10.6,
2026,PE,128120,0,,9.1,9.7,
2026,RS,101819,0,,7.2,6.4,
2026,RJ,65455,0,,4.6,4.7,
2026,GO,63883,0,,4.5,4.7,
2026,PR+SP,19746,0,,1.4,1.8,
2026,CE,4087,0,,0.3,0.1,
2026,SC,3650,0,,0.3,0.5,
2026,BA,10,10,ford_camacari,0.0,0.0,fabrica fora do periodo de operacao: ford_camacari
