mes,segmento,total_publicado,total_publicado_mes_anterior,origem,arquivo_origem,edicao
2003-01,automoveis,96383,109638,resumo_mensal,2003-01.pdf,1
2003-01,comerciais_leves,10224,11659,resumo_mensal,2003-01.pdf,1
2003-02,automoveis,100258,96383,resumo_mensal,2003-02.pdf,2
2003-02,comerciais_leves,11447,10224,resumo_mensal,2003-02.pdf,2
2003-03,automoveis,86451,100258,resumo_mensal,2003-03.pdf,3
2003-03,comerciais_leves,9533,11447,resumo_mensal,2003-03.pdf,3
2003-04,automoveis,92118,86451,resumo_mensal,2003-04.pdf,4
2003-04,comerciais_leves,9751,9533,resumo_mensal,2003-04.pdf,4
2003-05,automoveis,89352,92118,resumo_mensal,2003-05.pdf,5
2003-05,comerciais_leves,10236,9751,resumo_mensal,2003-05.pdf,5
2003-06,automoveis,84524,89352,resumo_mensal,2003-06.pdf,6
2003-06,comerciais_leves,8878,10236,resumo_mensal,2003-06.pdf,6
2003-07,automoveis,95924,84524,resumo_mensal,2003-07.pdf,7
2003-07,comerciais_leves,10032,8878,resumo_mensal,2003-07.pdf,7
2003-08,automoveis,85079,95924,resumo_mensal,2003-08.pdf,8
2003-08,comerciais_leves,8899,10032,resumo_mensal,2003-08.pdf,8
2003-09,automoveis,107067,85079,resumo_mensal,2003-09.pdf,9
2003-09,comerciais_leves,10954,8899,resumo_mensal,2003-09.pdf,9
2003-10,automoveis,120938,107067,resumo_mensal,2003-10.pdf,10
2003-10,comerciais_leves,11972,10954,resumo_mensal,2003-10.pdf,10
2003-11,automoveis,111051,120938,resumo_mensal,2003-11.pdf,11
2003-11,comerciais_leves,12246,11972,resumo_mensal,2003-11.pdf,11
2003-12,automoveis,145248,111051,resumo_mensal,2003-12.pdf,12
2003-12,comerciais_leves,16157,12246,resumo_mensal,2003-12.pdf,12
2004-01,automoveis,90561,145248,resumo_mensal,2004-01.pdf,13
2004-01,comerciais_leves,10439,16157,resumo_mensal,2004-01.pdf,13
2004-02,automoveis,87706,90561,resumo_mensal,2004-02.pdf,14
2004-02,comerciais_leves,10528,10439,resumo_mensal,2004-02.pdf,14
2004-03,automoveis,117360,87706,resumo_mensal,2004-03.pdf,15
2004-03,comerciais_leves,15163,10528,resumo_mensal,2004-03.pdf,15
2004-04,automoveis,93760,117360,resumo_mensal,2004-04.pdf,16
2004-04,comerciais_leves,13049,15163,resumo_mensal,2004-04.pdf,16
2004-05,automoveis,101331,93760,resumo_mensal,2004-05.pdf,17
2004-05,comerciais_leves,13273,13049,resumo_mensal,2004-05.pdf,17
2004-06,automoveis,109129,101331,resumo_mensal,2004-06.pdf,18
2004-06,comerciais_leves,13216,13273,resumo_mensal,2004-06.pdf,18
2004-07,automoveis,112463,109129,resumo_mensal,2004-07.pdf,19
2004-07,comerciais_leves,12977,13216,resumo_mensal,2004-07.pdf,19
2004-08,automoveis,108307,112463,resumo_mensal,2004-08.pdf,20
2004-08,comerciais_leves,13619,12977,resumo_mensal,2004-08.pdf,20
2004-09,automoveis,114479,108307,resumo_mensal,2004-09.pdf,21
2004-09,comerciais_leves,14763,13619,resumo_mensal,2004-09.pdf,21
2004-10,automoveis,113546,114479,resumo_mensal,2004-10.pdf,22
2004-10,comerciais_leves,14788,14763,resumo_mensal,2004-10.pdf,22
2004-11,automoveis,116164,113546,resumo_mensal,2004-11.pdf,23
2004-11,comerciais_leves,14184,14788,resumo_mensal,2004-11.pdf,23
2004-12,automoveis,150188,116164,resumo_mensal,2004-12.pdf,24
2004-12,comerciais_leves,17927,14184,resumo_mensal,2004-12.pdf,24
2005-01,automoveis,88575,150188,resumo_mensal,2005-01.pdf,25
2005-01,comerciais_leves,11080,17927,resumo_mensal,2005-01.pdf,25
2005-02,automoveis,95681,88575,resumo_mensal,2005-02.pdf,26
2005-02,comerciais_leves,12213,11080,resumo_mensal,2005-02.pdf,26
2005-03,automoveis,124402,95681,resumo_mensal,2005-03.pdf,27
2005-03,comerciais_leves,16216,12213,resumo_mensal,2005-03.pdf,27
2005-04,automoveis,114246,124402,resumo_mensal,2005-04.pdf,28
2005-04,comerciais_leves,14907,16216,resumo_mensal,2005-04.pdf,28
2005-05,automoveis,119220,114246,resumo_mensal,2005-05.pdf,29
2005-05,comerciais_leves,15846,14907,resumo_mensal,2005-05.pdf,29
2005-06,automoveis,123133,119220,resumo_mensal,2005-06.pdf,30
2005-06,comerciais_leves,16642,15846,resumo_mensal,2005-06.pdf,30
2005-07,automoveis,115200,123133,resumo_mensal,2005-07.pdf,31
2005-07,comerciais_leves,15341,16642,resumo_mensal,2005-07.pdf,31
2005-08,automoveis,126906,115200,resumo_mensal,2005-08.pdf,32
2005-08,comerciais_leves,16469,15341,resumo_mensal,2005-08.pdf,32
2005-09,automoveis,120942,126906,resumo_mensal,2005-09.pdf,33
2005-09,comerciais_leves,15883,16469,resumo_mensal,2005-09.pdf,33
2005-10,automoveis,116676,120942,resumo_mensal,2005-10.pdf,34
2005-10,comerciais_leves,13973,15883,resumo_mensal,2005-10.pdf,34
2005-11,automoveis,136244,116676,resumo_mensal,2005-11.pdf,35
2005-11,comerciais_leves,14538,13973,resumo_mensal,2005-11.pdf,35
2005-12,automoveis,157913,136244,resumo_mensal,2005-12.pdf,36
2005-12,comerciais_leves,17572,14538,resumo_mensal,2005-12.pdf,36
2006-01,automoveis,112655,157913,resumo_mensal,2006-01.pdf,37
2006-01,comerciais_leves,13190,17572,resumo_mensal,2006-01.pdf,37
2006-02,automoveis,108513,112655,resumo_mensal,2006-02.pdf,38
2006-02,comerciais_leves,13018,13190,resumo_mensal,2006-02.pdf,38
2006-03,automoveis,130994,108513,resumo_mensal,2006-03.pdf,39
2006-03,comerciais_leves,17240,13018,resumo_mensal,2006-03.pdf,39
2006-04,automoveis,109706,130994,resumo_mensal,2006-04.pdf,40
2006-04,comerciais_leves,14755,17240,resumo_mensal,2006-04.pdf,40
2006-05,automoveis,137986,109706,resumo_mensal,2006-05.pdf,41
2006-05,comerciais_leves,17534,14755,resumo_mensal,2006-05.pdf,41
2006-06,automoveis,124384,137986,resumo_mensal,2006-06.pdf,42
2006-06,comerciais_leves,16480,17534,resumo_mensal,2006-06.pdf,42
2006-07,automoveis,141159,124384,resumo_mensal,2006-07.pdf,43
2006-07,comerciais_leves,16894,16480,resumo_mensal,2006-07.pdf,43
2006-08,automoveis,150756,141159,resumo_mensal,2006-08.pdf,44
2006-08,comerciais_leves,19233,16894,resumo_mensal,2006-08.pdf,44
2006-09,automoveis,134612,150756,resumo_mensal,2006-09.pdf,45
2006-09,comerciais_leves,16572,19233,resumo_mensal,2006-09.pdf,45
2006-10,automoveis,148209,134612,resumo_mensal,2006-10.pdf,46
2006-10,comerciais_leves,18585,16572,resumo_mensal,2006-10.pdf,46
2006-11,automoveis,156083,148209,resumo_mensal,2006-11.pdf,47
2006-11,comerciais_leves,17933,18585,resumo_mensal,2006-11.pdf,47
2006-12,automoveis,177142,156083,resumo_mensal,2006-12.pdf,48
2006-12,comerciais_leves,18838,17933,resumo_mensal,2006-12.pdf,48
2007-01,automoveis,130045,177142,resumo_mensal,2007-01.pdf,49
2007-01,comerciais_leves,15420,18838,resumo_mensal,2007-01.pdf,49
2007-02,automoveis,123961,130045,resumo_mensal,2007-02.pdf,50
2007-02,comerciais_leves,15658,15420,resumo_mensal,2007-02.pdf,50
2007-03,automoveis,162294,123961,resumo_mensal,2007-03.pdf,51
2007-03,comerciais_leves,21469,15658,resumo_mensal,2007-03.pdf,51
2007-04,automoveis,151247,162294,resumo_mensal,2007-04.pdf,52
2007-04,comerciais_leves,18795,21469,resumo_mensal,2007-04.pdf,52
2007-05,automoveis,180258,151247,resumo_mensal,2007-05.pdf,53
2007-05,comerciais_leves,20041,18795,resumo_mensal,2007-05.pdf,53
2007-06,automoveis,169429,180258,resumo_mensal,2007-06.pdf,54
2007-06,comerciais_leves,19348,20041,resumo_mensal,2007-06.pdf,54
2007-07,automoveis,184227,169429,resumo_mensal,2007-07.pdf,55
2007-07,comerciais_leves,22105,19348,resumo_mensal,2007-07.pdf,55
2007-08,automoveis,198511,184227,resumo_mensal,2007-08.pdf,56
2007-08,comerciais_leves,25395,22105,resumo_mensal,2007-08.pdf,56
2007-09,automoveis,172738,198511,resumo_mensal,2007-09.pdf,57
2007-09,comerciais_leves,21360,25395,resumo_mensal,2007-09.pdf,57
2007-10,automoveis,206380,172738,resumo_mensal,2007-10.pdf,58
2007-10,comerciais_leves,26128,21360,resumo_mensal,2007-10.pdf,58
2007-11,automoveis,200820,206380,resumo_mensal,2007-11.pdf,59
2007-11,comerciais_leves,24925,26128,resumo_mensal,2007-11.pdf,59
2007-12,automoveis,205475,200820,resumo_mensal,2007-12.pdf,60
2007-12,comerciais_leves,25835,24925,resumo_mensal,2007-12.pdf,60
2008-01,automoveis,180331,205475,resumo_mensal,2008-01.pdf,61
2008-01,comerciais_leves,25115,25835,resumo_mensal,2008-01.pdf,61
2008-02,automoveis,167344,180331,resumo_mensal,2008-02.pdf,62
2008-02,comerciais_leves,23762,25115,resumo_mensal,2008-02.pdf,62
2008-03,automoveis,194031,167344,resumo_mensal,2008-03.pdf,63
2008-03,comerciais_leves,26868,23754,resumo_mensal,2008-03.pdf,63
2008-04,automoveis,218005,194031,resumo_mensal,2008-04.pdf,64
2008-04,comerciais_leves,30009,26875,resumo_mensal,2008-04.pdf,64
2008-05,automoveis,203243,218005,resumo_mensal,2008-05.pdf,65
2008-05,comerciais_leves,26717,30009,resumo_mensal,2008-05.pdf,65
2008-06,automoveis,213068,203243,resumo_mensal,2008-06.pdf,66
2008-06,comerciais_leves,29787,26717,resumo_mensal,2008-06.pdf,66
2008-07,automoveis,239158,213068,resumo_mensal,2008-07.pdf,67
2008-07,comerciais_leves,33815,29787,resumo_mensal,2008-07.pdf,67
2008-08,automoveis,201124,239158,resumo_mensal,2008-08.pdf,68
2008-08,comerciais_leves,29983,33815,resumo_mensal,2008-08.pdf,68
2008-09,automoveis,223766,201124,resumo_mensal,2008-09.pdf,69
2008-09,comerciais_leves,30380,29983,resumo_mensal,2008-09.pdf,69
2008-10,automoveis,195234,223766,resumo_mensal,2008-10.pdf,70
2008-10,comerciais_leves,29524,30380,resumo_mensal,2008-10.pdf,70
2008-11,automoveis,143415,195234,resumo_mensal,2008-11.pdf,71
2008-11,comerciais_leves,22863,29524,resumo_mensal,2008-11.pdf,71
2008-12,automoveis,163262,143415,resumo_mensal,2008-12.pdf,72
2008-12,comerciais_leves,20632,22863,resumo_mensal,2008-12.pdf,72
2009-01,automoveis,169897,163262,resumo_mensal,2009-01.pdf,73
2009-01,comerciais_leves,19869,20632,resumo_mensal,2009-01.pdf,73
2009-02,automoveis,167531,169897,resumo_mensal,2009-02.pdf,74
2009-02,comerciais_leves,23812,19869,resumo_mensal,2009-02.pdf,74
2009-03,automoveis,229493,167531,resumo_mensal,2009-03.pdf,75
2009-03,comerciais_leves,31494,23812,resumo_mensal,2009-03.pdf,75
2009-04,automoveis,197372,229493,resumo_mensal,2009-04.pdf,76
2009-04,comerciais_leves,27022,31494,resumo_mensal,2009-04.pdf,76
2009-05,automoveis,208959,197372,resumo_mensal,2009-05.pdf,77
2009-05,comerciais_leves,28404,27022,resumo_mensal,2009-05.pdf,77
2009-06,automoveis,257212,208959,resumo_mensal,2009-06.pdf,78
2009-06,comerciais_leves,32553,28404,resumo_mensal,2009-06.pdf,78
2009-07,automoveis,239653,257212,resumo_mensal,2009-07.pdf,79
2009-07,comerciais_leves,33958,32553,resumo_mensal,2009-07.pdf,79
2009-08,automoveis,216470,239653,resumo_mensal,2009-08.pdf,80
2009-08,comerciais_leves,31070,33958,resumo_mensal,2009-08.pdf,80
2009-09,automoveis,264957,216470,resumo_mensal,2009-09.pdf,81
2009-09,comerciais_leves,31696,31070,resumo_mensal,2009-09.pdf,81
2009-10,automoveis,247230,264957,resumo_mensal,2009-10.pdf,82
2009-10,comerciais_leves,34082,31696,resumo_mensal,2009-10.pdf,82
2009-11,automoveis,205803,247230,resumo_mensal,2009-11.pdf,83
2009-11,comerciais_leves,32663,34082,resumo_mensal,2009-11.pdf,83
2009-12,automoveis,240033,205803,resumo_mensal,2009-12.pdf,84
2009-12,comerciais_leves,37861,32663,resumo_mensal,2009-12.pdf,84
2010-01,automoveis,172364,240033,resumo_mensal,2010-01.pdf,85
2010-01,comerciais_leves,29360,37861,resumo_mensal,2010-01.pdf,85
2010-02,automoveis,181804,172364,resumo_mensal,2010-02.pdf,86
2010-02,comerciais_leves,29556,29360,resumo_mensal,2010-02.pdf,86
2010-03,automoveis,295447,181804,resumo_mensal,2010-03.pdf,87
2010-03,comerciais_leves,41912,29556,resumo_mensal,2010-03.pdf,87
2010-04,automoveis,225311,295447,resumo_mensal,2010-04.pdf,88
2010-04,comerciais_leves,36559,41912,resumo_mensal,2010-04.pdf,88
2010-05,automoveis,198288,225311,resumo_mensal,2010-05.pdf,89
2010-05,comerciais_leves,37470,36559,resumo_mensal,2010-05.pdf,89
2010-06,automoveis,208158,198288,resumo_mensal,2010-06.pdf,90
2010-06,comerciais_leves,39313,37470,resumo_mensal,2010-06.pdf,90
2010-07,automoveis,243242,208158,resumo_mensal,2010-07.pdf,91
2010-07,comerciais_leves,41955,39313,resumo_mensal,2010-07.pdf,91
2010-08,automoveis,255060,243242,resumo_mensal,2010-08.pdf,92
2010-08,comerciais_leves,41505,41955,resumo_mensal,2010-08.pdf,92
2010-09,automoveis,250784,255060,resumo_mensal,2010-09.pdf,93
2010-09,comerciais_leves,40621,41505,resumo_mensal,2010-09.pdf,93
2010-10,automoveis,246034,250784,resumo_mensal,2010-10.pdf,94
2010-10,comerciais_leves,41546,40621,resumo_mensal,2010-10.pdf,94
2010-11,automoveis,268606,246034,resumo_mensal,2010-11.pdf,95
2010-11,comerciais_leves,42752,41546,resumo_mensal,2010-11.pdf,95
2010-12,automoveis,312741,268606,resumo_mensal,2010-12.pdf,96
2010-12,comerciais_leves,48476,42752,resumo_mensal,2010-12.pdf,96
2011-01,automoveis,196008,312741,resumo_mensal,2011-01.pdf,97
2011-01,comerciais_leves,34105,48476,resumo_mensal,2011-01.pdf,97
2011-02,automoveis,219235,196008,resumo_mensal,2011-02.pdf,98
2011-02,comerciais_leves,39554,34105,resumo_mensal,2011-02.pdf,98
2011-03,automoveis,243956,219235,resumo_mensal,2011-03.pdf,99
2011-03,comerciais_leves,44754,39554,resumo_mensal,2011-03.pdf,99
2011-04,automoveis,231736,243956,resumo_mensal,2011-04.pdf,100
2011-04,comerciais_leves,41145,44754,resumo_mensal,2011-04.pdf,100
2011-05,automoveis,254055,231736,resumo_mensal,2011-05.pdf,101
2011-05,comerciais_leves,46431,41145,resumo_mensal,2011-05.pdf,101
2011-06,automoveis,242728,254055,resumo_mensal,2011-06.pdf,102
2011-06,comerciais_leves,44180,46431,resumo_mensal,2011-06.pdf,102
2011-07,automoveis,242128,242728,resumo_mensal,2011-07.pdf,103
2011-07,comerciais_leves,45819,44180,resumo_mensal,2011-07.pdf,103
2011-08,automoveis,258206,242128,resumo_mensal,2011-08.pdf,104
2011-08,comerciais_leves,49558,45819,resumo_mensal,2011-08.pdf,104
2011-09,automoveis,249575,258206,resumo_mensal,2011-09.pdf,105
2011-09,comerciais_leves,44004,49558,resumo_mensal,2011-09.pdf,105
2011-10,automoveis,223586,249575,resumo_mensal,2011-10.pdf,106
2011-10,comerciais_leves,40195,44004,resumo_mensal,2011-10.pdf,106
2011-11,automoveis,259285,223586,resumo_mensal,2011-11.pdf,107
2011-11,comerciais_leves,45906,40195,resumo_mensal,2011-11.pdf,107
2011-12,automoveis,281655,259285,resumo_mensal,2011-12.pdf,108
2011-12,comerciais_leves,47547,45906,resumo_mensal,2011-12.pdf,108
2012-01,automoveis,215432,281655,resumo_mensal,2012-01.pdf,109
2012-01,comerciais_leves,37223,47547,resumo_mensal,2012-01.pdf,109
2012-02,automoveis,201936,215432,resumo_mensal,2012-02.pdf,110
2012-02,comerciais_leves,33894,37223,resumo_mensal,2012-02.pdf,110
2012-03,automoveis,240644,201936,resumo_mensal,2012-03.pdf,111
2012-03,comerciais_leves,43445,33894,resumo_mensal,2012-03.pdf,111
2012-04,automoveis,207947,240644,resumo_mensal,2012-04.pdf,112
2012-04,comerciais_leves,36872,43445,resumo_mensal,2012-04.pdf,112
2012-05,automoveis,231589,207947,resumo_mensal,2012-05.pdf,113
2012-05,comerciais_leves,42764,36872,resumo_mensal,2012-05.pdf,113
2012-06,automoveis,299317,231589,resumo_mensal,2012-06.pdf,114
2012-06,comerciais_leves,41350,42764,resumo_mensal,2012-06.pdf,114
2012-07,automoveis,304151,299317,resumo_mensal,2012-07.pdf,115
2012-07,comerciais_leves,47234,41350,resumo_mensal,2012-07.pdf,115
2012-08,automoveis,352048,304151,resumo_mensal,2012-08.pdf,116
2012-08,comerciais_leves,53421,47234,resumo_mensal,2012-08.pdf,116
2012-09,automoveis,235077,352048,resumo_mensal,2012-09.pdf,117
2012-09,comerciais_leves,42508,53421,resumo_mensal,2012-09.pdf,117
2012-10,automoveis,277598,235077,resumo_mensal,2012-10.pdf,118
2012-10,comerciais_leves,49313,42508,resumo_mensal,2012-10.pdf,118
2012-11,automoveis,254755,277598,resumo_mensal,2012-11.pdf,119
2012-11,comerciais_leves,42245,49313,resumo_mensal,2012-11.pdf,119
2012-12,automoveis,295012,254755,resumo_mensal,2012-12.pdf,120
2012-12,comerciais_leves,48731,42245,resumo_mensal,2012-12.pdf,120
2013-01,automoveis,253429,295012,resumo_mensal,2013-01.pdf,121
2013-01,comerciais_leves,43423,48731,resumo_mensal,2013-01.pdf,121
2013-02,automoveis,187320,253429,resumo_mensal,2013-02.pdf,122
2013-02,comerciais_leves,35159,43423,resumo_mensal,2013-02.pdf,122
2013-03,automoveis,227273,187320,resumo_mensal,2013-03.pdf,123
2013-03,comerciais_leves,41044,35159,resumo_mensal,2013-03.pdf,123
2013-04,automoveis,270481,227273,resumo_mensal,2013-04.pdf,124
2013-04,comerciais_leves,46189,41044,resumo_mensal,2013-04.pdf,124
2013-05,automoveis,256351,270481,resumo_mensal,2013-05.pdf,125
2013-05,comerciais_leves,44231,46189,resumo_mensal,2013-05.pdf,125
2013-06,automoveis,256606,256351,resumo_mensal,2013-06.pdf,126
2013-06,comerciais_leves,46281,44231,resumo_mensal,2013-06.pdf,126
2013-07,automoveis,275878,256606,resumo_mensal,2013-07.pdf,127
2013-07,comerciais_leves,48039,46281,resumo_mensal,2013-07.pdf,127
2013-08,automoveis,266284,275878,resumo_mensal,2013-08.pdf,128
2013-08,comerciais_leves,46405,48039,resumo_mensal,2013-08.pdf,128
2013-09,automoveis,245803,266284,resumo_mensal,2013-09.pdf,129
2013-09,comerciais_leves,48114,46405,resumo_mensal,2013-09.pdf,129
2013-10,automoveis,266996,245803,resumo_mensal,2013-10.pdf,130
2013-10,comerciais_leves,46476,48114,resumo_mensal,2013-10.pdf,130
2013-11,automoveis,247875,266996,resumo_mensal,2013-11.pdf,131
2013-11,comerciais_leves,40311,46476,resumo_mensal,2013-11.pdf,131
2013-12,automoveis,287567,247875,resumo_mensal,2013-12.pdf,132
2013-12,comerciais_leves,48359,40311,resumo_mensal,2013-12.pdf,132
2014-01,automoveis,255437,287567,resumo_mensal,2014-01.pdf,133
2014-01,comerciais_leves,44300,48359,resumo_mensal,2014-01.pdf,133
2014-02,automoveis,204155,255437,resumo_mensal,2014-02.pdf,134
2014-02,comerciais_leves,41749,44300,resumo_mensal,2014-02.pdf,134
2014-03,automoveis,189961,204155,resumo_mensal,2014-03.pdf,135
2014-03,comerciais_leves,38739,41749,resumo_mensal,2014-03.pdf,135
2014-04,automoveis,234956,189961,resumo_mensal,2014-04.pdf,136
2014-04,comerciais_leves,44771,38739,resumo_mensal,2014-04.pdf,136
2014-05,automoveis,232623,234956,resumo_mensal,2014-05.pdf,137
2014-05,comerciais_leves,45263,44771,resumo_mensal,2014-05.pdf,137
2014-06,automoveis,211418,232623,resumo_mensal,2014-06.pdf,138
2014-06,comerciais_leves,39201,45263,resumo_mensal,2014-06.pdf,138
2014-07,automoveis,234608,211418,resumo_mensal,2014-07.pdf,139
2014-07,comerciais_leves,45181,39201,resumo_mensal,2014-07.pdf,139
2014-08,automoveis,217040,234608,resumo_mensal,2014-08.pdf,140
2014-08,comerciais_leves,42070,45181,resumo_mensal,2014-08.pdf,140
2014-09,automoveis,234533,217040,resumo_mensal,2014-09.pdf,141
2014-09,comerciais_leves,47954,42070,resumo_mensal,2014-09.pdf,141
2014-10,automoveis,242710,234533,resumo_mensal,2014-10.pdf,142
2014-10,comerciais_leves,48667,47954,resumo_mensal,2014-10.pdf,142
2014-11,automoveis,234777,242710,resumo_mensal,2014-11.pdf,143
2014-11,comerciais_leves,45037,48667,resumo_mensal,2014-11.pdf,143
2014-12,automoveis,302916,234777,resumo_mensal,2014-12.pdf,144
2014-12,comerciais_leves,50651,45037,resumo_mensal,2014-12.pdf,144
2015-01,automoveis,206164,302916,resumo_mensal,2015-01.pdf,145
2015-01,comerciais_leves,37720,50651,resumo_mensal,2015-01.pdf,145
2015-02,automoveis,149834,206164,resumo_mensal,2015-02.pdf,146
2015-02,comerciais_leves,28972,37720,resumo_mensal,2015-02.pdf,146
2015-03,automoveis,189874,149834,resumo_mensal,2015-03.pdf,147
2015-03,comerciais_leves,36103,28972,resumo_mensal,2015-03.pdf,147
2015-04,automoveis,179231,189868,resumo_mensal,2015-04.pdf,148
2015-04,comerciais_leves,32401,36102,resumo_mensal,2015-04.pdf,148
2015-05,automoveis,175636,179223,resumo_mensal,2015-05.pdf,149
2015-05,comerciais_leves,29342,32402,resumo_mensal,2015-05.pdf,149
2015-06,automoveis,175269,175624,resumo_mensal,2015-06.pdf,150
2015-06,comerciais_leves,29354,29338,resumo_mensal,2015-06.pdf,150
2015-07,automoveis,187008,175261,resumo_mensal,2015-07.pdf,151
2015-07,comerciais_leves,32402,29352,resumo_mensal,2015-07.pdf,151
2015-08,automoveis,172636,187002,resumo_mensal,2015-08.pdf,152
2015-08,comerciais_leves,27217,32398,resumo_mensal,2015-08.pdf,152
2015-09,automoveis,166361,172630,resumo_mensal,2015-09.pdf,153
2015-09,comerciais_leves,26249,27215,resumo_mensal,2015-09.pdf,153
2015-10,automoveis,161604,166357,resumo_mensal,2015-10.pdf,154
2015-10,comerciais_leves,23687,26248,resumo_mensal,2015-10.pdf,154
2015-11,automoveis,165986,161592,resumo_mensal,2015-11.pdf,155
2015-11,comerciais_leves,23372,23684,resumo_mensal,2015-11.pdf,155
2015-12,automoveis,193217,165970,resumo_mensal,2015-12.pdf,156
2015-12,comerciais_leves,27439,23373,resumo_mensal,2015-12.pdf,156
2016-01,automoveis,131272,193203,resumo_mensal,2016-01.pdf,157
2016-01,comerciais_leves,18427,27437,resumo_mensal,2016-01.pdf,157
2016-02,automoveis,122702,131255,resumo_mensal,2016-02.pdf,158
2016-02,comerciais_leves,19366,18425,resumo_mensal,2016-02.pdf,158
2016-03,automoveis,147655,122734,resumo_mensal,2016-03.pdf,159
2016-03,comerciais_leves,25620,19367,resumo_mensal,2016-03.pdf,159
2016-04,automoveis,132032,147650,resumo_mensal,2016-04.pdf,160
2016-04,comerciais_leves,25547,25620,resumo_mensal,2016-04.pdf,160
2016-05,automoveis,137448,132062,resumo_mensal,2016-05.pdf,161
2016-05,comerciais_leves,24722,25548,resumo_mensal,2016-05.pdf,161
2016-06,automoveis,139559,137440,resumo_mensal,2016-06.pdf,162
2016-06,comerciais_leves,26851,24721,resumo_mensal,2016-06.pdf,162
2016-07,automoveis,146590,139572,resumo_mensal,2016-07.pdf,163
2016-07,comerciais_leves,28202,26850,resumo_mensal,2016-07.pdf,163
2016-08,automoveis,148888,146582,resumo_mensal,2016-08.pdf,164
2016-08,comerciais_leves,29215,28198,resumo_mensal,2016-08.pdf,164
2016-09,automoveis,130854,148886,resumo_mensal,2016-09.pdf,165
2016-09,comerciais_leves,24122,29214,resumo_mensal,2016-09.pdf,165
2016-10,automoveis,132230,130853,resumo_mensal,2016-10.pdf,166
2016-10,comerciais_leves,22645,24122,resumo_mensal,2016-10.pdf,166
2016-11,automoveis,148687,132358,resumo_mensal,2016-11.pdf,167
2016-11,comerciais_leves,24874,22510,resumo_mensal,2016-11.pdf,167
2016-12,automoveis,169990,148686,resumo_mensal,2016-12.pdf,168
2016-12,comerciais_leves,29023,24873,resumo_mensal,2016-12.pdf,168
2017-01,automoveis,121399,169976,resumo_mensal,2017-01.pdf,169
2017-01,comerciais_leves,22181,29022,resumo_mensal,2017-01.pdf,169
2017-02,automoveis,112383,121385,resumo_mensal,2017-02.pdf,170
2017-02,comerciais_leves,20022,22176,resumo_mensal,2017-02.pdf,170
2017-03,automoveis,158084,112379,resumo_mensal,2017-03.pdf,171
2017-03,comerciais_leves,25766,20019,resumo_mensal,2017-03.pdf,171
2017-04,automoveis,131516,158068,resumo_mensal,2017-04.pdf,172
2017-04,comerciais_leves,20867,25764,resumo_mensal,2017-04.pdf,172
2017-05,automoveis,163294,131507,resumo_mensal,2017-05.pdf,173
2017-05,comerciais_leves,26837,20859,resumo_mensal,2017-05.pdf,173
2017-06,automoveis,161199,163288,resumo_mensal,2017-06.pdf,174
2017-06,comerciais_leves,28030,26834,resumo_mensal,2017-06.pdf,174
2017-07,automoveis,151703,161192,resumo_mensal,2017-07.pdf,175
2017-07,comerciais_leves,27144,28030,resumo_mensal,2017-07.pdf,175
2017-08,automoveis,180888,151688,resumo_mensal,2017-08.pdf,176
2017-08,comerciais_leves,28983,27133,resumo_mensal,2017-08.pdf,176
2017-09,automoveis,168016,180883,resumo_mensal,2017-09.pdf,177
2017-09,comerciais_leves,25564,28979,resumo_mensal,2017-09.pdf,177
2017-10,automoveis,166834,168008,resumo_mensal,2017-10.pdf,178
2017-10,comerciais_leves,29801,25562,resumo_mensal,2017-10.pdf,178
2017-11,automoveis,168875,166827,resumo_mensal,2017-11.pdf,179
2017-11,comerciais_leves,28372,29799,resumo_mensal,2017-11.pdf,179
2017-12,automoveis,171988,168888,resumo_mensal,2017-12.pdf,180
2017-12,comerciais_leves,32864,28366,resumo_mensal,2017-12.pdf,180
2018-01,automoveis,148898,171978,resumo_mensal,2018-01.pdf,181
2018-01,comerciais_leves,26656,32865,resumo_mensal,2018-01.pdf,181
2018-02,automoveis,129739,148897,resumo_mensal,2018-02.pdf,182
2018-02,comerciais_leves,21952,26649,resumo_mensal,2018-02.pdf,182
2018-03,automoveis,172739,129720,resumo_mensal,2018-03.pdf,183
2018-03,comerciais_leves,27362,21950,resumo_mensal,2018-03.pdf,183
2018-04,automoveis,178699,172725,resumo_mensal,2018-04.pdf,184
2018-04,comerciais_leves,31296,27360,resumo_mensal,2018-04.pdf,184
2018-05,automoveis,164426,178812,resumo_mensal,2018-05.pdf,185
2018-05,comerciais_leves,30496,31158,resumo_mensal,2018-05.pdf,185
2018-06,automoveis,163508,164413,resumo_mensal,2018-06.pdf,186
2018-06,comerciais_leves,31546,30496,resumo_mensal,2018-06.pdf,186
2018-07,automoveis,176067,163508,resumo_mensal,2018-07.pdf,187
2018-07,comerciais_leves,32484,31546,resumo_mensal,2018-07.pdf,187
2018-08,automoveis,203926,176056,resumo_mensal,2018-08.pdf,188
2018-08,comerciais_leves,35319,32475,resumo_mensal,2018-08.pdf,188
2018-09,automoveis,173193,203911,resumo_mensal,2018-09.pdf,189
2018-09,comerciais_leves,31540,35316,resumo_mensal,2018-09.pdf,189
2018-10,automoveis,208814,173182,resumo_mensal,2018-10.pdf,190
2018-10,comerciais_leves,35926,31538,resumo_mensal,2018-10.pdf,190
2018-11,automoveis,192146,208807,resumo_mensal,2018-11.pdf,191
2018-11,comerciais_leves,29171,35925,resumo_mensal,2018-11.pdf,191
2018-12,automoveis,189411,192135,resumo_mensal,2018-12.pdf,192
2018-12,comerciais_leves,35590,29169,resumo_mensal,2018-12.pdf,192
2019-01,automoveis,163796,189389,resumo_mensal,2019-01.pdf,193
2019-01,comerciais_leves,26956,35588,resumo_mensal,2019-01.pdf,193
2019-02,automoveis,162537,163786,resumo_mensal,2019-02.pdf,194
2019-02,comerciais_leves,27313,26866,resumo_mensal,2019-02.pdf,194
2019-03,automoveis,170483,162519,resumo_mensal,2019-03.pdf,195
2019-03,comerciais_leves,29067,27325,resumo_mensal,2019-03.pdf,195
2019-04,automoveis,189097,170461,resumo_mensal,2019-04.pdf,196
2019-04,comerciais_leves,32224,29067,resumo_mensal,2019-04.pdf,196
2019-05,automoveis,198779,189087,resumo_mensal,2019-05.pdf,197
2019-05,comerciais_leves,35394,32221,resumo_mensal,2019-05.pdf,197
2019-06,automoveis,181291,198769,resumo_mensal,2019-06.pdf,198
2019-06,comerciais_leves,32147,35393,resumo_mensal,2019-06.pdf,198
2019-07,automoveis,195854,181279,resumo_mensal,2019-07.pdf,199
2019-07,comerciais_leves,36389,32149,resumo_mensal,2019-07.pdf,199
2019-08,automoveis,195927,195845,resumo_mensal,2019-08.pdf,200
2019-08,comerciais_leves,34791,36380,resumo_mensal,2019-08.pdf,200
2019-09,automoveis,187816,195921,resumo_mensal,2019-09.pdf,201
2019-09,comerciais_leves,35424,34791,resumo_mensal,2019-09.pdf,201
2019-10,automoveis,204523,187795,resumo_mensal,2019-10.pdf,202
2019-10,comerciais_leves,36652,35422,resumo_mensal,2019-10.pdf,202
2019-11,automoveis,196769,204511,resumo_mensal,2019-11.pdf,203
2019-11,comerciais_leves,34154,36646,resumo_mensal,2019-11.pdf,203
2019-12,automoveis,215348,196756,resumo_mensal,2019-12.pdf,204
2019-12,comerciais_leves,36625,34150,resumo_mensal,2019-12.pdf,204
2020-01,automoveis,154572,215171,resumo_mensal,2020-01.pdf,205
2020-01,comerciais_leves,29553,36624,resumo_mensal,2020-01.pdf,205
2020-02,automoveis,165140,154563,resumo_mensal,2020-02.pdf,206
2020-02,comerciais_leves,27499,29554,resumo_mensal,2020-02.pdf,206
2020-03,automoveis,131249,165127,resumo_mensal,2020-03.pdf,207
2020-03,comerciais_leves,24561,27500,resumo_mensal,2020-03.pdf,207
2020-04,automoveis,39498,131249,resumo_mensal,2020-04.pdf,208
2020-04,comerciais_leves,11864,24558,resumo_mensal,2020-04.pdf,208
2020-05,automoveis,44139,39493,resumo_mensal,2020-05.pdf,209
2020-05,comerciais_leves,12500,11862,resumo_mensal,2020-05.pdf,209
2020-06,automoveis,102400,44138,resumo_mensal,2020-06.pdf,210
2020-06,comerciais_leves,20372,12497,resumo_mensal,2020-06.pdf,210
2020-07,automoveis,134944,102394,resumo_mensal,2020-07.pdf,211
2020-07,comerciais_leves,28139,20371,resumo_mensal,2020-07.pdf,211
2020-08,automoveis,142046,134938,resumo_mensal,2020-08.pdf,212
2020-08,comerciais_leves,31498,28137,resumo_mensal,2020-08.pdf,212
2020-09,automoveis,161086,142030,resumo_mensal,2020-09.pdf,213
2020-09,comerciais_leves,37699,31497,resumo_mensal,2020-09.pdf,213
2020-10,automoveis,168464,161082,resumo_mensal,2020-10.pdf,214
2020-10,comerciais_leves,36780,37699,resumo_mensal,2020-10.pdf,214
2020-11,automoveis,177565,168454,resumo_mensal,2020-11.pdf,215
2020-11,comerciais_leves,36700,36778,resumo_mensal,2020-11.pdf,215
2020-12,automoveis,194679,177561,resumo_mensal,2020-12.pdf,216
2020-12,comerciais_leves,38135,36699,resumo_mensal,2020-12.pdf,216
2021-01,automoveis,130800,194668,resumo_mensal,2021-01.pdf,217
2021-01,comerciais_leves,31767,38127,resumo_mensal,2021-01.pdf,217
2021-02,automoveis,128099,130794,resumo_mensal,2021-02.pdf,218
2021-02,comerciais_leves,30138,31762,resumo_mensal,2021-02.pdf,218
2021-03,automoveis,141938,128091,resumo_mensal,2021-03.pdf,219
2021-03,comerciais_leves,35171,30135,resumo_mensal,2021-03.pdf,219
2021-04,automoveis,127453,141928,resumo_mensal,2021-04.pdf,220
2021-04,comerciais_leves,36449,35169,resumo_mensal,2021-04.pdf,220
2021-05,automoveis,142673,127444,resumo_mensal,2021-05.pdf,221
2021-05,comerciais_leves,32732,36444,resumo_mensal,2021-05.pdf,221
2021-06,automoveis,133318,142662,resumo_mensal,2021-06.pdf,222
2021-06,comerciais_leves,36271,32729,resumo_mensal,2021-06.pdf,222
2021-07,automoveis,123579,133306,resumo_mensal,2021-07.pdf,223
2021-07,comerciais_leves,38825,36269,resumo_mensal,2021-07.pdf,223
2021-08,automoveis,119813,123571,resumo_mensal,2021-08.pdf,224
2021-08,comerciais_leves,38701,38821,resumo_mensal,2021-08.pdf,224
2021-09,automoveis,109077,119801,resumo_mensal,2021-09.pdf,225
2021-09,comerciais_leves,33277,38700,resumo_mensal,2021-09.pdf,225
2021-10,automoveis,119315,109065,resumo_mensal,2021-10.pdf,226
2021-10,comerciais_leves,30764,33274,resumo_mensal,2021-10.pdf,226
2021-11,automoveis,125974,119307,resumo_mensal,2021-11.pdf,227
2021-11,comerciais_leves,35053,30761,resumo_mensal,2021-11.pdf,227
2021-12,automoveis,156146,125967,resumo_mensal,2021-12.pdf,228
2021-12,comerciais_leves,37409,35049,resumo_mensal,2021-12.pdf,228
2022-01,automoveis,92212,156132,resumo_mensal,2022-01.pdf,229
2022-01,comerciais_leves,24389,37409,resumo_mensal,2022-01.pdf,229
2022-02,automoveis,97590,92206,resumo_mensal,2022-02.pdf,230
2022-02,comerciais_leves,22602,24391,resumo_mensal,2022-02.pdf,230
2022-03,automoveis,108244,100006,resumo_mensal,2022-03.pdf,231
2022-03,comerciais_leves,26660,23029,resumo_mensal,2022-03.pdf,231
2022-04,automoveis,109684,108230,resumo_mensal,2022-04.pdf,232
2022-04,comerciais_leves,26657,26658,resumo_mensal,2022-04.pdf,232
2022-05,automoveis,139472,109687,resumo_mensal,2022-05.pdf,233
2022-05,comerciais_leves,35342,26653,resumo_mensal,2022-05.pdf,233
2022-06,automoveis,133587,139465,resumo_mensal,2022-06.pdf,234
2022-06,comerciais_leves,31883,35487,resumo_mensal,2022-06.pdf,234
2022-07,automoveis,135522,133577,resumo_mensal,2022-07.pdf,235
2022-07,comerciais_leves,33571,31878,resumo_mensal,2022-07.pdf,235
2022-08,automoveis,155095,135518,resumo_mensal,2022-08.pdf,236
2022-08,comerciais_leves,39047,33570,resumo_mensal,2022-08.pdf,236
2022-09,automoveis,143210,155202,resumo_mensal,2022-09.pdf,237
2022-09,comerciais_leves,37214,39047,resumo_mensal,2022-09.pdf,237
2022-10,automoveis,137003,143208,resumo_mensal,2022-10.pdf,238
2022-10,comerciais_leves,31471,37214,resumo_mensal,2022-10.pdf,238
2022-11,automoveis,158766,136997,resumo_mensal,2022-11.pdf,239
2022-11,comerciais_leves,33178,31475,resumo_mensal,2022-11.pdf,239
2022-12,automoveis,164169,158766,resumo_mensal,2022-12.pdf,240
2022-12,comerciais_leves,38007,33180,resumo_mensal,2022-12.pdf,240
2023-01,automoveis,103872,164160,resumo_mensal,2023-01.pdf,241
2023-01,comerciais_leves,26588,38005,resumo_mensal,2023-01.pdf,241
2023-02,automoveis,95809,103871,resumo_mensal,2023-02.pdf,242
2023-02,comerciais_leves,23946,26588,resumo_mensal,2023-02.pdf,242
2023-03,automoveis,146174,95817,resumo_mensal,2023-03.pdf,243
2023-03,comerciais_leves,40409,23952,resumo_mensal,2023-03.pdf,243
2023-04,automoveis,118127,146165,resumo_mensal,2023-04.pdf,244
2023-04,comerciais_leves,33594,40409,resumo_mensal,2023-04.pdf,244
2023-05,automoveis,127482,118123,resumo_mensal,2023-05.pdf,245
2023-05,comerciais_leves,38879,33593,resumo_mensal,2023-05.pdf,245
2023-06,automoveis,142017,127478,resumo_mensal,2023-06.pdf,246
2023-06,comerciais_leves,37674,38874,resumo_mensal,2023-06.pdf,246
2023-07,automoveis,176742,142011,resumo_mensal,2023-07.pdf,247
2023-07,comerciais_leves,38969,37674,resumo_mensal,2023-07.pdf,247
2023-08,automoveis,153478,176734,resumo_mensal,2023-08.pdf,248
2023-08,comerciais_leves,43400,38971,resumo_mensal,2023-08.pdf,248
2023-09,automoveis,145676,,coluna de mes anterior do informe de 2023-10,2023-10.pdf,250
2023-09,comerciais_leves,41754,,coluna de mes anterior do informe de 2023-10,2023-10.pdf,250
2023-10,automoveis,163134,145676,resumo_mensal,2023-10.pdf,250
2023-10,comerciais_leves,43535,41754,resumo_mensal,2023-10.pdf,250
2023-11,automoveis,160693,163154,resumo_mensal,2023-11.pdf,251
2023-11,comerciais_leves,40956,43544,resumo_mensal,2023-11.pdf,251
2023-12,automoveis,187751,160685,resumo_mensal,2023-12.pdf,252
2023-12,comerciais_leves,48846,40960,resumo_mensal,2023-12.pdf,252
2024-01,automoveis,118507,187746,resumo_mensal,2024-01.pdf,253
2024-01,comerciais_leves,33555,48844,resumo_mensal,2024-01.pdf,253
2024-02,automoveis,120315,118503,resumo_mensal,2024-02.pdf,254
2024-02,comerciais_leves,34968,33553,resumo_mensal,2024-02.pdf,254
2024-03,automoveis,137889,120303,resumo_mensal,2024-03.pdf,255
2024-03,comerciais_leves,38093,34967,resumo_mensal,2024-03.pdf,255
2024-04,automoveis,164365,137882,resumo_mensal,2024-04.pdf,256
2024-04,comerciais_leves,43713,38093,resumo_mensal,2024-04.pdf,256
2024-05,automoveis,144027,164335,resumo_mensal,2024-05.pdf,257
2024-05,comerciais_leves,39187,43739,resumo_mensal,2024-05.pdf,257
2024-06,automoveis,163808,144014,resumo_mensal,2024-06.pdf,258
2024-06,comerciais_leves,38666,39181,resumo_mensal,2024-06.pdf,258
2024-07,automoveis,178047,163799,resumo_mensal,2024-07.pdf,259
2024-07,comerciais_leves,49253,38664,resumo_mensal,2024-07.pdf,259
2024-08,automoveis,170995,178045,resumo_mensal,2024-08.pdf,260
2024-08,comerciais_leves,52201,49247,resumo_mensal,2024-08.pdf,260
2024-09,automoveis,171658,170985,resumo_mensal,2024-09.pdf,261
2024-09,comerciais_leves,51028,52199,resumo_mensal,2024-09.pdf,261
2024-10,automoveis,195201,171652,resumo_mensal,2024-10.pdf,262
2024-10,comerciais_leves,54695,51023,resumo_mensal,2024-10.pdf,262
2024-11,automoveis,193730,195191,resumo_mensal,2024-11.pdf,263
2024-11,comerciais_leves,47461,54695,resumo_mensal,2024-11.pdf,263
2024-12,automoveis,189862,193718,resumo_mensal,2024-12.pdf,264
2024-12,comerciais_leves,53829,47460,resumo_mensal,2024-12.pdf,264
2025-01,automoveis,123359,189839,resumo_mensal,2025-01.pdf,265
2025-01,comerciais_leves,36487,53824,resumo_mensal,2025-01.pdf,265
2025-02,automoveis,134772,123345,resumo_mensal,2025-02.pdf,266
2025-02,comerciais_leves,39037,36483,resumo_mensal,2025-02.pdf,266
2025-03,automoveis,141542,134772,resumo_mensal,2025-03.pdf,267
2025-03,comerciais_leves,42504,39037,resumo_mensal,2025-03.pdf,267
2025-04,automoveis,152267,141542,resumo_mensal,2025-04.pdf,268
2025-04,comerciais_leves,44786,42504,resumo_mensal,2025-04.pdf,268
2025-05,automoveis,167540,152267,resumo_mensal,2025-05.pdf,269
2025-05,comerciais_leves,46817,44786,resumo_mensal,2025-05.pdf,269
2025-06,automoveis,159128,167540,resumo_mensal,2025-06.pdf,270
2025-06,comerciais_leves,43036,46817,resumo_mensal,2025-06.pdf,270
2025-07,automoveis,181787,159122,resumo_mensal,2025-07.pdf,271
2025-07,comerciais_leves,48161,43035,resumo_mensal,2025-07.pdf,271
2025-08,automoveis,172280,181765,resumo_mensal,2025-08.pdf,272
2025-08,comerciais_leves,42210,48231,resumo_mensal,2025-08.pdf,272
2025-09,automoveis,178548,172262,resumo_mensal,2025-09.pdf,273
2025-09,comerciais_leves,52822,42210,resumo_mensal,2025-09.pdf,273
2025-10,automoveis,192752,178537,resumo_mensal,2025-10.pdf,274
2025-10,comerciais_leves,55125,52812,resumo_mensal,2025-10.pdf,274
2025-11,automoveis,182044,192739,resumo_mensal,2025-11.pdf,275
2025-11,comerciais_leves,45130,55123,resumo_mensal,2025-11.pdf,275
2025-12,automoveis,210732,182029,resumo_mensal,2025-12.pdf,276
2025-12,comerciais_leves,56385,45124,resumo_mensal,2025-12.pdf,276
2026-01,automoveis,125136,210714,resumo_mensal,2026-01.pdf,277
2026-01,comerciais_leves,37348,56380,resumo_mensal,2026-01.pdf,277
2026-02,automoveis,140548,125127,resumo_mensal,2026-02.pdf,278
2026-02,comerciais_leves,36249,37347,resumo_mensal,2026-02.pdf,278
2026-03,automoveis,206375,140537,resumo_mensal,2026-03.pdf,279
2026-03,comerciais_leves,51848,36245,resumo_mensal,2026-03.pdf,279
2026-04,automoveis,187313,206361,resumo_mensal,2026-04.pdf,280
2026-04,comerciais_leves,49943,51848,resumo_mensal,2026-04.pdf,280
2026-05,automoveis,214300,187297,resumo_mensal,2026-05.pdf,281
2026-05,comerciais_leves,49743,49939,resumo_mensal,2026-05.pdf,281
2026-06,automoveis,212902,214281,resumo_mensal,2026-06.pdf,282
2026-06,comerciais_leves,47565,49730,resumo_mensal,2026-06.pdf,282
2026-07,automoveis,212691,212879,resumo_mensal,2026-07.pdf,283
2026-07,comerciais_leves,53004,47566,resumo_mensal,2026-07.pdf,283
2026-08,automoveis,212876,212678,resumo_mensal,2026-08.pdf,284
2026-08,comerciais_leves,50178,53001,resumo_mensal,2026-08.pdf,284
