mes,linhas,situacao,metodo_predominante,arquivo_origem
2003-01,162,ok,texto,dados/bruto/pdf/2003-01.pdf
2003-02,160,ok,texto,dados/bruto/pdf/2003-02.pdf
2003-03,171,ok,texto,dados/bruto/pdf/2003-03.pdf
2003-04,175,ok,texto,dados/bruto/pdf/2003-04.pdf
2003-05,174,ok,texto,dados/bruto/pdf/2003-05.pdf
2003-06,177,ok,texto,dados/bruto/pdf/2003-06.pdf
2003-07,176,ok,texto,dados/bruto/pdf/2003-07.pdf
2003-08,181,ok,texto,dados/bruto/pdf/2003-08.pdf
2003-09,180,ok,texto,dados/bruto/pdf/2003-09.pdf
2003-10,89,ok,texto,dados/bruto/pdf/2003-10.pdf
2003-11,183,ok,texto,dados/bruto/pdf/2003-11.pdf
2003-12,181,ok,texto,dados/bruto/pdf/2003-12.pdf
2004-01,167,ok,texto,dados/bruto/pdf/2004-01.pdf
2004-02,163,ok,texto,dados/bruto/pdf/2004-02.pdf
2004-03,170,ok,texto,dados/bruto/pdf/2004-03.pdf
2004-04,169,ok,texto,dados/bruto/pdf/2004-04.pdf
2004-05,174,ok,texto,dados/bruto/pdf/2004-05.pdf
2004-06,172,ok,texto,dados/bruto/pdf/2004-06.pdf
2004-07,179,ok,texto,dados/bruto/pdf/2004-07.pdf
2004-08,179,ok,texto,dados/bruto/pdf/2004-08.pdf
2004-09,181,ok,texto,dados/bruto/pdf/2004-09.pdf
2004-10,182,ok,texto,dados/bruto/pdf/2004-10.pdf
2004-11,178,ok,texto,dados/bruto/pdf/2004-11.pdf
2004-12,180,ok,texto,dados/bruto/pdf/2004-12.pdf
2005-01,166,ok,texto,dados/bruto/pdf/2005-01.pdf
2005-02,160,ok,texto,dados/bruto/pdf/2005-02.pdf
2005-03,87,ok,texto,dados/bruto/pdf/2005-03.pdf
2005-04,171,ok,texto,dados/bruto/pdf/2005-04.pdf
2005-05,169,ok,texto,dados/bruto/pdf/2005-05.pdf
2005-06,181,ok,texto,dados/bruto/pdf/2005-06.pdf
2005-07,179,ok,texto,dados/bruto/pdf/2005-07.pdf
2005-08,183,ok,texto,dados/bruto/pdf/2005-08.pdf
2005-09,183,ok,texto,dados/bruto/pdf/2005-09.pdf
2005-10,182,ok,texto,dados/bruto/pdf/2005-10.pdf
2005-11,182,ok,texto,dados/bruto/pdf/2005-11.pdf
2005-12,183,ok,texto,dados/bruto/pdf/2005-12.pdf
2006-01,164,ok,texto,dados/bruto/pdf/2006-01.pdf
2006-02,165,ok,texto,dados/bruto/pdf/2006-02.pdf
2006-03,173,ok,texto,dados/bruto/pdf/2006-03.pdf
2006-04,178,ok,texto,dados/bruto/pdf/2006-04.pdf
2006-05,178,ok,texto,dados/bruto/pdf/2006-05.pdf
2006-06,177,ok,texto,dados/bruto/pdf/2006-06.pdf
2006-07,181,ok,texto,dados/bruto/pdf/2006-07.pdf
2006-08,182,ok,texto,dados/bruto/pdf/2006-08.pdf
2006-09,187,ok,texto,dados/bruto/pdf/2006-09.pdf
2006-10,190,ok,texto,dados/bruto/pdf/2006-10.pdf
2006-11,189,ok,texto,dados/bruto/pdf/2006-11.pdf
2006-12,189,ok,texto,dados/bruto/pdf/2006-12.pdf
2007-01,177,ok,texto,dados/bruto/pdf/2007-01.pdf
2007-02,175,ok,texto,dados/bruto/pdf/2007-02.pdf
2007-03,176,ok,texto,dados/bruto/pdf/2007-03.pdf
2007-04,181,ok,texto,dados/bruto/pdf/2007-04.pdf
2007-05,185,ok,texto,dados/bruto/pdf/2007-05.pdf
2007-06,184,ok,texto,dados/bruto/pdf/2007-06.pdf
2007-07,188,ok,texto,dados/bruto/pdf/2007-07.pdf
2007-08,188,ok,texto,dados/bruto/pdf/2007-08.pdf
2007-09,188,ok,texto,dados/bruto/pdf/2007-09.pdf
2007-10,192,ok,texto,dados/bruto/pdf/2007-10.pdf
2007-11,191,ok,texto,dados/bruto/pdf/2007-11.pdf
2007-12,193,ok,texto,dados/bruto/pdf/2007-12.pdf
2008-01,183,ok,texto,dados/bruto/pdf/2008-01.pdf
2008-02,180,ok,texto,dados/bruto/pdf/2008-02.pdf
2008-03,190,ok,texto,dados/bruto/pdf/2008-03.pdf
2008-04,189,ok,texto,dados/bruto/pdf/2008-04.pdf
2008-05,194,ok,texto,dados/bruto/pdf/2008-05.pdf
2008-06,195,ok,texto,dados/bruto/pdf/2008-06.pdf
2008-07,198,ok,texto,dados/bruto/pdf/2008-07.pdf
2008-08,195,ok,texto,dados/bruto/pdf/2008-08.pdf
2008-09,202,ok,texto,dados/bruto/pdf/2008-09.pdf
2008-10,204,ok,texto,dados/bruto/pdf/2008-10.pdf
2008-11,200,ok,texto,dados/bruto/pdf/2008-11.pdf
2008-12,201,ok,texto,dados/bruto/pdf/2008-12.pdf
2009-01,188,ok,texto,dados/bruto/pdf/2009-01.pdf
2009-02,186,ok,texto,dados/bruto/pdf/2009-02.pdf
2009-03,201,ok,texto,dados/bruto/pdf/2009-03.pdf
2009-04,205,ok,texto,dados/bruto/pdf/2009-04.pdf
2009-05,204,ok,texto,dados/bruto/pdf/2009-05.pdf
2009-06,203,ok,texto,dados/bruto/pdf/2009-06.pdf
2009-07,203,ok,texto,dados/bruto/pdf/2009-07.pdf
2009-08,208,ok,texto,dados/bruto/pdf/2009-08.pdf
2009-09,207,ok,texto,dados/bruto/pdf/2009-09.pdf
2009-10,207,ok,texto,dados/bruto/pdf/2009-10.pdf
2009-11,209,ok,texto,dados/bruto/pdf/2009-11.pdf
2009-12,208,ok,texto,dados/bruto/pdf/2009-12.pdf
2010-01,203,ok,texto,dados/bruto/pdf/2010-01.pdf
2010-02,194,ok,texto,dados/bruto/pdf/2010-02.pdf
2010-03,203,ok,texto,dados/bruto/pdf/2010-03.pdf
2010-04,205,ok,texto,dados/bruto/pdf/2010-04.pdf
2010-05,206,ok,texto,dados/bruto/pdf/2010-05.pdf
2010-06,205,ok,texto,dados/bruto/pdf/2010-06.pdf
2010-07,205,ok,texto,dados/bruto/pdf/2010-07.pdf
2010-08,200,ok,texto,dados/bruto/pdf/2010-08.pdf
2010-09,205,ok,texto,dados/bruto/pdf/2010-09.pdf
2010-10,205,ok,texto,dados/bruto/pdf/2010-10.pdf
2010-11,205,ok,texto,dados/bruto/pdf/2010-11.pdf
2010-12,205,ok,texto,dados/bruto/pdf/2010-12.pdf
2011-01,198,ok,texto,dados/bruto/pdf/2011-01.pdf
2011-02,199,ok,texto,dados/bruto/pdf/2011-02.pdf
2011-03,200,ok,texto,dados/bruto/pdf/2011-03.pdf
2011-04,200,ok,texto,dados/bruto/pdf/2011-04.pdf
2011-05,201,ok,texto,dados/bruto/pdf/2011-05.pdf
2011-06,201,ok,texto,dados/bruto/pdf/2011-06.pdf
2011-07,202,ok,texto,dados/bruto/pdf/2011-07.pdf
2011-08,203,ok,texto,dados/bruto/pdf/2011-08.pdf
2011-09,204,ok,texto,dados/bruto/pdf/2011-09.pdf
2011-10,204,ok,texto,dados/bruto/pdf/2011-10.pdf
2011-11,205,ok,texto,dados/bruto/pdf/2011-11.pdf
2011-12,205,ok,texto,dados/bruto/pdf/2011-12.pdf
2012-01,196,ok,texto,dados/bruto/pdf/2012-01.pdf
2012-02,198,ok,texto,dados/bruto/pdf/2012-02.pdf
2012-03,198,ok,texto,dados/bruto/pdf/2012-03.pdf
2012-04,199,ok,texto,dados/bruto/pdf/2012-04.pdf
2012-05,201,ok,texto,dados/bruto/pdf/2012-05.pdf
2012-06,203,ok,texto,dados/bruto/pdf/2012-06.pdf
2012-07,204,ok,texto,dados/bruto/pdf/2012-07.pdf
2012-08,204,ok,texto,dados/bruto/pdf/2012-08.pdf
2012-09,204,ok,texto,dados/bruto/pdf/2012-09.pdf
2012-10,206,ok,texto,dados/bruto/pdf/2012-10.pdf
2012-11,206,ok,texto,dados/bruto/pdf/2012-11.pdf
2012-12,205,ok,texto,dados/bruto/pdf/2012-12.pdf
2013-01,197,ok,texto,dados/bruto/pdf/2013-01.pdf
2013-02,197,ok,texto,dados/bruto/pdf/2013-02.pdf
2013-03,199,ok,texto,dados/bruto/pdf/2013-03.pdf
2013-04,199,ok,texto,dados/bruto/pdf/2013-04.pdf
2013-05,198,ok,texto,dados/bruto/pdf/2013-05.pdf
2013-06,199,ok,texto,dados/bruto/pdf/2013-06.pdf
2013-07,199,ok,texto,dados/bruto/pdf/2013-07.pdf
2013-08,199,ok,texto,dados/bruto/pdf/2013-08.pdf
2013-09,199,ok,texto,dados/bruto/pdf/2013-09.pdf
2013-10,199,ok,texto,dados/bruto/pdf/2013-10.pdf
2013-11,205,ok,texto,dados/bruto/pdf/2013-11.pdf
2013-12,200,ok,texto,dados/bruto/pdf/2013-12.pdf
2014-01,200,ok,texto,dados/bruto/pdf/2014-01.pdf
2014-02,199,ok,texto,dados/bruto/pdf/2014-02.pdf
2014-03,200,ok,texto,dados/bruto/pdf/2014-03.pdf
2014-04,200,ok,texto,dados/bruto/pdf/2014-04.pdf
2014-05,200,ok,texto,dados/bruto/pdf/2014-05.pdf
2014-06,200,ok,texto,dados/bruto/pdf/2014-06.pdf
2014-07,201,ok,texto,dados/bruto/pdf/2014-07.pdf
2014-08,201,ok,texto,dados/bruto/pdf/2014-08.pdf
2014-09,202,ok,texto,dados/bruto/pdf/2014-09.pdf
2014-10,202,ok,texto,dados/bruto/pdf/2014-10.pdf
2014-11,202,ok,texto,dados/bruto/pdf/2014-11.pdf
2014-12,203,ok,texto,dados/bruto/pdf/2014-12.pdf
2015-01,199,ok,texto,dados/bruto/pdf/2015-01.pdf
2015-02,199,ok,texto,dados/bruto/pdf/2015-02.pdf
2015-03,199,ok,texto,dados/bruto/pdf/2015-03.pdf
2015-04,198,ok,texto,dados/bruto/pdf/2015-04.pdf
2015-05,200,ok,texto,dados/bruto/pdf/2015-05.pdf
2015-06,201,ok,texto,dados/bruto/pdf/2015-06.pdf
2015-07,201,ok,texto,dados/bruto/pdf/2015-07.pdf
2015-08,200,ok,texto,dados/bruto/pdf/2015-08.pdf
2015-09,202,ok,texto,dados/bruto/pdf/2015-09.pdf
2015-10,203,ok,texto,dados/bruto/pdf/2015-10.pdf
2015-11,202,ok,texto,dados/bruto/pdf/2015-11.pdf
2015-12,201,ok,texto,dados/bruto/pdf/2015-12.pdf
2016-01,196,ok,texto,dados/bruto/pdf/2016-01.pdf
2016-02,195,ok,texto,dados/bruto/pdf/2016-02.pdf
2016-03,196,ok,texto,dados/bruto/pdf/2016-03.pdf
2016-04,192,ok,texto,dados/bruto/pdf/2016-04.pdf
2016-05,199,ok,texto,dados/bruto/pdf/2016-05.pdf
2016-06,198,ok,texto,dados/bruto/pdf/2016-06.pdf
2016-07,199,ok,texto,dados/bruto/pdf/2016-07.pdf
2016-08,200,ok,texto,dados/bruto/pdf/2016-08.pdf
2016-09,202,ok,texto,dados/bruto/pdf/2016-09.pdf
2016-10,202,ok,texto,dados/bruto/pdf/2016-10.pdf
2016-11,203,ok,texto,dados/bruto/pdf/2016-11.pdf
2016-12,202,ok,texto,dados/bruto/pdf/2016-12.pdf
2017-01,192,ok,texto,dados/bruto/pdf/2017-01.pdf
2017-02,190,ok,texto,dados/bruto/pdf/2017-02.pdf
2017-03,197,ok,texto,dados/bruto/pdf/2017-03.pdf
2017-04,194,ok,texto,dados/bruto/pdf/2017-04.pdf
2017-05,199,ok,texto,dados/bruto/pdf/2017-05.pdf
2017-06,199,ok,texto,dados/bruto/pdf/2017-06.pdf
2017-07,201,ok,texto,dados/bruto/pdf/2017-07.pdf
2017-08,200,ok,texto,dados/bruto/pdf/2017-08.pdf
2017-09,196,ok,texto,dados/bruto/pdf/2017-09.pdf
2017-10,202,ok,texto,dados/bruto/pdf/2017-10.pdf
2017-11,203,ok,texto,dados/bruto/pdf/2017-11.pdf
2017-12,202,ok,texto,dados/bruto/pdf/2017-12.pdf
2018-01,192,ok,texto,dados/bruto/pdf/2018-01.pdf
2018-02,184,ok,texto,dados/bruto/pdf/2018-02.pdf
2018-03,191,ok,texto,dados/bruto/pdf/2018-03.pdf
2018-04,193,ok,texto,dados/bruto/pdf/2018-04.pdf
2018-05,196,ok,texto,dados/bruto/pdf/2018-05.pdf
2018-06,196,ok,texto,dados/bruto/pdf/2018-06.pdf
2018-07,197,ok,texto,dados/bruto/pdf/2018-07.pdf
2018-08,197,ok,texto,dados/bruto/pdf/2018-08.pdf
2018-09,190,ok,texto,dados/bruto/pdf/2018-09.pdf
2018-10,197,ok,texto,dados/bruto/pdf/2018-10.pdf
2018-11,197,ok,texto,dados/bruto/pdf/2018-11.pdf
2018-12,200,ok,texto,dados/bruto/pdf/2018-12.pdf
2019-01,193,ok,texto,dados/bruto/pdf/2019-01.pdf
2019-02,188,ok,texto,dados/bruto/pdf/2019-02.pdf
2019-03,185,ok,texto,dados/bruto/pdf/2019-03.pdf
2019-04,192,ok,texto,dados/bruto/pdf/2019-04.pdf
2019-05,197,ok,texto,dados/bruto/pdf/2019-05.pdf
2019-06,193,ok,texto,dados/bruto/pdf/2019-06.pdf
2019-07,198,ok,texto,dados/bruto/pdf/2019-07.pdf
2019-08,195,ok,texto,dados/bruto/pdf/2019-08.pdf
2019-09,198,ok,texto,dados/bruto/pdf/2019-09.pdf
2019-10,198,ok,texto,dados/bruto/pdf/2019-10.pdf
2019-11,194,ok,texto,dados/bruto/pdf/2019-11.pdf
2019-12,199,ok,texto,dados/bruto/pdf/2019-12.pdf
2020-01,189,ok,texto,dados/bruto/pdf/2020-01.pdf
2020-02,194,ok,texto,dados/bruto/pdf/2020-02.pdf
2020-03,190,ok,texto,dados/bruto/pdf/2020-03.pdf
2020-04,185,ok,texto_glifos,dados/bruto/pdf/2020-04.pdf
2020-05,188,ok,texto_glifos,dados/bruto/pdf/2020-05.pdf
2020-06,194,ok,texto_glifos,dados/bruto/pdf/2020-06.pdf
2020-07,193,ok,texto,dados/bruto/pdf/2020-07.pdf
2020-08,191,ok,texto,dados/bruto/pdf/2020-08.pdf
2020-09,192,ok,texto,dados/bruto/pdf/2020-09.pdf
2020-10,193,ok,texto,dados/bruto/pdf/2020-10.pdf
2020-11,195,ok,texto,dados/bruto/pdf/2020-11.pdf
2020-12,189,ok,texto,dados/bruto/pdf/2020-12.pdf
2021-01,178,ok,texto,dados/bruto/pdf/2021-01.pdf
2021-02,184,ok,texto,dados/bruto/pdf/2021-02.pdf
2021-03,189,ok,texto,dados/bruto/pdf/2021-03.pdf
2021-04,192,ok,texto,dados/bruto/pdf/2021-04.pdf
2021-05,195,ok,texto,dados/bruto/pdf/2021-05.pdf
2021-06,192,ok,texto,dados/bruto/pdf/2021-06.pdf
2021-07,193,ok,texto,dados/bruto/pdf/2021-07.pdf
2021-08,191,ok,texto,dados/bruto/pdf/2021-08.pdf
2021-09,198,ok,texto,dados/bruto/pdf/2021-09.pdf
2021-10,190,ok,texto,dados/bruto/pdf/2021-10.pdf
2021-11,196,ok,texto,dados/bruto/pdf/2021-11.pdf
2021-12,198,ok,texto,dados/bruto/pdf/2021-12.pdf
2022-01,179,ok,texto,dados/bruto/pdf/2022-01.pdf
2022-02,178,ok,texto,dados/bruto/pdf/2022-02.pdf
2022-03,184,ok,texto,dados/bruto/pdf/2022-03.pdf
2022-04,188,ok,texto,dados/bruto/pdf/2022-04.pdf
2022-05,193,ok,texto,dados/bruto/pdf/2022-05.pdf
2022-06,195,ok,texto,dados/bruto/pdf/2022-06.pdf
2022-07,193,ok,texto,dados/bruto/pdf/2022-07.pdf
2022-08,198,ok,texto,dados/bruto/pdf/2022-08.pdf
2022-09,196,ok,texto,dados/bruto/pdf/2022-09.pdf
2022-10,195,ok,texto,dados/bruto/pdf/2022-10.pdf
2022-11,193,ok,texto,dados/bruto/pdf/2022-11.pdf
2022-12,194,ok,texto,dados/bruto/pdf/2022-12.pdf
2023-01,178,ok,texto,dados/bruto/pdf/2023-01.pdf
2023-02,177,ok,texto,dados/bruto/pdf/2023-02.pdf
2023-03,187,ok,texto,dados/bruto/pdf/2023-03.pdf
2023-04,187,ok,texto,dados/bruto/pdf/2023-04.pdf
2023-05,188,ok,texto,dados/bruto/pdf/2023-05.pdf
2023-06,191,ok,texto,dados/bruto/pdf/2023-06.pdf
2023-07,192,ok,texto,dados/bruto/pdf/2023-07.pdf
2023-08,192,ok,texto,dados/bruto/pdf/2023-08.pdf
2023-09,167,ok_reconstruido,reconstruido,dados/bruto/pdf/2023-09.pdf
2023-10,195,ok,texto,dados/bruto/pdf/2023-10.pdf
2023-11,194,ok,texto,dados/bruto/pdf/2023-11.pdf
2023-12,188,ok,texto,dados/bruto/pdf/2023-12.pdf
2024-01,175,ok,texto_glifos,dados/bruto/pdf/2024-01.pdf
2024-02,172,ok,texto,dados/bruto/pdf/2024-02.pdf
2024-03,181,ok,texto,dados/bruto/pdf/2024-03.pdf
2024-04,183,ok,texto_glifos,dados/bruto/pdf/2024-04.pdf
2024-05,188,ok,texto_glifos,dados/bruto/pdf/2024-05.pdf
2024-06,188,ok,texto,dados/bruto/pdf/2024-06.pdf
2024-07,189,ok,texto,dados/bruto/pdf/2024-07.pdf
2024-08,192,ok,texto,dados/bruto/pdf/2024-08.pdf
2024-09,192,ok,texto,dados/bruto/pdf/2024-09.pdf
2024-10,191,ok,texto,dados/bruto/pdf/2024-10.pdf
2024-11,192,ok,texto,dados/bruto/pdf/2024-11.pdf
2024-12,192,ok,texto,dados/bruto/pdf/2024-12.pdf
2025-01,173,ok,texto,dados/bruto/pdf/2025-01.pdf
2025-02,171,ok,texto,dados/bruto/pdf/2025-02.pdf
2025-03,174,ok,texto,dados/bruto/pdf/2025-03.pdf
2025-04,176,ok,texto,dados/bruto/pdf/2025-04.pdf
2025-05,179,ok,texto,dados/bruto/pdf/2025-05.pdf
2025-06,181,ok,texto,dados/bruto/pdf/2025-06.pdf
2025-07,181,ok,texto,dados/bruto/pdf/2025-07.pdf
2025-08,182,ok,texto,dados/bruto/pdf/2025-08.pdf
2025-09,183,ok,texto,dados/bruto/pdf/2025-09.pdf
2025-10,184,ok,texto,dados/bruto/pdf/2025-10.pdf
2025-11,191,ok,texto,dados/bruto/pdf/2025-11.pdf
2025-12,189,ok,texto,dados/bruto/pdf/2025-12.pdf
2026-01,177,ok,texto,dados/bruto/pdf/2026-01.pdf
2026-02,182,ok,texto,dados/bruto/pdf/2026-02.pdf
2026-03,184,ok,texto,dados/bruto/pdf/2026-03.pdf
2026-04,188,ok,texto,dados/bruto/pdf/2026-04.pdf
2026-05,190,ok,texto,dados/bruto/pdf/2026-05.pdf
2026-06,192,ok,texto,dados/bruto/pdf/2026-06.pdf
2026-07,194,ok,texto,dados/bruto/pdf/2026-07.pdf
2026-08,195,ok,texto,dados/bruto/pdf/2026-08.pdf
