mes,segmento,origem_tabela,sub_segmento_fonte,posicao_fonte,nome_completo_fonte,unidades_mes,unidades_mes_anterior,unidades_acumulado,participacao_pct,pagina,metodo_extracao,arquivo_origem
2003-08,automoveis,sub_segmento,Veículos de Entrada,1,VW/GOL,14590,15753,109043,30.70,10,texto,2003-08.pdf
2003-08,automoveis,sub_segmento,Veículos de Entrada,2,FIAT/PALIO,7836,7577,69246,19.50,10,texto,2003-08.pdf
2003-08,automoveis,sub_segmento,Veículos de Entrada,3,GM/CELTA,7845,8351,68630,19.33,10,texto,2003-08.pdf
2003-08,automoveis,sub_segmento,Veículos de Entrada,4,FIAT/UNO,5688,8277,52770,14.86,10,texto,2003-08.pdf
2003-08,automoveis,sub_segmento,Veículos de Entrada,5,PEUGEOT/206,2398,2435,20958,5.90,10,texto,2003-08.pdf
2003-08,automoveis,sub_segmento,Veículos de Entrada,6,RENAULT/CLIO,1747,2728,18979,5.34,10,texto,2003-08.pdf
2003-08,automoveis,sub_segmento,Veículos de Entrada,7,FORD/KA,1994,2266,15503,4.37,10,texto,2003-08.pdf
2003-08,automoveis,sub_segmento,Veículos de Entrada,8,PEUGEOT/106,0,0,3,0.00,10,texto,2003-08.pdf
2003-08,automoveis,sub_segmento,Veículos de Entrada,9,VW/FUSCA,0,0,3,0.00,10,texto,2003-08.pdf
2003-08,automoveis,sub_segmento,Hatch Pequenos,1,FORD/FIESTA,4718,5152,42292,53.26,10,texto,2003-08.pdf
2003-08,automoveis,sub_segmento,Hatch Pequenos,2,GM/CORSA,2050,3034,20613,25.96,10,texto,2003-08.pdf
2003-08,automoveis,sub_segmento,Hatch Pequenos,3,VW/POLO,908,1213,14580,18.36,10,texto,2003-08.pdf
2003-08,automoveis,sub_segmento,Hatch Pequenos,4,CITROEN/C3,573,468,1578,1.99,10,texto,2003-08.pdf
2003-08,automoveis,sub_segmento,Hatch Pequenos,5,RENAULT/TWINGO,1,1,328,0.41,10,texto,2003-08.pdf
2003-08,automoveis,sub_segmento,Hatch Pequenos,6,MINI/COOPER,4,0,9,0.01,10,texto,2003-08.pdf
2003-08,automoveis,sub_segmento,Hatch Pequenos,7,GM/KADETT,0,2,6,0.01,10,texto,2003-08.pdf
2003-08,automoveis,sub_segmento,Hatch Pequenos,8,MCC/SMART,0,0,1,0.00,10,texto,2003-08.pdf
2003-08,automoveis,sub_segmento,Hatch Pequenos,9,PEUGEOT/205,0,0,1,0.00,10,texto,2003-08.pdf
2003-08,automoveis,sub_segmento,Hatch Médios,1,GM/ASTRA,1274,1266,11928,26.01,10,texto,2003-08.pdf
2003-08,automoveis,sub_segmento,Hatch Médios,2,VW/GOLF,667,997,10930,23.84,10,texto,2003-08.pdf
2003-08,automoveis,sub_segmento,Hatch Médios,3,FIAT/STILO,1072,1195,10290,22.44,10,texto,2003-08.pdf
2003-08,automoveis,sub_segmento,Hatch Médios,4,FORD/FOCUS,850,515,5725,12.49,10,texto,2003-08.pdf
2003-08,automoveis,sub_segmento,Hatch Médios,5,AUDI/A3,487,507,5378,11.73,10,texto,2003-08.pdf
2003-08,automoveis,sub_segmento,Hatch Médios,6,PEUGEOT/307,209,217,1604,3.50,10,texto,2003-08.pdf
2003-08,automoveis,sub_segmento,Sedans Pequenos,1,GM/CLASSIC,3456,5167,36201,44.60,11,texto,2003-08.pdf
2003-08,automoveis,sub_segmento,Sedans Pequenos,2,FIAT/SIENA,2409,2941,21221,26.14,11,texto,2003-08.pdf
2003-08,automoveis,sub_segmento,Sedans Pequenos,3,GM/CORSA SEDAN,1870,2010,17454,21.50,11,texto,2003-08.pdf
2003-08,automoveis,sub_segmento,Sedans Pequenos,4,RENAULT/CLIO SEDAN,1093,1275,6278,7.73,11,texto,2003-08.pdf
2003-08,automoveis,sub_segmento,Sedans Pequenos,5,SEAT/CORDOBA,1,0,6,0.01,11,texto,2003-08.pdf
2003-08,automoveis,sub_segmento,Sedans Pequenos,6,VW/VOYAGE,0,2,4,0.00,11,texto,2003-08.pdf
2003-08,automoveis,sub_segmento,Sedans Pequenos,7,FIAT/PREMIO,1,0,2,0.00,11,texto,2003-08.pdf
2003-08,automoveis,sub_segmento,Sedans Pequenos,8,VW/APOLLO,0,0,1,0.00,11,texto,2003-08.pdf
2003-08,automoveis,sub_segmento,Sedans Compactos,1,GM/ASTRA SEDAN,1049,1265,10210,55.63,11,texto,2003-08.pdf
2003-08,automoveis,sub_segmento,Sedans Compactos,2,VW/POLO SEDAN,762,965,8124,44.27,11,texto,2003-08.pdf
2003-08,automoveis,sub_segmento,Sedans Compactos,3,FORD/VERSAILLES,3,0,7,0.04,11,texto,2003-08.pdf
2003-08,automoveis,sub_segmento,Sedans Compactos,4,GM/MONZA,1,3,6,0.03,11,texto,2003-08.pdf
2003-08,automoveis,sub_segmento,Sedans Compactos,5,VW/LOGUS,1,0,5,0.03,11,texto,2003-08.pdf
2003-08,automoveis,sub_segmento,Sedans Compactos,6,FORD/VERONA,1,0,1,0.01,11,texto,2003-08.pdf
2003-08,automoveis,sub_segmento,Sedans médios,1,TOYOTA/COROLLA,3144,3345,21631,43.70,12,texto,2003-08.pdf
2003-08,automoveis,sub_segmento,Sedans médios,2,HONDA/CIVIC,1118,1032,10993,22.21,12,texto,2003-08.pdf
2003-08,automoveis,sub_segmento,Sedans médios,3,VW/SANTANA,706,892,8488,17.15,12,texto,2003-08.pdf
2003-08,automoveis,sub_segmento,Sedans médios,4,FORD/FOCUS SEDAN,423,331,3140,6.34,12,texto,2003-08.pdf
2003-08,automoveis,sub_segmento,Sedans médios,5,GM/VECTRA,291,385,2656,5.37,12,texto,2003-08.pdf
2003-08,automoveis,sub_segmento,Sedans médios,6,FIAT/MAREA,80,134,1712,3.46,12,texto,2003-08.pdf
2003-08,automoveis,sub_segmento,Sedans médios,7,RENAULT/MEGANE,43,57,671,1.36,12,texto,2003-08.pdf
2003-08,automoveis,sub_segmento,Sedans médios,8,M.BENZ/CLASSE C,6,2,88,0.18,12,texto,2003-08.pdf
2003-08,automoveis,sub_segmento,Sedans médios,9,VW/BORA,12,14,79,0.16,12,texto,2003-08.pdf
2003-08,automoveis,sub_segmento,Sedans médios,10,M.BENZ/CLK,2,7,25,0.05,12,texto,2003-08.pdf
2003-08,automoveis,sub_segmento,Sedans médios,11,HYUNDAI/ELANTRA,1,2,8,0.02,12,texto,2003-08.pdf
2003-08,automoveis,sub_segmento,Sedans médios,12,FIAT/TEMPRA,0,0,5,0.01,12,texto,2003-08.pdf
2003-08,automoveis,sub_segmento,Sedans médios,13,HYUNDAI/ACCENT,0,0,2,0.00,12,texto,2003-08.pdf
2003-08,automoveis,sub_segmento,Sedans médios,14,DAEWOO/ESPERO,0,0,1,0.00,12,texto,2003-08.pdf
2003-08,automoveis,sub_segmento,Sedans médios,15,FORD/DEL REY,0,0,1,0.00,12,texto,2003-08.pdf
2003-08,automoveis,sub_segmento,Sedans médios,16,OPEL/OPEL VECTRA,1,0,1,0.00,12,texto,2003-08.pdf
2003-08,automoveis,sub_segmento,Sedans médios,17,RENAULT/19,0,0,1,0.00,12,texto,2003-08.pdf
2003-08,automoveis,sub_segmento,Sedans Grandes,1,CITROEN/C5,46,56,538,22.52,12,texto,2003-08.pdf
2003-08,automoveis,sub_segmento,Sedans Grandes,2,GM/OMEGA,102,39,359,15.03,12,texto,2003-08.pdf
2003-08,automoveis,sub_segmento,Sedans Grandes,3,AUDI/A4,46,28,337,14.11,12,texto,2003-08.pdf
2003-08,automoveis,sub_segmento,Sedans Grandes,4,M.BENZ/C180,13,32,190,7.95,12,texto,2003-08.pdf
2003-08,automoveis,sub_segmento,Sedans Grandes,5,BMW/320,32,29,173,7.24,12,texto,2003-08.pdf
2003-08,automoveis,sub_segmento,Sedans Grandes,6,HONDA/ACCORD,17,18,131,5.48,12,texto,2003-08.pdf
2003-08,automoveis,sub_segmento,Sedans Grandes,7,VW/PASSAT,2,11,131,5.48,12,texto,2003-08.pdf
2003-08,automoveis,sub_segmento,Sedans Grandes,8,M.BENZ/CLASSE E,16,24,116,4.86,12,texto,2003-08.pdf
2003-08,automoveis,sub_segmento,Sedans Grandes,9,PEUGEOT/406,2,2,114,4.77,12,texto,2003-08.pdf
2003-08,automoveis,sub_segmento,Sedans Grandes,10,BMW/330,14,16,111,4.65,12,texto,2003-08.pdf
2003-08,automoveis,sub_segmento,Sedans Grandes,11,FORD/MONDEO,12,11,104,4.35,12,texto,2003-08.pdf
2003-08,automoveis,sub_segmento,Sedans Grandes,12,VOLVO/V40,12,13,85,3.56,12,texto,2003-08.pdf
2003-08,automoveis,sub_segmento,Sw Médios,1,FIAT/PALIO WEEKEND,1674,1678,14711,62.14,13,texto,2003-08.pdf
2003-08,automoveis,sub_segmento,Sw Médios,2,VW/PARATI,824,1003,8555,36.14,13,texto,2003-08.pdf
2003-08,automoveis,sub_segmento,Sw Médios,3,PEUGEOT/206SW,195,175,380,1.61,13,texto,2003-08.pdf
2003-08,automoveis,sub_segmento,Sw Médios,4,PEUGEOT/406,2,2,28,0.12,13,texto,2003-08.pdf
2003-08,automoveis,sub_segmento,Sw Grandes,1,FIAT/MAREA WEEKEND,54,65,684,63.51,13,texto,2003-08.pdf
2003-08,automoveis,sub_segmento,Sw Grandes,2,PEUGEOT/307SW,44,40,284,26.37,13,texto,2003-08.pdf
2003-08,automoveis,sub_segmento,Sw Grandes,3,VW/PASSAT,4,8,42,3.90,13,texto,2003-08.pdf
2003-08,automoveis,sub_segmento,Sw Grandes,4,AUDI/A4 AVANT,6,3,38,3.53,13,texto,2003-08.pdf
2003-08,automoveis,sub_segmento,Sw Grandes,5,VOLVO/V70,0,3,18,1.67,13,texto,2003-08.pdf
2003-08,automoveis,sub_segmento,Sw Grandes,6,VW/QUANTUM,3,1,9,0.84,13,texto,2003-08.pdf
2003-08,automoveis,sub_segmento,Sw Grandes,7,DODGE/CARAVAN,1,0,1,0.09,13,texto,2003-08.pdf
2003-08,automoveis,sub_segmento,Sw Grandes,8,GM/OMEGA,0,1,1,0.09,13,texto,2003-08.pdf
2003-08,automoveis,sub_segmento,Monocab,1,GM/MERIVA,1554,1367,12987,45.77,13,texto,2003-08.pdf
2003-08,automoveis,sub_segmento,Monocab,2,HONDA/FIT,1719,1583,5903,20.80,13,texto,2003-08.pdf
2003-08,automoveis,sub_segmento,Monocab,3,M.BENZ/CLASSE A,646,607,4471,15.76,13,texto,2003-08.pdf
2003-08,automoveis,sub_segmento,Monocab,4,FIAT/DOBLO,402,403,3729,13.14,13,texto,2003-08.pdf
2003-08,automoveis,sub_segmento,Monocab,5,RENAULT/KANGOO,87,128,877,3.09,13,texto,2003-08.pdf
2003-08,automoveis,sub_segmento,Monocab,6,CITROEN/BERLI,30,57,357,1.26,13,texto,2003-08.pdf
2003-08,automoveis,sub_segmento,Monocab,7,MITSUBISHI/SPACE WAGON,1,4,26,0.09,13,texto,2003-08.pdf
2003-08,automoveis,sub_segmento,Monocab,8,HYUNDAI/ATOS,0,1,22,0.08,13,texto,2003-08.pdf
2003-08,automoveis,sub_segmento,Monocab,9,MAZDA/MPV,0,0,1,0.00,13,texto,2003-08.pdf
2003-08,automoveis,sub_segmento,Grandcab,1,RENAULT/SCENIC,889,794,6760,35.29,14,texto,2003-08.pdf
2003-08,automoveis,sub_segmento,Grandcab,2,CITROEN/XSARA PICASSO,638,728,6677,34.86,14,texto,2003-08.pdf
2003-08,automoveis,sub_segmento,Grandcab,3,GM/ZAFIRA,622,573,5429,28.34,14,texto,2003-08.pdf
2003-08,automoveis,sub_segmento,Grandcab,4,CITROEN/XSARA,2,4,288,1.50,14,texto,2003-08.pdf
2003-08,automoveis,sub_segmento,Sports,1,JAGUAR/S-TYPE,2,11,40,20.30,14,texto,2003-08.pdf
2003-08,automoveis,sub_segmento,Sports,2,JAGUAR/X-TYPE,3,7,36,18.27,14,texto,2003-08.pdf
2003-08,automoveis,sub_segmento,Sports,3,AUDI/S3,3,2,22,11.17,14,texto,2003-08.pdf
2003-08,automoveis,sub_segmento,Sports,4,BMW/Z430,3,5,22,11.17,14,texto,2003-08.pdf
2003-08,automoveis,sub_segmento,Sports,5,AUDI/COUPE,1,3,21,10.66,14,texto,2003-08.pdf
2003-08,automoveis,sub_segmento,Sports,6,BMW/M3,1,0,16,8.12,14,texto,2003-08.pdf
2003-08,automoveis,sub_segmento,Sports,7,JAGUAR/S TYPE,2,2,15,7.61,14,texto,2003-08.pdf
2003-08,automoveis,sub_segmento,Sports,8,AUDI/A6,1,4,14,7.11,14,texto,2003-08.pdf
2003-08,automoveis,sub_segmento,Sports,9,PORSCHE/911,2,2,11,5.58,14,texto,2003-08.pdf
2003-08,automoveis,sub_segmento,Suv's,1,FORD/ECOSPORT,2550,2852,13127,59.92,15,texto,2003-08.pdf
2003-08,automoveis,sub_segmento,Suv's,2,MITSUBISHI/PAJERO,441,506,3306,15.09,15,texto,2003-08.pdf
2003-08,automoveis,sub_segmento,Suv's,3,GM/BLAZER,119,218,1488,6.79,15,texto,2003-08.pdf
2003-08,automoveis,sub_segmento,Suv's,4,TROLLER/T4,66,73,609,2.78,15,texto,2003-08.pdf
2003-08,automoveis,sub_segmento,Suv's,5,LAND ROVER/DEFENDER,63,45,465,2.12,15,texto,2003-08.pdf
2003-08,automoveis,sub_segmento,Suv's,6,KIA/SPORTAGE,39,56,401,1.83,15,texto,2003-08.pdf
2003-08,automoveis,sub_segmento,Suv's,7,NISSAN/XTERRA,130,157,395,1.80,15,texto,2003-08.pdf
2003-08,automoveis,sub_segmento,Suv's,8,GM/TRACKER,85,86,369,1.68,15,texto,2003-08.pdf
2003-08,automoveis,sub_segmento,Suv's,9,SUZUKI/GVITARA,2,11,232,1.06,15,texto,2003-08.pdf
2003-08,automoveis,sub_segmento,Suv's,10,BMW/X5,29,24,205,0.94,15,texto,2003-08.pdf
2003-08,automoveis,sub_segmento,Suv's,11,TOYOTA/RAV4,25,24,178,0.81,15,texto,2003-08.pdf
2003-08,automoveis,sub_segmento,Suv's,12,TOYOTA/HILUX SW4,4,7,158,0.72,15,texto,2003-08.pdf
2003-08,automoveis,sub_segmento,Suv's,13,MITSUBISHI/AIRTREK,43,48,137,0.63,15,texto,2003-08.pdf
2003-08,automoveis,sub_segmento,Suv's,14,HYUNDAI/PORTER,13,35,119,0.54,15,texto,2003-08.pdf
2003-08,automoveis,sub_segmento,Suv's,15,JEEP/CHEROKEE,14,18,116,0.53,15,texto,2003-08.pdf
2003-08,automoveis,sub_segmento,Suv's,16,NISSAN/PATHFINDER,12,9,97,0.44,15,texto,2003-08.pdf
2003-08,automoveis,sub_segmento,Suv's,17,TOYOTA/LAND CRUISE,41,27,95,0.43,15,texto,2003-08.pdf
2003-08,automoveis,sub_segmento,Suv's,18,LAND ROVER/DISCOVERY,16,23,78,0.36,15,texto,2003-08.pdf
2003-08,automoveis,sub_segmento,Suv's,19,VOLVO/XC90,7,12,45,0.21,15,texto,2003-08.pdf
2003-08,automoveis,sub_segmento,Suv's,20,CROSS LANDER/CROSS LANDER,5,4,37,0.17,15,texto,2003-08.pdf
2003-08,automoveis,sub_segmento,Suv's,21,SUZUKI/JIMNY,1,1,36,0.16,15,texto,2003-08.pdf
2003-08,automoveis,sub_segmento,Suv's,22,SUBARU/FORESTER,3,2,35,0.16,15,texto,2003-08.pdf
2003-08,automoveis,sub_segmento,Suv's,23,LAND ROVER/RANGE ROVER,7,1,33,0.15,15,texto,2003-08.pdf
2003-08,automoveis,sub_segmento,Suv's,24,PORSCHE/CAYENNE,4,3,31,0.14,15,texto,2003-08.pdf
2003-08,automoveis,sub_segmento,Suv's,25,HONDA/CRV,4,6,28,0.13,15,texto,2003-08.pdf
2003-08,automoveis,sub_segmento,Suv's,26,VOLVO/XC70,2,1,25,0.11,15,texto,2003-08.pdf
2003-08,automoveis,sub_segmento,Suv's,27,HYUNDAI/SANTAFE,2,4,16,0.07,15,texto,2003-08.pdf
2003-08,automoveis,sub_segmento,Suv's,28,SSANGYONG/MUSSO,1,1,12,0.05,15,texto,2003-08.pdf
2003-08,automoveis,sub_segmento,Suv's,29,GM/VERANEIO,0,1,5,0.02,15,texto,2003-08.pdf
2003-08,automoveis,sub_segmento,Suv's,30,SSANGYONG/REXTON,1,0,4,0.02,15,texto,2003-08.pdf
2003-08,automoveis,sub_segmento,Suv's,31,TOYOTA/BANDEIRANTE,0,1,4,0.02,15,texto,2003-08.pdf
2003-08,automoveis,sub_segmento,Suv's,32,GM/SUBURBAN,0,1,3,0.01,15,texto,2003-08.pdf
2003-08,automoveis,sub_segmento,Suv's,33,M.BENZ/CLASSE M,1,0,3,0.01,15,texto,2003-08.pdf
2003-08,automoveis,sub_segmento,Suv's,34,SSANGYONG/KORANDO,1,0,3,0.01,15,texto,2003-08.pdf
2003-08,automoveis,sub_segmento,Suv's,35,CHRYSLER/MRE CGPI,0,0,2,0.01,15,texto,2003-08.pdf
2003-08,automoveis,sub_segmento,Suv's,36,LEXUS/RX,0,0,2,0.01,15,texto,2003-08.pdf
2003-08,automoveis,sub_segmento,Suv's,37,LINCOLN/NAVIGATOR,0,0,2,0.01,15,texto,2003-08.pdf
2003-08,automoveis,sub_segmento,Suv's,38,M.BENZ/ML270,0,0,2,0.01,15,texto,2003-08.pdf
2003-08,automoveis,sub_segmento,Suv's,39,SUZUKI/VITARA,0,1,2,0.01,15,texto,2003-08.pdf
2003-08,automoveis,sub_segmento,Suv's,40,TOYOTA/LAND CRUISER,0,0,2,0.01,15,texto,2003-08.pdf
2003-08,comerciais_leves,sub_segmento,Pick-up's Pequenas,1,FIAT/STRADA,2198,1929,16386,52.02,17,texto,2003-08.pdf
2003-08,comerciais_leves,sub_segmento,Pick-up's Pequenas,2,VW/SAVEIRO,1110,1309,10929,34.70,17,texto,2003-08.pdf
2003-08,comerciais_leves,sub_segmento,Pick-up's Pequenas,3,FORD/COURIER,469,496,4161,13.21,17,texto,2003-08.pdf
2003-08,comerciais_leves,sub_segmento,Pick-up's Pequenas,4,FIAT/UNO,0,4,16,0.05,17,texto,2003-08.pdf
2003-08,comerciais_leves,sub_segmento,Pick-up's Pequenas,5,FORD/PAMPA,2,1,6,0.02,17,texto,2003-08.pdf
2003-08,comerciais_leves,sub_segmento,Pick-up's Pequenas,6,GM/CHEVY,0,1,2,0.01,17,texto,2003-08.pdf
2003-08,comerciais_leves,sub_segmento,Pick-up's Grandes,1,GM/S10,781,1129,8550,32.59,17,texto,2003-08.pdf
2003-08,comerciais_leves,sub_segmento,Pick-up's Grandes,2,MITSUBISHI/L200,534,809,5577,21.26,17,texto,2003-08.pdf
2003-08,comerciais_leves,sub_segmento,Pick-up's Grandes,3,NISSAN/FRONTIER,480,476,4248,16.19,17,texto,2003-08.pdf
2003-08,comerciais_leves,sub_segmento,Pick-up's Grandes,4,FORD/RANGER,427,505,3489,13.30,17,texto,2003-08.pdf
2003-08,comerciais_leves,sub_segmento,Pick-up's Grandes,5,TOYOTA/HILUX,484,525,3150,12.01,17,texto,2003-08.pdf
2003-08,comerciais_leves,sub_segmento,Pick-up's Grandes,6,FORD/F250,106,116,1196,4.56,17,texto,2003-08.pdf
2003-08,comerciais_leves,sub_segmento,Pick-up's Grandes,7,FORD/F1000,4,1,7,0.03,17,texto,2003-08.pdf
2003-08,comerciais_leves,sub_segmento,Pick-up's Grandes,8,GM/D20,1,2,7,0.03,17,texto,2003-08.pdf
2003-08,comerciais_leves,sub_segmento,Pick-up's Grandes,9,GM/A20,0,0,3,0.01,17,texto,2003-08.pdf
2003-08,comerciais_leves,sub_segmento,Pick-up's Grandes,10,GM/C20,0,0,3,0.01,17,texto,2003-08.pdf
2003-08,comerciais_leves,sub_segmento,Pick-up's Grandes,11,DODGE/DAKOTA,0,0,2,0.01,17,texto,2003-08.pdf
2003-08,comerciais_leves,sub_segmento,Furgões,1,VW/KOMBI,737,1006,7324,57.26,17,texto,2003-08.pdf
2003-08,comerciais_leves,sub_segmento,Furgões,2,FIAT/DUCATO,158,175,1780,13.92,17,texto,2003-08.pdf
2003-08,comerciais_leves,sub_segmento,Furgões,3,KIA/BESTA,42,46,958,7.49,17,texto,2003-08.pdf
2003-08,comerciais_leves,sub_segmento,Furgões,4,RENAULT/MASTER,103,148,793,6.20,17,texto,2003-08.pdf
2003-08,comerciais_leves,sub_segmento,Furgões,5,PEUGEOT/BOXER,97,129,773,6.04,17,texto,2003-08.pdf
2003-08,comerciais_leves,sub_segmento,Furgões,6,HYUNDAI/H100,72,80,583,4.56,17,texto,2003-08.pdf
2003-08,comerciais_leves,sub_segmento,Furgões,7,M.BENZ/SPRINTER,55,82,580,4.53,17,texto,2003-08.pdf
2003-08,comerciais_leves,sub_segmento,Furgões Pequenos,1,FIAT/FIORINO,592,596,4429,61.89,18,texto,2003-08.pdf
2003-08,comerciais_leves,sub_segmento,Furgões Pequenos,2,FIAT/DOBLO,96,115,1275,17.82,18,texto,2003-08.pdf
2003-08,comerciais_leves,sub_segmento,Furgões Pequenos,3,RENAULT/KANGOO,140,136,960,13.42,18,texto,2003-08.pdf
2003-08,comerciais_leves,sub_segmento,Furgões Pequenos,4,PEUGEOT/PARTNER,68,71,492,6.88,18,texto,2003-08.pdf
2003-08,comerciais_leves,ranking,,20,M.BENZ/SPRINTER 313,50,,,,6,texto,2003-08.pdf
2003-08,comerciais_leves,ranking,,21,CITROEN/JUMPER,42,,,,6,texto,2003-08.pdf
2003-08,comerciais_leves,ranking,,23,KIA/K2700,18,,,,6,texto,2003-08.pdf
2003-08,comerciais_leves,ranking,,24,IVECO/3510,10,,,,6,texto,2003-08.pdf
2003-08,comerciais_leves,ranking,,25,M.BENZ/SPRINTER 413,5,,,,6,texto,2003-08.pdf
2003-08,comerciais_leves,ranking,,26,TOYOTA/BANDEIRANTE,5,,,,6,texto,2003-08.pdf
2003-08,comerciais_leves,ranking,,28,HYUNDAI/H1STAREX,4,,,,6,texto,2003-08.pdf
2003-08,comerciais_leves,ranking,,29,RENAULT/TRAFFIC,4,,,,6,texto,2003-08.pdf
2003-08,comerciais_leves,ranking,,31,DODGE/RAM,1,,,,6,texto,2003-08.pdf
2003-08,comerciais_leves,ranking,,32,FORD/NOGUEIRA,1,,,,6,texto,2003-08.pdf
2003-08,comerciais_leves,ranking,,34,IVECO/4012,1,,,,6,texto,2003-08.pdf
2003-08,comerciais_leves,ranking,,35,NISSAN/NISSAN,1,,,,6,texto,2003-08.pdf
